{"actg320": {"R0": {"R0": 1.0, "R1": 1.0, "R2": 1.0, "R3": 0.8218390804597702}, "R1": {"R0": 1.0, "R1": 1.0, "R2": 1.0, "R3": 0.8218390804597702}, "R2": {"R0": 1.0, "R1": 1.0, "R2": 1.0, "R3": 0.8171428571428572}, "R3": {"R0": 0.8218390804597702, "R1": 0.8218390804597702, "R2": 0.8171428571428572, "R3": 1.0}}, "breast-cancer": {"R0": {"R0": 1.0, "R1": 0.8, "R2": 1.0, "R3": 0.35, "R4": 0.75, "R5": 0.75, "R6": 0.85, "R7": 0.6, "R8": 0.6, "R9": 0.7}, "R1": {"R0": 0.8, "R1": 1.0, "R2": 0.8, "R3": 0.55, "R4": 0.85, "R5": 0.85, "R6": 1.0, "R7": 0.6, "R8": 0.6, "R9": 0.85}, "R2": {"R0": 1.0, "R1": 0.8, "R2": 1.0, "R3": 0.35, "R4": 0.7142857142857143, "R5": 0.7142857142857143, "R6": 0.8095238095238095, "R7": 0.5714285714285714, "R8": 0.5714285714285714, "R9": 0.7}, "R3": {"R0": 0.35, "R1": 0.55, "R2": 0.35, "R3": 1.0, "R4": 0.5, "R5": 0.5, "R6": 0.55, "R7": 0.5, "R8": 0.5, "R9": 0.5}, "R4": {"R0": 0.75, "R1": 0.85, "R2": 0.7142857142857143, "R3": 0.5, "R4": 1.0, "R5": 1.0, "R6": 1.0, "R7": 0.5238095238095238, "R8": 0.5238095238095238, "R9": 0.9}, "R5": {"R0": 0.75, "R1": 0.85, "R2": 0.7142857142857143, "R3": 0.5, "R4": 1.0, "R5": 1.0, "R6": 1.0, "R7": 0.5238095238095238, "R8": 0.5238095238095238, "R9": 0.9}, "R6": {"R0": 0.85, "R1": 1.0, "R2": 0.8095238095238095, "R3": 0.55, "R4": 1.0, "R5": 1.0, "R6": 1.0, "R7": 0.5909090909090909, "R8": 0.5909090909090909, "R9": 1.0}, "R7": {"R0": 0.6, "R1": 0.6, "R2": 0.5714285714285714, "R3": 0.5, "R4": 0.5238095238095238, "R5": 0.5238095238095238, "R6": 0.5909090909090909, "R7": 1.0, "R8": 1.0, "R9": 0.5}, "R8": {"R0": 0.6, "R1": 0.6, "R2": 0.5714285714285714, "R3": 0.5, "R4": 0.5238095238095238, "R5": 0.5238095238095238, "R6": 0.5909090909090909, "R7": 1.0, "R8": 1.0, "R9": 0.5}, "R9": {"R0": 0.7, "R1": 0.85, "R2": 0.7, "R3": 0.5, "R4": 0.9, "R5": 0.9, "R6": 1.0, "R7": 0.5, "R8": 0.5, "R9": 1.0}}, "cancer": {"R0": {"R0": 1.0, "R1": 0.47058823529411764, "R2": 1.0, "R3": 0.2631578947368421}, "R1": {"R0": 0.47058823529411764, "R1": 1.0, "R2": 0.47058823529411764, "R3": 0.29411764705882354}, "R2": {"R0": 1.0, "R1": 0.47058823529411764, "R2": 1.0, "R3": 0.5}, "R3": {"R0": 0.2631578947368421, "R1": 0.29411764705882354, "R2": 0.5, "R3": 1.0}}, "carcinoma": {"R0": {"R0": 1.0, "R1": 1.0, "R2": 1.0, "R3": 1.0, "R4": 1.0, "R5": 1.0}, "R1": {"R0": 1.0, "R1": 1.0, "R2": 0.5833333333333334, "R3": 0.6428571428571429, "R4": 0.68, "R5": 0.7083333333333334}, "R2": {"R0": 1.0, "R1": 0.5833333333333334, "R2": 1.0, "R3": 0.6666666666666666, "R4": 0.5833333333333334, "R5": 0.4583333333333333}, "R3": {"R0": 1.0, "R1": 0.6428571428571429, "R2": 0.6666666666666666, "R3": 1.0, "R4": 0.8, "R5": 0.5833333333333334}, "R4": {"R0": 1.0, "R1": 0.68, "R2": 0.5833333333333334, "R3": 0.8, "R4": 1.0, "R5": 0.5}, "R5": {"R0": 1.0, "R1": 0.7083333333333334, "R2": 0.4583333333333333, "R3": 0.5833333333333334, "R4": 0.5, "R5": 1.0}}, "gbsg2": {"R0": {"R0": 1.0, "R1": 1.0, "R2": 1.0, "R3": 1.0, "R4": 0.32558139534883723, "R5": 0.2926829268292683}, "R1": {"R0": 1.0, "R1": 1.0, "R2": 0.5172413793103449, "R3": 0.6179775280898876, "R4": 0.2696629213483146, "R5": 0.2926829268292683}, "R2": {"R0": 1.0, "R1": 0.5172413793103449, "R2": 1.0, "R3": 0.632183908045977, "R4": 0.28735632183908044, "R5": 0.15853658536585366}, "R3": {"R0": 1.0, "R1": 0.6179775280898876, "R2": 0.632183908045977, "R3": 1.0, "R4": 0.2696629213483146, "R5": 0.17073170731707318}, "R4": {"R0": 0.32558139534883723, "R1": 0.2696629213483146, "R2": 0.28735632183908044, "R3": 0.2696629213483146, "R4": 1.0, "R5": 1.0}, "R5": {"R0": 0.2926829268292683, "R1": 0.2926829268292683, "R2": 0.15853658536585366, "R3": 0.17073170731707318, "R4": 1.0, "R5": 1.0}}, "lung": {"R0": {"R0": 1.0, "R1": 0.1671388101983003, "R2": 0.9459459459459459, "R3": 0.7978723404255319}, "R1": {"R0": 0.1671388101983003, "R1": 1.0, "R2": 0.0, "R3": 0.0}, "R2": {"R0": 0.9459459459459459, "R1": 0.0, "R2": 1.0, "R3": 1.0}, "R3": {"R0": 0.7978723404255319, "R1": 0.0, "R2": 1.0, "R3": 1.0}}, "melanoma": {"R0": {"R0": 1.0, "R1": 1.0, "R2": 1.0}, "R1": {"R0": 1.0, "R1": 1.0, "R2": 1.0}, "R2": {"R0": 1.0, "R1": 1.0, "R2": 1.0}}, "mgus2": {"R0": {"R0": 1.0, "R1": 0.0, "R2": 0.12987012987012986, "R3": 0.4087301587301587, "R4": 0.11507936507936507, "R5": 0.1388888888888889}, "R1": {"R0": 0.0, "R1": 1.0, "R2": 0.3246753246753247, "R3": 0.03717472118959108, "R4": 0.29056603773584905, "R5": 0.32452830188679244}, "R2": {"R0": 0.12987012987012986, "R1": 0.3246753246753247, "R2": 1.0, "R3": 0.0, "R4": 0.0, "R5": 1.0}, "R3": {"R0": 0.4087301587301587, "R1": 0.03717472118959108, "R2": 0.0, "R3": 1.0, "R4": 0.0, "R5": 0.0}, "R4": {"R0": 0.11507936507936507, "R1": 0.29056603773584905, "R2": 0.0, "R3": 0.0, "R4": 1.0, "R5": 0.0}, "R5": {"R0": 0.1388888888888889, "R1": 0.32452830188679244, "R2": 1.0, "R3": 0.0, "R4": 0.0, "R5": 1.0}}, "mgus": {"R0": {"R0": 1.0, "R1": 1.0, "R2": 1.0, "R3": 1.0}, "R1": {"R0": 1.0, "R1": 1.0, "R2": 1.0, "R3": 1.0}, "R2": {"R0": 1.0, "R1": 1.0, "R2": 1.0, "R3": 1.0}, "R3": {"R0": 1.0, "R1": 1.0, "R2": 1.0, "R3": 1.0}}, "pbc": {"R0": {"R0": 1.0, "R1": 0.7586206896551724, "R2": 0.7586206896551724, "R3": 0.7142857142857143, "R4": 0.6896551724137931, "R5": 0.8275862068965517, "R6": 1.0}, "R1": {"R0": 0.7586206896551724, "R1": 1.0, "R2": 1.0, "R3": 1.0, "R4": 0.875, "R5": 0.875, "R6": 0.6875}, "R2": {"R0": 0.7586206896551724, "R1": 1.0, "R2": 1.0, "R3": 1.0, "R4": 1.0, "R5": 0.7777777777777778, "R6": 0.7352941176470589}, "R3": {"R0": 0.7142857142857143, "R1": 1.0, "R2": 1.0, "R3": 1.0, "R4": 1.0, "R5": 1.0, "R6": 0.7142857142857143}, "R4": {"R0": 0.6896551724137931, "R1": 0.875, "R2": 1.0, "R3": 1.0, "R4": 1.0, "R5": 0.875, "R6": 0.71875}, "R5": {"R0": 0.8275862068965517, "R1": 0.875, "R2": 0.7777777777777778, "R3": 1.0, "R4": 0.875, "R5": 1.0, "R6": 0.7058823529411765}, "R6": {"R0": 1.0, "R1": 0.6875, "R2": 0.7352941176470589, "R3": 0.7142857142857143, "R4": 0.71875, "R5": 0.7058823529411765, "R6": 1.0}}, "ptc": {"R0": {"R0": 1.0, "R1": 1.0, "R2": 0.17647058823529413, "R3": 0.17647058823529413, "R4": 1.0, "R5": 1.0}, "R1": {"R0": 1.0, "R1": 1.0, "R2": 0.19444444444444445, "R3": 0.16666666666666666, "R4": 0.9444444444444444, "R5": 1.0}, "R2": {"R0": 0.17647058823529413, "R1": 0.19444444444444445, "R2": 1.0, "R3": 0.868421052631579, "R4": 0.15789473684210525, "R5": 0.18421052631578946}, "R3": {"R0": 0.17647058823529413, "R1": 0.16666666666666666, "R2": 0.868421052631579, "R3": 1.0, "R4": 0.1794871794871795, "R5": 0.175}, "R4": {"R0": 1.0, "R1": 0.9444444444444444, "R2": 0.15789473684210525, "R3": 0.1794871794871795, "R4": 1.0, "R5": 1.0}, "R5": {"R0": 1.0, "R1": 1.0, "R2": 0.18421052631578946, "R3": 0.175, "R4": 1.0, "R5": 1.0}}, "uis": {"R0": {"R0": 1.0, "R1": 1.0, "R2": 1.0, "R3": 0.85, "R4": 0.7619047619047619, "R5": 0.0, "R6": 0.0}, "R1": {"R0": 1.0, "R1": 1.0, "R2": 1.0, "R3": 1.0, "R4": 1.0, "R5": 0.0, "R6": 0.0}, "R2": {"R0": 1.0, "R1": 1.0, "R2": 1.0, "R3": 0.5666666666666667, "R4": 1.0, "R5": 0.0, "R6": 0.0}, "R3": {"R0": 0.85, "R1": 1.0, "R2": 0.5666666666666667, "R3": 1.0, "R4": 0.6833333333333333, "R5": 0.0, "R6": 0.0}, "R4": {"R0": 0.7619047619047619, "R1": 1.0, "R2": 1.0, "R3": 0.6833333333333333, "R4": 1.0, "R5": 0.0, "R6": 0.0}, "R5": {"R0": 0.0, "R1": 0.0, "R2": 0.0, "R3": 0.0, "R4": 0.0, "R5": 1.0, "R6": 1.0}, "R6": {"R0": 0.0, "R1": 0.0, "R2": 0.0, "R3": 0.0, "R4": 0.0, "R5": 1.0, "R6": 1.0}}, "veteran": {"R0": {"R0": 1.0, "R1": 1.0, "R2": 0.3333333333333333, "R3": 0.2857142857142857}, "R1": {"R0": 1.0, "R1": 1.0, "R2": 0.25, "R3": 0.2857142857142857}, "R2": {"R0": 0.3333333333333333, "R1": 0.25, "R2": 1.0, "R3": 1.0}, "R3": {"R0": 0.2857142857142857, "R1": 0.2857142857142857, "R2": 1.0, "R3": 1.0}}, "whas500": {"R0": {"R0": 1.0, "R1": 1.0, "R2": 0.98, "R3": 0.9803921568627451, "R4": 1.0, "R5": 0.875}, "R1": {"R0": 1.0, "R1": 1.0, "R2": 1.0, "R3": 1.0, "R4": 1.0, "R5": 0.8620689655172413}, "R2": {"R0": 0.98, "R1": 1.0, "R2": 1.0, "R3": 0.92, "R4": 0.9, "R5": 1.0}, "R3": {"R0": 0.9803921568627451, "R1": 1.0,