{"actg320": {"R0": {"R0": 1.0, "R1": 1.0, "R2": 0.9956033712805448, "R3": 0.9238290199091641}, "R1": {"R0": 1.0, "R1": 1.0, "R2": 0.9956033712805448, "R3": 0.9238290199091641}, "R2": {"R0": 0.9956033712805448, "R1": 0.9956033712805448, "R2": 1.0, "R3": 0.9281330163924028}, "R3": {"R0": 0.9238290199091641, "R1": 0.9238290199091641, "R2": 0.9281330163924028, "R3": 1.0}}, "breast-cancer": {"R0": {"R0": 1.0, "R1": 0.8229239934517774, "R2": 0.8217381055583519, "R3": 0.6322664716780745, "R4": 0.6404600946890915, "R5": 0.6404600946890915, "R6": 0.47867508847904594, "R7": 0.6163594877458898, "R8": 0.6163594877458898, "R9": 0.5943885889117388}, "R1": {"R0": 0.8229239934517774, "R1": 1.0, "R2": 0.9901356314924467, "R3": 0.7328058888812858, "R4": 0.7668373311986834, "R5": 0.7668373311986834, "R6": 0.5896971581667926, "R7": 0.7307298739795858, "R8": 0.7307298739795858, "R9": 0.7490377484591486}, "R2": {"R0": 0.8217381055583519, "R1": 0.9901356314924467, "R2": 1.0, "R3": 0.8268833910064318, "R4": 0.8284277682156475, "R5": 0.8284277682156475, "R6": 0.6546891844946898, "R7": 0.7960657774958046, "R8": 0.7960657774958046, "R9": 0.7641072119168559}, "R3": {"R0": 0.6322664716780745, "R1": 0.7328058888812858, "R2": 0.8268833910064318, "R3": 1.0, "R4": 0.9880281524380392, "R5": 0.9880281524380392, "R6": 0.7992060347741663, "R7": 0.9286939554546114, "R8": 0.9286939554546114, "R9": 0.9986049608197493}, "R4": {"R0": 0.6404600946890915, "R1": 0.7668373311986834, "R2": 0.8284277682156475, "R3": 0.9880281524380392, "R4": 1.0, "R5": 1.0, "R6": 0.8222208695987212, "R7": 0.9727121546796285, "R8": 0.9727121546796285, "R9": 0.9646484899272116}, "R5": {"R0": 0.6404600946890915, "R1": 0.7668373311986834, "R2": 0.8284277682156475, "R3": 0.9880281524380392, "R4": 1.0, "R5": 1.0, "R6": 0.8222208695987212, "R7": 0.9727121546796285, "R8": 0.9727121546796285, "R9": 0.9646484899272116}, "R6": {"R0": 0.47867508847904594, "R1": 0.5896971581667926, "R2": 0.6546891844946898, "R3": 0.7992060347741663, "R4": 0.8222208695987212, "R5": 0.8222208695987212, "R6": 1.0, "R7": 0.8530270195992532, "R8": 0.8530270195992532, "R9": 0.8636320073065279}, "R7": {"R0": 0.6163594877458898, "R1": 0.7307298739795858, "R2": 0.7960657774958046, "R3": 0.9286939554546114, "R4": 0.9727121546796285, "R5": 0.9727121546796285, "R6": 0.8530270195992532, "R7": 1.0, "R8": 1.0, "R9": 0.9551346844738474}, "R8": {"R0": 0.6163594877458898, "R1": 0.7307298739795858, "R2": 0.7960657774958046, "R3": 0.9286939554546114, "R4": 0.9727121546796285, "R5": 0.9727121546796285, "R6": 0.8530270195992532, "R7": 1.0, "R8": 1.0, "R9": 0.9551346844738474}, "R9": {"R0": 0.5943885889117388, "R1": 0.7490377484591486, "R2": 0.7641072119168559, "R3": 0.9986049608197493, "R4": 0.9646484899272116, "R5": 0.9646484899272116, "R6": 0.8636320073065279, "R7": 0.9551346844738474, "R8": 0.9551346844738474, "R9": 1.0}}, "cancer": {"R0": {"R0": 1.0, "R1": 0.8413170909972533, "R2": 0.3684191978480308, "R3": 0.6555958861649436}, "R1": {"R0": 0.8413170909972533, "R1": 1.0, "R2": 0.4809666450385436, "R3": 0.5994936929594868}, "R2": {"R0": 0.3684191978480308, "R1": 0.4809666450385436, "R2": 1.0, "R3": 0.8151921445976491}, "R3": {"R0": 0.6555958861649436, "R1": 0.5994936929594868, "R2": 0.8151921445976491, "R3": 1.0}}, "carcinoma": {"R0": {"R0": 1.0, "R1": 0.7203902240128623, "R2": 0.8555684424354391, "R3": 0.85637532574641, "R4": 0.762213540681658, "R5": 0.9632070893070055}, "R1": {"R0": 0.7203902240128623, "R1": 1.0, "R2": 0.880912380047804, "R3": 0.6005315715804405, "R4": 0.5362300012652343, "R5": 0.8210213422966769}, "R2": {"R0": 0.8555684424354391, "R1": 0.880912380047804, "R2": 1.0, "R3": 0.7186917052016639, "R4": 0.5957630510854437, "R5": 0.9796081076039611}, "R3": {"R0": 0.85637532574641, "R1": 0.6005315715804405, "R2": 0.7186917052016639, "R3": 1.0, "R4": 0.8341508565795963, "R5": 0.8387068892294167}, "R4": {"R0": 0.762213540681658, "R1": 0.5362300012652343, "R2": 0.5957630510854437, "R3": 0.8341508565795963, "R4": 1.0, "R5": 0.7992345393709945}, "R5": {"R0": 0.9632070893070055, "R1": 0.8210213422966769, "R2": 0.9796081076039611, "R3": 0.8387068892294167, "R4": 0.7992345393709945, "R5": 1.0}}, "gbsg2": {"R0": {"R0": 1.0, "R1": 0.6388129365741304, "R2": 0.8954282410705061, "R3": 0.4869874757751361, "R4": 0.3182253838845369, "R5": 0.38585275703625355}, "R1": {"R0": 0.6388129365741304, "R1": 1.0, "R2": 0.5804318896526812, "R3": 0.28364946288168047, "R4": 0.196264665761274, "R5": 0.22944922014744396}, "R2": {"R0": 0.8954282410705061, "R1": 0.5804318896526812, "R2": 1.0, "R3": 0.6226126067595967, "R4": 0.42788950005711635, "R5": 0.48577880833473075}, "R3": {"R0": 0.4869874757751361, "R1": 0.28364946288168047, "R2": 0.6226126067595967, "R3": 1.0, "R4": 0.8364638549910026, "R5": 0.8464832367262731}, "R4": {"R0": 0.3182253838845369, "R1": 0.196264665761274, "R2": 0.42788950005711635, "R3": 0.8364638549910026, "R4": 1.0, "R5": 0.9907642270805347}, "R5": {"R0": 0.38585275703625355, "R1": 0.22944922014744396, "R2": 0.48577880833473075, "R3": 0.8464832367262731, "R4": 0.9907642270805347, "R5": 1.0}}, "lung": {"R0": {"R0": 1.0, "R1": 0.0, "R2": 0.25815388352751756, "R3": 0.33982174712565294}, "R1": {"R0": 0.0, "R1": 1.0, "R2": 0.0, "R3": 0.0}, "R2": {"R0": 0.25815388352751756, "R1": 0.0, "R2": 1.0, "R3": 0.042767552458404356}, "R3": {"R0": 0.33982174712565294, "R1": 0.0, "R2": 0.042767552458404356, "R3": 1.0}}, "melanoma": {"R0": {"R0": 1.0, "R1": 0.8827057778211196, "R2": 0.5049808954480164}, "R1": {"R0": 0.8827057778211196, "R1": 1.0, "R2": 0.4664265996680951}, "R2": {"R0": 0.5049808954480164, "R1": 0.4664265996680951, "R2": 1.0}}, "mgus2": {"R0": {"R0": 1.0, "R1": 0.0, "R2": 0.0, "R3": 4.481668428590879e-07, "R4": 0.0, "R5": 0.0}, "R1": {"R0": 0.0, "R1": 1.0, "R2": 0.0, "R3": 0.0, "R4": 0.0007252235613722791, "R5": 0.0}, "R2": {"R0": 0.0, "R1": 0.0, "R2": 1.0, "R3": 0.0, "R4": 0.0, "R5": 0.18053438290562374}, "R3": {"R0": 4.481668428590879e-07, "R1": 0.0, "R2": 0.0, "R3": 1.0, "R4": 0.0, "R5": 0.0}, "R4": {"R0": 0.0, "R1": 0.0007252235613722791, "R2": 0.0, "R3": 0.0, "R4": 1.0, "R5": 0.0}, "R5": {"R0": 0.0, "R1": 0.0, "R2": 0.18053438290562374, "R3": 0.0, "R4": 0.0, "R5": 1.0}}, "mgus": {"R0": {"R0": 1.0, "R1": 0.9386975210963081, "R2": 0.6251468476285214, "R3": 0.6251468476285214}, "R1": {"R0": 0.9386975210963081, "R1": 1.0, "R2": 0.570733664652365, "R3": 0.570733664652365}, "R2": {"R0": 0.6251468476285214, "R1": 0.570733664652365, "R2": 1.0, "R3": 1.0}, "R3": {"R0": 0.6251468476285214, "R1": 0.570733664652365, "R2": 1.0, "R3": 1.0}}, "pbc": {"R0": {"R0": 1.0, "R1": 0.8374434571358305, "R2": 0.5876586042961178, "R3": 0.8994530608711205, "R4": 0.6224993529231044, "R5": 0.216843578405845, "R6": 0.5726805274104201}, "R1": {"R0": 0.8374434571358305, "R1": 1.0, "R2": 0.7268671347966986, "R3": 0.9045528579451441, "R4": 0.7949870977134332, "R5": 0.2599546680043101, "R6": 0.6998605637058823}, "R2": {"R0": 0.5876586042961178, "R1": 0.7268671347966986, "R2": 1.0, "R3": 0.6495829287419363, "R4": 0.9399525135086477, "R5": 0.4447429215863229, "R6": 0.9569022931407062}, "R3": {"R0": 0.8994530608711205, "R1": 0.9045528579451441, "R2": 0.6495829287419363, "R3": 1.0, "R4": 0.7152840422344382, "R5": 0.2606507019150347, "R6": 0.6536470056915439}, "R4": {"R0": 0.6224993529231044, "R1": 0.7949870977134332, "R2": 0.9399525135086477, "R3": 0.7152840422344382, "R4": 1.0, "R5": 0.46723942196370516, "R6": 0.9285284301141824}, "R5": {"R0": 0.216843578405845, "R1": 0.2599546680043101, "R2": 0.4447429215863229, "R3": 0.2606507019150347, "R4": 0.46723942196370516, "R5": 1.0, "R6": 0.5592214522596383}, "R6": {"R0": 0.5726805274104201, "R1": 0.6998605637058823, "R2": 0.9569022931407062, "R3": 0.6536470056915439, "R4": 0.9285284301141824, "R5": 0.5592214522596383, "R6": 1.0}}, "ptc": {"R0": {"R0": 1.0, "R1": 1.0, "R2": 0.9593538672865833, "R3": 0.9714435570717467, "R4": 0.8454655773418707, "R5": 0.8454655773418707}, "R1": {"R0": 1.0, "R1": 1.0, "R2": 0.9697252688210984, "R3": 0.9815446698947452,