{"actg320": {"R0": {"pval_logrank": 7.266238077896503e-08, "pval_ttest": 0.01920596408817251}, "R1": {"pval_logrank": 7.266238077896503e-08, "pval_ttest": 0.01920596408817251}, "R2": {"pval_logrank": 7.690182612929419e-08, "pval_ttest": 0.013392813118931902}, "R3": {"pval_logrank": 8.053335698310349e-08, "pval_ttest": 0.12745917233061788}}, "breast-cancer": {"R0": {"pval_logrank": 1.4105787204954368e-07, "pval_ttest": 0.000118344552684171}, "R1": {"pval_logrank": 3.423198439156394e-07, "pval_ttest": 0.00012665415790305936}, "R2": {"pval_logrank": 1.0789435967994976e-06, "pval_ttest": 0.0003003196919012092}, "R3": {"pval_logrank": 1.7527395252958655e-06, "pval_ttest": 0.0011028538351190282}, "R4": {"pval_logrank": 2.9815389643861323e-06, "pval_ttest": 0.0003214831054233189}, "R5": {"pval_logrank": 2.9815389643861323e-06, "pval_ttest": 0.0003214831054233189}, "R6": {"pval_logrank": 4.671564625913227e-06, "pval_ttest": 0.0004034643156507546}, "R7": {"pval_logrank": 5.245378778884202e-06, "pval_ttest": 0.0005190494161235639}, "R8": {"pval_logrank": 5.245378778884202e-06, "pval_ttest": 0.0005190494161235639}, "R9": {"pval_logrank": 7.587620589610822e-06, "pval_ttest": 0.0003187320976180119}}, "cancer": {"R0": {"pval_logrank": 0.0005018036558886996, "pval_ttest": 0.02337120042971417}, "R1": {"pval_logrank": 0.0009884972737995712, "pval_ttest": 0.03227795050344706}, "R2": {"pval_logrank": 0.0029150532577773003, "pval_ttest": 0.027368172340843534}, "R3": {"pval_logrank": 0.0041247682948492015, "pval_ttest": 0.017093795290504508}}, "carcinoma": {"R0": {"pval_logrank": 1.6295216831330173e-05, "pval_ttest": 0.000531223532190703}, "R1": {"pval_logrank": 2.0621825152722373e-05, "pval_ttest": 0.0012843311451884282}, "R2": {"pval_logrank": 0.00018864314148059336, "pval_ttest": 0.0028150743747560663}, "R3": {"pval_logrank": 0.00020232582868773274, "pval_ttest": 0.003117044858782973}, "R4": {"pval_logrank": 0.0007909487744106602, "pval_ttest": 0.011309224851135752}, "R5": {"pval_logrank": 0.0015045166325859949, "pval_ttest": 0.023067152045479884}}, "gbsg2": {"R0": {"pval_logrank": 1.2811385285971255e-10, "pval_ttest": 6.50559561397335e-07}, "R1": {"pval_logrank": 1.3363506967678518e-09, "pval_ttest": 9.376038958566285e-06}, "R2": {"pval_logrank": 1.580432400505316e-07, "pval_ttest": 0.00023047989260551084}, "R3": {"pval_logrank": 5.903857379085942e-06, "pval_ttest": 0.0015098458144857585}, "R4": {"pval_logrank": 8.34286162376685e-06, "pval_ttest": 5.740688619986326e-05}, "R5": {"pval_logrank": 0.0001664370556087036, "pval_ttest": 0.0007155702041639141}}, "lung": {"R0": {"pval_logrank": 0.0, "pval_ttest": 1.8911587639039106e-10}, "R1": {"pval_logrank": 0.0, "pval_ttest": 3.936626652517616e-10}, "R2": {"pval_logrank": 0.0, "pval_ttest": 5.3460089706175e-07}, "R3": {"pval_logrank": 0.0, "pval_ttest": 2.1543390908789796e-09}}, "melanoma": {"R0": {"pval_logrank": 9.188212932165207e-06, "pval_ttest": 0.0005981045867958775}, "R1": {"pval_logrank": 9.602288205401432e-05, "pval_ttest": 0.002638134888034309}, "R2": {"pval_logrank": 0.0004777217690820068, "pval_ttest": 0.006689266888150976}}, "mgus2": {"R0": {"pval_logrank": 0.0, "pval_ttest": 2.9184456523282553e-16}, "R1": {"pval_logrank": 0.0, "pval_ttest": 1.8499998215130642e-17}, "R2": {"pval_logrank": 0.0, "pval_ttest": 5.643799756063637e-46}, "R3": {"pval_logrank": 0.0, "pval_ttest": 2.368254163375857e-112}, "R4": {"pval_logrank": 0.0, "pval_ttest": 5.076174456292524e-24}, "R5": {"pval_logrank": 0.0, "pval_ttest": 4.840579413934205e-72}}, "mgus": {"R0": {"pval_logrank": 2.364634443807745e-08, "pval_ttest": 9.248541856570886e-06}, "R1": {"pval_logrank": 3.606256848698308e-08, "pval_ttest": 1.162903194585237e-05}, "R2": {"pval_logrank": 1.5107345130438432e-07, "pval_ttest": 6.06974467860342e-05}, "R3": {"pval_logrank": 1.5107345130438432e-07, "pval_ttest": 6.06974467860342e-05}}, "pbc": {"R0": {"pval_logrank": 0.0, "pval_ttest": 2.5763701061057204e-08}, "R1": {"pval_logrank": 0.0, "pval_ttest": 1.61780188086125e-07}, "R2": {"pval_logrank": 0.0, "pval_ttest": 9.58437692991762e-08}, "R3": {"pval_logrank": 0.0, "pval_ttest": 3.051860506579126e-07}, "R4": {"pval_logrank": 1.1102230246251565e-16, "pval_ttest": 1.8429167208367115e-07}, "R5": {"pval_logrank": 1.7763568394002505e-15, "pval_ttest": 4.4923058056421166e-07}, "R6": {"pval_logrank": 3.885780586188048e-15, "pval_ttest": 2.1297485305665197e-08}}, "ptc": {"R0": {"pval_logrank": 0.0020805670710074553, "pval_ttest": 0.04115124446143204}, "R1": {"pval_logrank": 0.002230933886420705, "pval_ttest": 0.02842405655528552}, "R2": {"pval_logrank": 0.002987543515246549, "pval_ttest": 0.06353054281057606}, "R3": {"pval_logrank": 0.004376204446868481, "pval_ttest": 0.12168793609190974}, "R4": {"pval_logrank": 0.004895941480135724, "pval_ttest": 0.024053599717503496}, "R5": {"pval_logrank": 0.005179431829058445, "pval_ttest": 0.016663971255841556}}, "uis": {"R0": {"pval_logrank": 0.0, "pval_ttest": 6.185449738336718e-10}, "R1": {"pval_logrank": 9.880984919163893e-15, "pval_ttest": 2.1191216721206692e-09}, "R2": {"pval_logrank": 1.6409096303959814e-13, "pval_ttest": 2.3857138184928926e-07}, "R3": {"pval_logrank": 3.679279103607769e-12, "pval_ttest": 6.204119280658679e-07}, "R4": {"pval_logrank": 6.799316665251354e-11, "pval_ttest": 5.006485336346968e-07}, "R5": {"pval_logrank": 4.2780046172197217e-10, "pval_ttest": 4.7281995515915686e-15}, "R6": {"pval_logrank": 1.1928649734649355e-08, "pval_ttest": 1.5412985418721278e-13}}, "veteran": {"R0": {"pval_logrank": 8.233102510857293e-08, "pval_ttest": 0.0065065444109328645}, "R1": {"pval_logrank": 1.737978565941045e-05, "pval_ttest": 0.02489396175320977}, "R2": {"pval_logrank": 0.003342139437519598, "pval_ttest": 0.04845285546651838}, "R3": {"pval_logrank": 0.0042676926279825445, "pval_ttest": 0.08493839562521727}}, "whas500": {"R0": {"pval_logrank": 0.0, "pval_ttest": 2.6708646629240455e-09}, "R1": {"pval_logrank": 0.0, "pval_ttest": 7.643646947863878e-10}, "R2": {"pval_logrank": 1.1102230246251565e-16, "pval_ttest": 4.953203820961577e-09}, "R3": {"pval_logrank": 1.5210055437364645e-14, "pval_ttest": 2.5582648749780573e-08}, "R4": {"pval_logrank": 5.81756864903582e-14, "pval_ttest": 4.734080411189438e-08}, "R5": {"pval_logrank": 6.039613253960852e-14, "pval_ttest": 2.4540336830674502e-08}}}