id,sg,baseline,fitness,pvalue,mean_sg,mean_pop,mean_cpm,size_sg,size_pop,size_cpm
R0,"(race={'0'}) & (los={'[3.00,34.80)'})",population,1.000000,0.000000,101.696629,241.565217,267.179012,89,575,486
R1,"(los={'[34.80,76.00)'})",population,0.999995,0.000005,165.884956,241.565217,260.075758,113,575,462
R2,"(los={'[173.00,400.00]'})",population,1.000000,0.000000,398.862069,241.565217,201.812636,116,575,459
R3,(ivhx={'3'}) & (race={'0'}),population,0.997292,0.002708,196.431373,241.565217,266.382749,204,575,371
R4,(site={'0'}) & (race={'0'}) & (treatment={'0'}),population,0.999709,0.000291,182.006711,241.565217,262.396714,149,575,426
R5,(site={'0'}) & (race={'1'}),population,0.994260,0.005740,302.790909,241.565217,227.081720,110,575,465
