id,sg,baseline,fitness,pvalue,mean_sg,mean_pop,mean_cpm,size_sg,size_pop,size_cpm
R0,(chf={'1'}),population,1.000000,0.000000,593.593548,882.436000,1012.205797,155,500,345
R1,"(hr={'[35.00,66.00)'})",population,0.990686,0.009314,979.659794,882.436000,859.034739,97,500,403
R2,"(mitype={'1'}) & (los={'[5.00,9.00)'})",population,0.999630,0.000370,1346.113208,882.436000,827.458613,53,500,447
R3,"(age={'[30.00,56.00)'})",population,1.000000,0.000000,1139.851064,882.436000,822.837438,94,500,406
R4,(chf={'0'}),population,0.999812,0.000188,1012.205797,882.436000,593.593548,345,500,155
