id,sg,baseline,fitness,pvalue,mean_sg,mean_pop,mean_cpm,size_sg,size_pop,size_cpm
R0,"(sb={'[0.00,0.00)'})",population,0.999997,0.000003,2546.272727,1979.166667,1713.712766,88,276,188
R1,"(sb={'[2.00,4.00]'}) & (ptb={'[10.00,10.00]'})",population,1.000000,0.000000,932.111111,1979.166667,2136.225000,36,276,240
R2,"(uc={'[152.00,588.00]'})",population,1.000000,0.000000,1370.087719,1979.166667,2137.694064,57,276,219
R3,(hist-stage={'4'}),population,0.999983,0.000017,1456.585106,1979.166667,2249.071429,94,276,182
R4,"(ptb={'[9.00,10.00)'}) & (edema={'0.0'}) & (sex={'female'}) & (albumin={'[3.00,3.00]'})",population,0.998074,0.001926,2266.821053,1979.166667,1828.187845,95,276,181
R5,(hp={'no'}) & (sex={'female'}) & (ascites={'no'}) & (spiders={'no'}),population,0.999996,0.000004,2437.000000,1979.166667,1731.067039,97,276,179
