id,sg,baseline,fitness,pvalue,mean_sg,mean_pop,mean_cpm,size_sg,size_pop,size_cpm
R0,"(chf={'1'}) & (age={'[83.00,104.00]'})",population,1.000000,0.000000,291.724138,882.436000,959.950226,58,500,442
R1,"(age={'[30.00,56.00)'})",population,1.000000,0.000000,1139.851064,882.436000,822.837438,94,500,406
R2,(chf={'1'}),population,1.000000,0.000000,593.593548,882.436000,1012.205797,155,500,345
R3,"(hr={'[35.00,66.00)', '[66.00,80.00)'})",population,0.999376,0.000624,1017.140704,882.436000,793.378738,199,500,301
R4,(av3={'0'}) & (afb={'0'}) & (chf={'0'}) & (sho={'0'}),population,0.999989,0.000011,1042.227891,882.436000,654.383495,294,500,206
