id,sg,baseline,fitness,pvalue,mean_sg,mean_pop,mean_cpm,size_sg,size_pop,size_cpm
R0,"(bmi={'[13.00,22.00)'})",population,1.000000,0.000000,603.815217,882.436000,945.262255,92,500,408
R1,"(chf={'1'}) & (age={'[83.00,104.00]'})",population,1.000000,0.000000,291.724138,882.436000,959.950226,58,500,442
R2,"(hr={'[106.00,186.00]'})",population,0.999967,0.000033,618.862745,882.436000,949.984925,102,500,398
R3,(mitype={'1'}) & (chf={'0'}),population,0.999980,0.000020,1151.522523,882.436000,805.652956,111,500,389
R4,"(hr={'[66.00,80.00)'})",population,0.988322,0.011678,1052.784314,882.436000,838.778894,102,500,398
R5,(chf={'0'}),population,0.999812,0.000188,1012.205797,882.436000,593.593548,345,500,155
R6,"(hr={'[35.00,66.00)'}) & (chf={'0'})",population,0.999988,0.000012,1156.219178,882.436000,835.629977,73,500,427
