id,sg,baseline,fitness,pvalue,mean_sg,mean_pop,mean_cpm,size_sg,size_pop,size_cpm
R0,"(pnodes={'[4.00,8.00]'})",population,1.000000,0.000000,834.720280,1124.489796,1200.801105,143,686,543
R1,"(progrec={'[0.00,3.00)', '[3.00,20.00)'})",population,0.999994,0.000006,932.557621,1124.489796,1248.302158,269,686,417
R2,"(age={'[45.00,50.00)'})",population,0.997745,0.002255,1251.131387,1124.489796,1092.887067,137,686,549
R3,"(pnodes={'[1.00,1.00)', '[1.00,2.00)'})",population,0.999981,0.000019,1274.896277,1124.489796,942.061290,376,686,310
R4,"(pnodes={'[2.00,4.00)'})",population,0.954377,0.045623,1033.976048,1124.489796,1153.614644,167,686,519
