id,sg,baseline,fitness,pvalue,mean_sg,mean_pop,mean_cpm,size_sg,size_pop,size_cpm
R0,"(cd4={'[0.00,17.00)'})",population,0.999994,0.000006,224.205240,230.183319,231.668113,229,1151,922
R1,(strat2={'0'}),population,0.999925,0.000075,226.936219,230.183319,232.185393,439,1151,712
R2,"(cd4={'[98.00,148.00)', '[148.00,392.00]'})",population,0.999996,0.000004,232.323974,230.183319,228.742733,463,1151,688
R3,(strat2={'1'}),population,0.999538,0.000462,232.185393,230.183319,226.936219,712,1151,439
