id,sg,baseline,fitness,pvalue,mean_sg,mean_pop,mean_cpm,size_sg,size_pop,size_cpm
R0,"(pat-karno={'[30.00,70.00)'})",population,0.997085,0.002915,220.000000,310.047619,329.623188,30,168,138
R1,"(age={'[71.00,82.00]'}) & (ph-ecog={'2.0'})",population,0.995875,0.004125,193.200000,310.047619,325.837838,20,168,148
R2,(sex={'2'}) & (ph-ecog={'0.0'}),population,0.986828,0.013172,329.315789,310.047619,307.590604,19,168,149
