id,sg,baseline,fitness,pvalue,mean_sg,mean_pop,mean_cpm,size_sg,size_pop,size_cpm
R0,"(cd4={'[0.00,17.00)'}) & (ivdrug={'1'})",population,0.999997,0.000003,220.628141,230.183319,232.180672,199,1151,952
R1,(strat2={'1'}),population,0.999538,0.000462,232.185393,230.183319,226.936219,712,1151,439
R2,(tx={'1'}) & (sex={'1'}),population,0.954315,0.045685,240.446581,230.183319,223.150805,468,1151,683
R3,(txgrp={'1'}) & (strat2={'0'}),population,1.000000,0.000000,217.351598,230.183319,233.198498,219,1151,932
