id,sg,baseline,fitness,pvalue,mean_sg,mean_pop,mean_cpm,size_sg,size_pop,size_cpm
R0,"(uc={'[152.00,588.00]'}) & (hist-stage={'4'})",population,1.000000,0.000000,917.071429,1979.166667,2099.080645,28,276,248
R1,"(sb={'[2.00,4.00]'}) & (hp={'yes'})",population,1.000000,0.000000,1084.408163,1979.166667,2172.308370,49,276,227
R2,(spiders={'yes'}),population,0.999850,0.000150,1526.237500,1979.166667,2164.035714,80,276,196
R3,"(age={'[21483.00,28650.00]'})",population,0.999861,0.000139,1524.285714,1979.166667,2094.954545,56,276,220
R4,"(uc={'[4.00,39.00)'})",population,0.999441,0.000559,2591.527273,1979.166667,1826.769231,55,276,221
R5,"(edema={'0.0'}) & (ptb={'[9.00,9.00)'})",population,0.974003,0.025997,1920.017544,1979.166667,1994.561644,57,276,219
R6,"(sb={'[0.00,0.00)'})",population,0.999997,0.000003,2546.272727,1979.166667,1713.712766,88,276,188
R7,"(ascites={'no'}) & (spiders={'no'}) & (sex={'female'}) & (albumin={'[3.00,3.00]'})",population,0.999683,0.000317,2308.423841,1979.166667,1581.424000,151,276,125
