id,sg,baseline,fitness,pvalue,mean_sg,mean_pop,mean_cpm,size_sg,size_pop,size_cpm
R0,"(bmi={'[13.00,22.00)'})",population,1.000000,0.000000,603.815217,882.436000,945.262255,92,500,408
R1,(chf={'1'}),population,1.000000,0.000000,593.593548,882.436000,1012.205797,155,500,345
R2,"(age={'[56.00,67.00)'})",population,0.999980,0.000020,1024.380000,882.436000,846.950000,100,500,400
R3,(mitype={'1'}) & (afb={'0'}) & (chf={'0'}) & (av3={'0'}) & (sho={'0'}),population,0.999997,0.000003,1190.393617,882.436000,811.135468,94,500,406
R4,(gender={'1'}) & (miord={'1'}),population,0.989215,0.010785,752.208333,882.436000,904.343458,72,500,428
R5,(sho={'0'}) & (av3={'0'}) & (chf={'0'}),population,0.999932,0.000068,1018.192771,882.436000,614.154762,332,500,168
