id,sg,baseline,fitness,pvalue,mean_sg,mean_pop,mean_cpm,size_sg,size_pop,size_cpm
R0,"(chf={'1'}) & (age={'[83.00,104.00]'})",population,1.000000,0.000000,291.724138,882.436000,959.950226,58,500,442
R1,(chf={'1'}),population,1.000000,0.000000,593.593548,882.436000,1012.205797,155,500,345
R2,"(bmi={'[13.00,22.00)'})",population,1.000000,0.000000,603.815217,882.436000,945.262255,92,500,408
R3,(mitype={'1'}) & (sho={'0'}),population,0.999736,0.000264,1117.680851,882.436000,790.041783,141,500,359
R4,"(bmi={'[30.00,44.00]'})",population,0.998068,0.001932,1039.741379,882.436000,834.916667,116,500,384
R5,(sho={'0'}) & (chf={'0'}) & (av3={'0'}),population,0.999932,0.000068,1018.192771,882.436000,614.154762,332,500,168
