id,sg,baseline,fitness,pvalue,mean_sg,mean_pop,mean_cpm,size_sg,size_pop,size_cpm
R0,"(pat-karno={'[30.00,70.00)'}) & (sex={'1'})",population,0.999498,0.000502,195.684211,310.047619,324.630872,19,168,149
R1,"(ph-karno={'[70.00,80.00)'}) & (sex={'1'})",population,0.999012,0.000988,196.294118,310.047619,322.854305,17,168,151
R2,(ph-ecog={'2.0'}),population,0.992019,0.007981,232.512821,310.047619,333.488372,39,168,129
R3,(sex={'2'}) & (ph-ecog={'0.0'}),population,0.986828,0.013172,329.315789,310.047619,307.590604,19,168,149
