id,sg,baseline,fitness,pvalue,mean_sg,mean_pop,mean_cpm,size_sg,size_pop,size_cpm
R0,"(cd4={'[0.00,17.00)'})",population,0.999994,0.000006,224.205240,230.183319,231.668113,229,1151,922
R1,"(cd4={'[98.00,148.00)'}) & (hemophil={'0'})",population,0.995992,0.004008,236.837838,230.183319,228.593111,222,1151,929
R2,(karnof={'100'}),population,0.990468,0.009532,229.888889,230.183319,230.337748,396,1151,755
R3,"(cd4={'[148.00,392.00]'})",population,0.999915,0.000085,228.713675,230.183319,230.558342,234,1151,917
R4,(tx={'1'}) & (strat2={'1'}),population,0.999561,0.000439,236.540845,230.183319,227.347990,355,1151,796
R5,(strat2={'0'}) & (txgrp={'1'}) & (sex={'1'}),population,1.000000,0.000000,219.153005,230.183319,232.268595,183,1151,968
