id,sg,baseline,fitness,pvalue,mean_sg,mean_pop,mean_cpm,size_sg,size_pop,size_cpm
R0,"(X211762_s_at={'[10.00,10.00)'}) & (X201664_at={'[9.00,9.00)'})",population,0.979406,0.020594,4892.882353,3935.316327,3734.345679,34,196,162
R1,"(size={'[1.00,2.00)'})",population,0.993725,0.006275,4526.034483,3935.316327,3687.043478,58,196,138
R2,"(X217771_at={'[10.00,11.00]'}) & (X217404_s_at={'[3.00,5.00)'})",population,0.968013,0.031987,4495.869565,3935.316327,3860.791908,23,196,173
R3,"(X204015_s_at={'[7.00,8.00)'})",population,0.995558,0.004442,2907.148148,3935.316327,4099.579882,27,196,169
R4,"(X201288_at={'[12.00,12.00]'}) & (X209835_x_at={'[10.00,10.00)'})",population,0.954050,0.045950,4387.661017,3935.316327,3740.510949,59,196,137
R5,"(X201663_s_at={'[9.00,9.00)'}) & (X221816_s_at={'[10.00,10.00)'})",population,0.998564,0.001436,2914.218750,3935.316327,4134.554878,32,196,164
R6,"(er={'negative'}) & (X217815_at={'[10.00,10.00]'})",population,0.971631,0.028369,3302.696429,3935.316327,4188.364286,56,196,140
R7,"(X217019_at={'[7.00,7.00]'}) & (X202418_at={'[10.00,10.00)'}) & (X214919_s_at={'[9.00,9.00]'})",population,0.992969,0.007031,4546.950820,3935.316327,3658.948148,61,196,135
