id,sg,baseline,fitness,pvalue,mean_sg,mean_pop,mean_cpm,size_sg,size_pop,size_cpm
R0,"(sb={'[2.00,4.00]'}) & (hist-stage={'4'})",population,1.000000,0.000000,859.411765,1979.166667,2136.487603,34,276,242
R1,(hist-stage={'4'}),population,0.999983,0.000017,1456.585106,1979.166667,2249.071429,94,276,182
R2,"(uc={'[152.00,588.00]'})",population,1.000000,0.000000,1370.087719,1979.166667,2137.694064,57,276,219
R3,"(spiders={'yes'}) & (ptb={'[10.00,10.00]'})",population,1.000000,0.000000,1283.204545,1979.166667,2111.159483,44,276,232
R4,(hp={'yes'}),population,0.997015,0.002985,1697.619718,1979.166667,2277.522388,142,276,134
R5,"(ptb={'[9.00,9.00)'})",population,0.956571,0.043429,1884.500000,1979.166667,2006.593458,62,276,214
R6,"(uc={'[4.00,39.00)'})",population,0.999441,0.000559,2591.527273,1979.166667,1826.769231,55,276,221
R7,(sex={'female'}) & (ascites={'no'}) & (hp={'no'}) & (spiders={'no'}),population,0.999996,0.000004,2437.000000,1979.166667,1731.067039,97,276,179
