id,sg,baseline,fitness,pvalue,mean_sg,mean_pop,mean_cpm,size_sg,size_pop,size_cpm
R0,"(los={'[34.80,76.00)'})",population,0.999995,0.000005,165.884956,241.565217,260.075758,113,575,462
R1,"(los={'[3.00,34.80)'})",population,1.000000,0.000000,120.043478,241.565217,271.945652,115,575,460
R2,(ivhx={'1'}),population,0.966958,0.033042,277.031390,241.565217,219.096591,223,575,352
R3,(race={'0'}) & (ivhx={'3'}),population,0.997292,0.002708,196.431373,241.565217,266.382749,204,575,371
