id,sg,baseline,fitness,pvalue,mean_sg,mean_pop,mean_cpm,size_sg,size_pop,size_cpm
R0,(condition={'2.0'}),population,0.999984,0.000016,322.279070,561.259067,629.766667,43,193,150
R1,(n-staging={'3'}) & (sex={'male'}) & (site={'1'}),population,0.998743,0.001257,305.850000,561.259067,590.786127,20,193,173
R2,(t-staging={'4'}) & (sex={'male'}),population,0.973631,0.026369,425.622642,561.259067,612.607143,53,193,140
R3,(treatment={'test'}) & (grade={'2.0'}) & (n-staging={'3'}),population,0.989112,0.010888,354.920000,561.259067,591.964286,25,193,168
R4,(condition={'1.0'}) & (sex={'female'}),population,0.966092,0.033908,781.392857,561.259067,523.903030,28,193,165
R5,(t-staging={'3'}) & (condition={'1.0'}),population,0.990918,0.009082,735.190476,561.259067,476.969231,63,193,130
