id,sg,baseline,fitness,pvalue,mean_sg,mean_pop,mean_cpm,size_sg,size_pop,size_cpm
R0,"(age={'[83.00,104.00]'}) & (chf={'1'})",population,1.000000,0.000000,291.724138,882.436000,959.950226,58,500,442
R1,(chf={'1'}),population,1.000000,0.000000,593.593548,882.436000,1012.205797,155,500,345
R2,"(age={'[30.00,56.00)'})",population,1.000000,0.000000,1139.851064,882.436000,822.837438,94,500,406
R3,"(hr={'[35.00,66.00)'}) & (chf={'0'})",population,0.999988,0.000012,1156.219178,882.436000,835.629977,73,500,427
R4,(chf={'0'}),population,0.999812,0.000188,1012.205797,882.436000,593.593548,345,500,155
