id,sg,baseline,fitness,pvalue,mean_sg,mean_pop,mean_cpm,size_sg,size_pop,size_cpm
R0,"(sb={'[2.00,4.00]'})",population,1.000000,0.000000,1170.919355,1979.166667,2213.331776,62,276,214
R1,"(sb={'[0.00,0.00)'})",population,0.999997,0.000003,2546.272727,1979.166667,1713.712766,88,276,188
R2,(spiders={'yes'}),population,0.999850,0.000150,1526.237500,1979.166667,2164.035714,80,276,196
R3,"(sb={'[1.00,2.00)'})",population,0.998371,0.001629,1585.785714,1979.166667,2079.300000,56,276,220
R4,(edema={'0.0'}) & (spiders={'no'}) & (hp={'no'}) & (ascites={'no'}),population,0.999959,0.000041,2453.603774,1979.166667,1683.341176,106,276,170
