id,sg,baseline,fitness,pvalue,mean_sg,mean_pop,mean_cpm,size_sg,size_pop,size_cpm
R0,"(X202240_at={'[6.00,7.00)'})",population,0.974525,0.025475,4778.021739,3935.316327,3676.886667,46,196,150
R1,"(X204015_s_at={'[7.00,8.00)'})",population,0.995558,0.004442,2907.148148,3935.316327,4099.579882,27,196,169
R2,"(X204631_at={'[5.00,5.00)'}) & (X217404_s_at={'[7.00,13.00]'})",population,0.979215,0.020785,3599.480000,3935.316327,3984.415205,25,196,171
R3,"(X202687_s_at={'[10.00,11.00]'}) & (X221916_at={'[6.00,6.00]'})",population,0.953471,0.046529,4258.843750,3935.316327,3872.189024,32,196,164
R4,"(size={'[1.00,2.00)'})",population,0.993725,0.006275,4526.034483,3935.316327,3687.043478,58,196,138
R5,"(er={'positive'}) & (X201288_at={'[12.00,12.00]'}) & (X209862_s_at={'[8.00,8.00]'})",population,0.971559,0.028441,4520.287879,3935.316327,3638.330769,66,196,130
R6,"(X211040_x_at={'[9.00,10.00]'}) & (X203306_s_at={'[9.00,9.00)'})",population,0.968051,0.031949,3464.309524,3935.316327,4063.772727,42,196,154
R7,"(X217815_at={'[10.00,10.00]'}) & (X221028_s_at={'[7.00,7.00]'}) & (X212567_s_at={'[8.00,8.00]'}) & (X217019_at={'[7.00,7.00]'}) & (X211762_s_at={'[10.00,11.00]'}) & (size={'[2.00,2.00]'})",population,0.999701,0.000299,2910.129032,3935.316327,4127.927273,31,196,165
