id,sg,baseline,fitness,pvalue,mean_sg,mean_pop,mean_cpm,size_sg,size_pop,size_cpm
R0,"(chf={'1'}) & (age={'[83.00,104.00]'})",population,1.000000,0.000000,291.724138,882.436000,959.950226,58,500,442
R1,"(bmi={'[13.00,22.00)'})",population,1.000000,0.000000,603.815217,882.436000,945.262255,92,500,408
R2,"(hr={'[106.00,186.00]'}) & (av3={'0'})",population,0.999983,0.000017,604.871287,882.436000,952.696742,101,500,399
R3,"(age={'[56.00,67.00)'})",population,0.999980,0.000020,1024.380000,882.436000,846.950000,100,500,400
R4,(sho={'0'}) & (chf={'0'}) & (afb={'0'}),population,0.999982,0.000018,1042.792642,882.436000,643.895522,299,500,201
