id,sg,baseline,fitness,pvalue,mean_sg,mean_pop,mean_cpm,size_sg,size_pop,size_cpm
R0,"(cd4={'[0.00,17.00)'})",population,0.999994,0.000006,224.205240,230.183319,231.668113,229,1151,922
R1,"(cd4={'[98.00,148.00)'}) & (hemophil={'0'})",population,0.995992,0.004008,236.837838,230.183319,228.593111,222,1151,929
R2,(hemophil={'0'}) & (strat2={'0'}),population,0.999930,0.000070,227.134752,230.183319,231.954670,423,1151,728
R3,(strat2={'1'}),population,0.999538,0.000462,232.185393,230.183319,226.936219,712,1151,439
