id,sg,baseline,fitness,pvalue,mean_sg,mean_pop,mean_cpm,size_sg,size_pop,size_cpm
R0,"(age={'[83.00,104.00]'}) & (chf={'1'})",population,1.000000,0.000000,291.724138,882.436000,959.950226,58,500,442
R1,"(age={'[30.00,56.00)'})",population,1.000000,0.000000,1139.851064,882.436000,822.837438,94,500,406
R2,(chf={'1'}),population,1.000000,0.000000,593.593548,882.436000,1012.205797,155,500,345
R3,"(bmi={'[13.00,22.00)'})",population,1.000000,0.000000,603.815217,882.436000,945.262255,92,500,408
R4,(mitype={'1'}) & (afb={'0'}) & (chf={'0'}) & (gender={'0'}),population,0.999995,0.000005,1222.173333,882.436000,822.482353,75,500,425
R5,(afb={'0'}) & (sho={'0'}) & (av3={'0'}) & (chf={'0'}),population,0.999989,0.000011,1042.227891,882.436000,654.383495,294,500,206
