id,sg,baseline,fitness,pvalue,mean_sg,mean_pop,mean_cpm,size_sg,size_pop,size_cpm
R0,"(sb={'[2.00,4.00]'}) & (hist-stage={'4'})",population,1.000000,0.000000,859.411765,1979.166667,2136.487603,34,276,242
R1,"(uc={'[152.00,588.00]'})",population,1.000000,0.000000,1370.087719,1979.166667,2137.694064,57,276,219
R2,"(sb={'[1.00,2.00)'})",population,0.998371,0.001629,1585.785714,1979.166667,2079.300000,56,276,220
R3,(spiders={'yes'}) & (hp={'yes'}),population,0.999878,0.000122,1498.389831,1979.166667,2109.884793,59,276,217
R4,(hist-stage={'2'}),population,0.992132,0.007868,2380.491525,1979.166667,1870.050691,59,276,217
R5,"(sb={'[0.00,1.00)'})",population,0.971423,0.028577,2296.814286,1979.166667,1871.228155,70,276,206
R6,"(albumin={'[3.00,3.00]'}) & (sb={'[0.00,0.00)'})",population,0.999998,0.000002,2601.214286,1979.166667,1707.020833,84,276,192
