id,sg,baseline,fitness,pvalue,mean_sg,mean_pop,mean_cpm,size_sg,size_pop,size_cpm
R0,"(sb={'[2.00,4.00]'})",population,1.000000,0.000000,1170.919355,1979.166667,2213.331776,62,276,214
R1,"(sb={'[0.00,0.00)'})",population,0.999997,0.000003,2546.272727,1979.166667,1713.712766,88,276,188
R2,"(age={'[21483.00,28650.00]'}) & (hist-stage={'4'})",population,1.000000,0.000000,1158.862069,1979.166667,2075.477733,29,276,247
R3,"(ptb={'[9.00,10.00)'})",population,0.984435,0.015565,2178.827586,1979.166667,1834.412500,116,276,160
R4,"(sb={'[1.00,2.00)'})",population,0.998371,0.001629,1585.785714,1979.166667,2079.300000,56,276,220
R5,"(sex={'female'}) & (albumin={'[3.00,3.00]'}) & (ascites={'no'}) & (spiders={'no'})",population,0.999683,0.000317,2308.423841,1979.166667,1581.424000,151,276,125
