id,sg,baseline,fitness,pvalue,mean_sg,mean_pop,mean_cpm,size_sg,size_pop,size_cpm
R0,"(los={'[34.80,76.00)'})",population,0.999995,0.000005,165.884956,241.565217,260.075758,113,575,462
R1,"(los={'[3.00,34.80)'})",population,1.000000,0.000000,120.043478,241.565217,271.945652,115,575,460
R2,"(ndrugtx={'[7.00,40.00]'}) & (site={'0'})",population,0.986131,0.013869,188.912088,241.565217,251.464876,91,575,484
R3,"(treatment={'0'}) & (ndrugtx={'[4.00,7.00)'})",population,0.996768,0.003232,177.115942,241.565217,250.353755,69,575,506
R4,(ivhx={'3'}),population,0.976643,0.023357,208.378601,241.565217,265.855422,243,575,332
R5,(site={'0'}) & (treatment={'0'}),population,0.962861,0.037139,209.131313,241.565217,258.599469,198,575,377
R6,(site={'0'}) & (race={'0'}),population,0.977793,0.022207,212.627586,241.565217,271.010526,290,575,285
R7,"(los={'[173.00,400.00]'})",population,1.000000,0.000000,398.862069,241.565217,201.812636,116,575,459
