id,sg,baseline,fitness,pvalue,mean_sg,mean_pop,mean_cpm,size_sg,size_pop,size_cpm
R0,(condition={'2.0'}),population,0.999984,0.000016,322.279070,561.259067,629.766667,43,193,150
R1,(grade={'2.0'}) & (n-staging={'3'}),population,0.982185,0.017815,436.551020,561.259067,603.694444,49,193,144
R2,(t-staging={'4'}),population,0.971832,0.028168,425.742424,561.259067,631.685039,66,193,127
R3,(n-staging={'3'}) & (site={'1'}),population,0.975345,0.024655,396.625000,561.259067,584.639053,24,193,169
R4,(t-staging={'3'}) & (condition={'1.0'}),population,0.990918,0.009082,735.190476,561.259067,476.969231,63,193,130
