id,sg,baseline,fitness,pvalue,mean_sg,mean_pop,mean_cpm,size_sg,size_pop,size_cpm
R0,"(los={'[3.00,34.80)'}) & (race={'0'})",population,1.000000,0.000000,101.696629,241.565217,267.179012,89,575,486
R1,"(los={'[34.80,76.00)'})",population,0.999995,0.000005,165.884956,241.565217,260.075758,113,575,462
R2,(site={'0'}) & (treatment={'0'}),population,0.962861,0.037139,209.131313,241.565217,258.599469,198,575,377
R3,(ivhx={'3'}),population,0.976643,0.023357,208.378601,241.565217,265.855422,243,575,332
R4,"(los={'[173.00,400.00]'})",population,1.000000,0.000000,398.862069,241.565217,201.812636,116,575,459
R5,(treatment={'1'}) & (ivhx={'1'}),population,0.991754,0.008246,304.486957,241.565217,225.834783,115,575,460
