id,sg,baseline,fitness,pvalue,mean_sg,mean_pop,mean_cpm,size_sg,size_pop,size_cpm
R0,"(age={'[74.00,87.00]'})",population,1.000000,0.000000,2673.717949,5390.130682,6163.416058,39,176,137
R1,"(age={'[34.00,53.00)'})",population,0.999933,0.000067,8671.933333,5390.130682,4715.787671,30,176,146
R2,"(age={'[66.00,74.00)'})",population,0.976049,0.023951,4311.789474,5390.130682,5687.065217,38,176,138
