id,sg,baseline,fitness,pvalue,mean_sg,mean_pop,mean_cpm,size_sg,size_pop,size_cpm
R0,"(karno={'[10.00,40.00)'})",population,1.000000,0.000000,28.318182,121.627737,139.478261,22,137,115
R1,"(cell-type={'adeno', 'small'})",population,0.997058,0.002942,68.946667,121.627737,185.354839,75,137,62
R2,"(cell-type={'small'}) & (mfd={'[1.00,3.00)'})",population,0.991611,0.008389,49.571429,121.627737,129.829268,14,137,123
R3,"(karno={'[80.00,99.00]'})",population,0.978387,0.021613,182.757576,121.627737,102.230769,33,137,104
R4,(cell-type={'aquamous'}),population,0.974849,0.025151,200.200000,121.627737,94.666667,35,137,102
