id,sg,baseline,fitness,pvalue,mean_sg,mean_pop,mean_cpm,size_sg,size_pop,size_cpm
R0,"(progrec={'[0.00,3.00)'})",population,0.999992,0.000008,877.813953,1124.489796,1181.619390,129,686,557
R1,"(pnodes={'[4.00,8.00]'})",population,1.000000,0.000000,834.720280,1124.489796,1200.801105,143,686,543
R2,(tgrade={'I'}),population,0.999712,0.000288,1331.790123,1124.489796,1096.735537,81,686,605
R3,"(tsize={'[3.00,20.00)'})",population,0.997828,0.002172,1311.481481,1124.489796,1078.675136,135,686,551
R4,"(horTh={'no'}) & (pnodes={'[2.00,4.00)'})",population,0.995955,0.004045,918.669903,1124.489796,1160.852487,103,686,583
R5,"(pnodes={'[1.00,1.00)', '[1.00,2.00)'})",population,0.999981,0.000019,1274.896277,1124.489796,942.061290,376,686,310
