id,sg,baseline,fitness,pvalue,mean_sg,mean_pop,mean_cpm,size_sg,size_pop,size_cpm
R0,"(age={'[83.00,104.00]'})",population,1.000000,0.000000,559.716814,882.436000,976.666667,113,500,387
R1,"(bmi={'[13.00,22.00)'})",population,1.000000,0.000000,603.815217,882.436000,945.262255,92,500,408
R2,"(hr={'[106.00,186.00]'})",population,0.999967,0.000033,618.862745,882.436000,949.984925,102,500,398
R3,(chf={'1'}),population,1.000000,0.000000,593.593548,882.436000,1012.205797,155,500,345
R4,"(age={'[56.00,67.00)'})",population,0.999980,0.000020,1024.380000,882.436000,846.950000,100,500,400
R5,(afb={'0'}) & (mitype={'1'}) & (chf={'0'}) & (sho={'0'}) & (av3={'0'}),population,0.999997,0.000003,1190.393617,882.436000,811.135468,94,500,406
R6,(chf={'0'}) & (afb={'0'}) & (sho={'0'}) & (av3={'0'}) & (gender={'0'}),population,0.999996,0.000004,1050.531250,882.436000,777.649351,192,500,308
