id,sg,baseline,fitness,pvalue,mean_sg,mean_pop,mean_cpm,size_sg,size_pop,size_cpm
R0,"(los={'[173.00,400.00]'})",population,1.000000,0.000000,398.862069,241.565217,201.812636,116,575,459
R1,"(los={'[34.80,76.00)'})",population,0.999995,0.000005,165.884956,241.565217,260.075758,113,575,462
R2,"(los={'[3.00,34.80)'})",population,1.000000,0.000000,120.043478,241.565217,271.945652,115,575,460
R3,"(treatment={'1'}) & (ndrugtx={'[2.00,4.00)'})",population,0.984931,0.015069,310.000000,241.565217,231.142285,76,575,499
R4,(race={'0'}) & (treatment={'0'}),population,0.989333,0.010667,201.623894,241.565217,267.429799,226,575,349
R5,(race={'1'}) & (site={'0'}),population,0.994260,0.005740,302.790909,241.565217,227.081720,110,575,465
