id,sg,baseline,fitness,pvalue,mean_sg,mean_pop,mean_cpm,size_sg,size_pop,size_cpm
R0,"(chf={'1'}) & (age={'[83.00,104.00]'})",population,1.000000,0.000000,291.724138,882.436000,959.950226,58,500,442
R1,"(bmi={'[13.00,22.00)'})",population,1.000000,0.000000,603.815217,882.436000,945.262255,92,500,408
R2,"(hr={'[66.00,80.00)'})",population,0.988322,0.011678,1052.784314,882.436000,838.778894,102,500,398
R3,"(age={'[30.00,56.00)'})",population,1.000000,0.000000,1139.851064,882.436000,822.837438,94,500,406
R4,(chf={'1'}),population,1.000000,0.000000,593.593548,882.436000,1012.205797,155,500,345
R5,(afb={'0'}) & (chf={'0'}) & (sho={'0'}) & (av3={'0'}),population,0.999989,0.000011,1042.227891,882.436000,654.383495,294,500,206
