id,sg,baseline,fitness,pvalue,mean_sg,mean_pop,mean_cpm,size_sg,size_pop,size_cpm
R0,"(pnodes={'[4.00,8.00]'})",population,1.000000,0.000000,834.720280,1124.489796,1200.801105,143,686,543
R1,"(tsize={'[3.00,20.00)'})",population,0.997828,0.002172,1311.481481,1124.489796,1078.675136,135,686,551
R2,"(progrec={'[0.00,3.00)', '[3.00,20.00)'})",population,0.999994,0.000006,932.557621,1124.489796,1248.302158,269,686,417
R3,(horTh={'yes'}),population,0.952762,0.047238,1240.321138,1124.489796,1059.729545,246,686,440
R4,"(pnodes={'[1.00,2.00)'})",population,0.999560,0.000440,1325.571429,1124.489796,1048.022133,189,686,497
