id,sg,baseline,fitness,pvalue,mean_sg,mean_pop,mean_cpm,size_sg,size_pop,size_cpm
R0,(karnof={'80'}),population,0.999845,0.000155,216.697802,230.183319,232.716202,182,1151,969
R1,(strat2={'0'}),population,0.999925,0.000075,226.936219,230.183319,232.185393,439,1151,712
R2,"(cd4={'[148.00,392.00]'})",population,0.999915,0.000085,228.713675,230.183319,230.558342,234,1151,917
R3,(strat2={'1'}),population,0.999538,0.000462,232.185393,230.183319,226.936219,712,1151,439
