id,sg,baseline,fitness,pvalue,mean_sg,mean_pop,mean_cpm,size_sg,size_pop,size_cpm
R0,(op={'0'}),population,1.000000,0.000000,800.710106,1145.351831,1392.180952,376,901,525
R1,(stage-1={'3.0'}),population,1.000000,0.000000,835.796339,1145.351831,1436.894397,437,901,464
R2,(stage-3={'1.0'}),population,0.994275,0.005725,982.836364,1145.351831,1181.785326,165,901,736
R3,(cell-type={'0.0'}),population,0.999844,0.000156,1284.885417,1145.351831,1079.796085,288,901,613
R4,(stage-2={'1.0'}),population,1.000000,0.000000,1415.917582,1145.351831,961.951583,364,901,537
