id,sg,baseline,fitness,pvalue,mean_sg,mean_pop,mean_cpm,size_sg,size_pop,size_cpm
R0,"(X204015_s_at={'[7.00,8.00)'})",population,0.995558,0.004442,2907.148148,3935.316327,4099.579882,27,196,169
R1,"(size={'[1.00,2.00)'})",population,0.993725,0.006275,4526.034483,3935.316327,3687.043478,58,196,138
R2,"(X212014_x_at={'[10.00,10.00]'}) & (X202240_at={'[6.00,7.00)'})",population,0.984722,0.015278,4760.060606,3935.316327,3768.343558,33,196,163
R3,"(X217771_at={'[10.00,11.00]'}) & (X217404_s_at={'[3.00,5.00)'})",population,0.968013,0.031987,4495.869565,3935.316327,3860.791908,23,196,173
R4,"(X202418_at={'[10.00,10.00)'}) & (er={'positive'})",population,0.951395,0.048605,4358.182796,3935.316327,3553.504854,93,196,103
R5,"(X203306_s_at={'[9.00,9.00)'}) & (X209500_x_at={'[9.00,10.00]'})",population,0.980074,0.019926,3243.285714,3935.316327,4085.757764,35,196,161
R6,"(X221916_at={'[6.00,6.00]'}) & (X217019_at={'[7.00,7.00]'}) & (X217815_at={'[10.00,10.00]'}) & (X217102_at={'[6.00,6.00)'})",population,0.984574,0.015426,4533.205882,3935.316327,3809.833333,34,196,162
R7,"(X221882_s_at={'[8.00,9.00]'}) & (X211762_s_at={'[10.00,11.00]'})",population,0.956144,0.043856,3630.079365,3935.316327,4079.902256,63,196,133
