id,sg,baseline,fitness,pvalue,mean_sg,mean_pop,mean_cpm,size_sg,size_pop,size_cpm
R0,"(sb={'[2.00,4.00]'})",population,1.000000,0.000000,1170.919355,1979.166667,2213.331776,62,276,214
R1,"(ptb={'[10.00,10.00]'})",population,0.999895,0.000105,1802.724490,1979.166667,2076.308989,98,276,178
R2,(hist-stage={'4'}),population,0.999983,0.000017,1456.585106,1979.166667,2249.071429,94,276,182
R3,"(uc={'[4.00,39.00)'})",population,0.999441,0.000559,2591.527273,1979.166667,1826.769231,55,276,221
R4,"(sb={'[0.00,0.00)'})",population,0.999997,0.000003,2546.272727,1979.166667,1713.712766,88,276,188
R5,(ascites={'no'}) & (hp={'no'}) & (sex={'female'}) & (spiders={'no'}),population,0.999996,0.000004,2437.000000,1979.166667,1731.067039,97,276,179
R6,"(ascites={'no'}) & (edema={'0.0'}) & (albumin={'[3.00,3.00]'})",population,0.956790,0.043210,2171.593607,1979.166667,1239.842105,219,276,57
