id,sg,baseline,fitness,pvalue,mean_sg,mean_pop,mean_cpm,size_sg,size_pop,size_cpm
R0,"(tumor-th={'[2.00,4.00]'})",population,0.999522,0.000478,1635.800000,2152.800000,2298.206250,45,205,160
R1,"(op-year={'[1972.00,1977.00]'}) & (sex={'woman'})",population,0.962750,0.037250,1739.000000,2152.800000,2272.515723,46,205,159
R2,(ulceration={'0'}),population,0.996824,0.003176,2414.965217,2152.800000,1817.811111,115,205,90
R3,(ulceration={'1'}),population,0.998865,0.001135,1817.811111,2152.800000,2414.965217,90,205,115
