id,sg,baseline,fitness,pvalue,mean_sg,mean_pop,mean_cpm,size_sg,size_pop,size_cpm
R0,"(X202240_at={'[6.00,7.00)'})",population,0.974525,0.025475,4778.021739,3935.316327,3676.886667,46,196,150
R1,"(X202239_at={'[10.00,10.00]'}) & (X211762_s_at={'[10.00,10.00)'})",population,0.973954,0.026046,4512.019608,3935.316327,3732.475862,51,196,145
R2,"(size={'[1.00,2.00)'})",population,0.993725,0.006275,4526.034483,3935.316327,3687.043478,58,196,138
R3,"(X201663_s_at={'[9.00,9.00)'}) & (X204218_at={'[8.00,9.00)'})",population,0.957494,0.042506,3299.000000,3935.316327,4028.345029,25,196,171
R4,"(X202418_at={'[10.00,10.00)'}) & (X216103_at={'[5.00,5.00)'})",population,0.965881,0.034119,4295.860000,3935.316327,3811.842466,50,196,146
R5,"(X221928_at={'[6.00,7.00]'}) & (X203391_at={'[10.00,10.00]'})",population,0.960262,0.039738,4267.079545,3935.316327,3664.990741,88,196,108
R6,"(X204768_s_at={'[8.00,8.00]'}) & (X203306_s_at={'[9.00,9.00)'})",population,0.957434,0.042566,3392.694444,3935.316327,4057.406250,36,196,160
R7,"(X204740_at={'[8.00,8.00]'}) & (X200726_at={'[11.00,11.00)'}) & (X210314_x_at={'[9.00,9.00)'}) & (X218430_s_at={'[6.00,6.00]'}) & (X209500_x_at={'[9.00,9.00)'})",population,0.962292,0.037708,4652.542857,3935.316327,3779.397516,35,196,161
R8,"(X201664_at={'[9.00,10.00]'}) & (X217815_at={'[10.00,10.00]'}) & (X218914_at={'[8.00,8.00)'}) & (X212567_s_at={'[8.00,8.00]'}) & (grade={'poorly-differentiated'})",population,0.998873,0.001127,2776.678571,3935.316327,4128.422619,28,196,168
