id,sg,baseline,fitness,pvalue,mean_sg,mean_pop,mean_cpm,size_sg,size_pop,size_cpm
R0,(stage-1={'3.0'}),population,1.000000,0.000000,835.796339,1145.351831,1436.894397,437,901,464
R1,(detec={'3'}),population,0.999985,0.000015,1025.460106,1145.351831,1231.217143,376,901,525
R2,(stage-3={'0.0'}),population,1.000000,0.000000,1395.277273,1145.351831,906.811280,440,901,461
