id,sg,baseline,fitness,pvalue,mean_sg,mean_pop,mean_cpm,size_sg,size_pop,size_cpm
R0,"(los={'[3.00,34.80)'})",population,1.000000,0.000000,120.043478,241.565217,271.945652,115,575,460
R1,"(los={'[173.00,400.00]'})",population,1.000000,0.000000,398.862069,241.565217,201.812636,116,575,459
R2,"(los={'[34.80,76.00)'})",population,0.999995,0.000005,165.884956,241.565217,260.075758,113,575,462
R3,(ivhx={'3'}) & (treatment={'0'}) & (race={'0'}),population,0.999502,0.000498,177.754386,241.565217,257.344902,114,575,461
R4,(ivhx={'1'}) & (treatment={'1'}),population,0.991754,0.008246,304.486957,241.565217,225.834783,115,575,460
R5,(site={'0'}) & (race={'0'}) & (treatment={'0'}),population,0.999709,0.000291,182.006711,241.565217,262.396714,149,575,426
