id,sg,baseline,fitness,pvalue,mean_sg,mean_pop,mean_cpm,size_sg,size_pop,size_cpm
R0,(chf={'1'}),population,1.000000,0.000000,593.593548,882.436000,1012.205797,155,500,345
R1,"(bmi={'[13.00,22.00)'})",population,1.000000,0.000000,603.815217,882.436000,945.262255,92,500,408
R2,(chf={'0'}),population,0.999812,0.000188,1012.205797,882.436000,593.593548,345,500,155
