id,sg,baseline,fitness,pvalue,mean_sg,mean_pop,mean_cpm,size_sg,size_pop,size_cpm
R0,"(pnodes={'[4.00,8.00]'})",population,1.000000,0.000000,834.720280,1124.489796,1200.801105,143,686,543
R1,"(progrec={'[0.00,3.00)'})",population,0.999992,0.000008,877.813953,1124.489796,1181.619390,129,686,557
R2,"(age={'[45.00,50.00)'})",population,0.997745,0.002255,1251.131387,1124.489796,1092.887067,137,686,549
R3,"(pnodes={'[2.00,4.00)'}) & (menostat={'Pre'})",population,0.984959,0.015041,976.708333,1124.489796,1141.819218,72,686,614
R4,"(tsize={'[3.00,20.00)'})",population,0.997828,0.002172,1311.481481,1124.489796,1078.675136,135,686,551
R5,"(pnodes={'[1.00,1.00)', '[1.00,2.00)'})",population,0.999981,0.000019,1274.896277,1124.489796,942.061290,376,686,310
