id,sg,baseline,fitness,pvalue,mean_sg,mean_pop,mean_cpm,size_sg,size_pop,size_cpm
R0,"(sb={'[2.00,4.00]'})",population,1.000000,0.000000,1170.919355,1979.166667,2213.331776,62,276,214
R1,"(sb={'[0.00,0.00)'})",population,0.999997,0.000003,2546.272727,1979.166667,1713.712766,88,276,188
R2,(hp={'yes'}) & (spiders={'yes'}),population,0.999878,0.000122,1498.389831,1979.166667,2109.884793,59,276,217
R3,"(sb={'[1.00,2.00)'})",population,0.998371,0.001629,1585.785714,1979.166667,2079.300000,56,276,220
R4,(hp={'no'}) & (sex={'female'}) & (edema={'0.0'}) & (spiders={'no'}),population,0.999990,0.000010,2448.400000,1979.166667,1732.883978,95,276,181
R5,"(sb={'[0.00,1.00)'}) & (ascites={'no'}) & (albumin={'[3.00,3.00]'})",population,0.995052,0.004948,2381.857143,1979.166667,1860.061033,63,276,213
