id,sg,baseline,fitness,pvalue,mean_sg,mean_pop,mean_cpm,size_sg,size_pop,size_cpm
R0,"(los={'[3.00,34.80)'}) & (race={'0'})",population,1.000000,0.000000,101.696629,241.565217,267.179012,89,575,486
R1,"(los={'[34.80,76.00)'})",population,0.999995,0.000005,165.884956,241.565217,260.075758,113,575,462
R2,"(ndrugtx={'[7.00,40.00]'}) & (site={'0'}) & (race={'0'})",population,0.997857,0.002143,172.972973,241.565217,251.696607,74,575,501
R3,(treatment={'0'}) & (ivhx={'3'}),population,0.997771,0.002229,187.265152,241.565217,257.744921,132,575,443
R4,"(los={'[173.00,400.00]'})",population,1.000000,0.000000,398.862069,241.565217,201.812636,116,575,459
R5,(site={'0'}) & (treatment={'0'}) & (race={'0'}),population,0.999709,0.000291,182.006711,241.565217,262.396714,149,575,426
R6,(treatment={'1'}) & (ivhx={'1'}),population,0.991754,0.008246,304.486957,241.565217,225.834783,115,575,460
