id,sg,baseline,fitness,pvalue,mean_sg,mean_pop,mean_cpm,size_sg,size_pop,size_cpm
R0,"(hist-stage={'4'}) & (sb={'[2.00,4.00]'})",population,1.000000,0.000000,859.411765,1979.166667,2136.487603,34,276,242
R1,"(uc={'[152.00,588.00]'})",population,1.000000,0.000000,1370.087719,1979.166667,2137.694064,57,276,219
R2,"(sb={'[0.00,0.00)'})",population,0.999997,0.000003,2546.272727,1979.166667,1713.712766,88,276,188
R3,(hist-stage={'4'}),population,0.999983,0.000017,1456.585106,1979.166667,2249.071429,94,276,182
R4,(hp={'yes'}),population,0.997015,0.002985,1697.619718,1979.166667,2277.522388,142,276,134
R5,"(sb={'[0.00,1.00)'}) & (edema={'0.0'})",population,0.992838,0.007162,2394.213115,1979.166667,1861.409302,61,276,215
