id,sg,baseline,fitness,pvalue,mean_sg,mean_pop,mean_cpm,size_sg,size_pop,size_cpm
R0,"(sb={'[2.00,4.00]'})",population,1.000000,0.000000,1170.919355,1979.166667,2213.331776,62,276,214
R1,"(uc={'[4.00,39.00)'})",population,0.999441,0.000559,2591.527273,1979.166667,1826.769231,55,276,221
R2,(spiders={'yes'}),population,0.999850,0.000150,1526.237500,1979.166667,2164.035714,80,276,196
R3,"(ptb={'[10.00,10.00]'})",population,0.999895,0.000105,1802.724490,1979.166667,2076.308989,98,276,178
R4,(spiders={'no'}) & (hp={'no'}) & (edema={'0.0'}),population,0.999944,0.000056,2459.551402,1979.166667,1675.017751,107,276,169
R5,"(edema={'0.0'}) & (spiders={'no'}) & (albumin={'[3.00,3.00]'})",population,0.994590,0.005410,2270.556213,1979.166667,1518.934579,169,276,107
