id,sg,baseline,fitness,pvalue,mean_sg,mean_pop,mean_cpm,size_sg,size_pop,size_cpm
R0,(hist-stage={'4'}),population,0.999983,0.000017,1456.585106,1979.166667,2249.071429,94,276,182
R1,"(hp={'yes'}) & (sb={'[2.00,4.00]'})",population,1.000000,0.000000,1084.408163,1979.166667,2172.308370,49,276,227
R2,"(spiders={'yes'}) & (ptb={'[10.00,10.00]'})",population,1.000000,0.000000,1283.204545,1979.166667,2111.159483,44,276,232
R3,"(sb={'[1.00,2.00)'})",population,0.998371,0.001629,1585.785714,1979.166667,2079.300000,56,276,220
R4,"(ptb={'[9.00,9.00)'})",population,0.956571,0.043429,1884.500000,1979.166667,2006.593458,62,276,214
R5,"(uc={'[4.00,39.00)'}) & (ascites={'no'})",population,0.999861,0.000139,2659.528302,1979.166667,1817.466368,53,276,223
R6,"(spiders={'no'}) & (sb={'[0.00,0.00)'})",population,0.999998,0.000002,2601.473684,1979.166667,1742.690000,76,276,200
