id,sg,baseline,fitness,pvalue,mean_sg,mean_pop,mean_cpm,size_sg,size_pop,size_cpm
R0,(chf={'1'}),population,1.000000,0.000000,593.593548,882.436000,1012.205797,155,500,345
R1,(mitype={'1'}) & (afb={'0'}),population,0.999677,0.000323,1102.684615,882.436000,805.051351,130,500,370
R2,"(age={'[76.00,83.00)'})",population,0.976963,0.023037,722.966667,882.436000,917.441463,90,500,410
R3,"(afb={'0'}) & (bmi={'[30.00,44.00]'})",population,0.998578,0.001422,1040.057143,882.436000,840.536709,105,500,395
R4,(miord={'1'}) & (mitype={'0'}) & (gender={'1'}),population,0.994060,0.005940,742.720588,882.436000,904.428241,68,500,432
R5,(av3={'0'}) & (chf={'0'}) & (sho={'0'}),population,0.999932,0.000068,1018.192771,882.436000,614.154762,332,500,168
