id,sg,baseline,fitness,pvalue,mean_sg,mean_pop,mean_cpm,size_sg,size_pop,size_cpm
R0,"(pat-karno={'[30.00,70.00)'}) & (sex={'1'})",population,0.999498,0.000502,195.684211,310.047619,324.630872,19,168,149
R1,(ph-ecog={'2.0'}),population,0.992019,0.007981,232.512821,310.047619,333.488372,39,168,129
R2,"(pat-karno={'[90.00,90.00]'}) & (sex={'2'})",population,0.974147,0.025853,349.966667,310.047619,301.369565,30,168,138
