id,sg,baseline,fitness,pvalue,mean_sg,mean_pop,mean_cpm,size_sg,size_pop,size_cpm
R0,"(X202240_at={'[6.00,7.00)'})",population,0.974525,0.025475,4778.021739,3935.316327,3676.886667,46,196,150
R1,"(X202687_s_at={'[10.00,11.00]'}) & (X217019_at={'[7.00,7.00]'})",population,0.996281,0.003719,4450.535714,3935.316327,3849.446429,28,196,168
R2,"(X204015_s_at={'[7.00,8.00)'})",population,0.995558,0.004442,2907.148148,3935.316327,4099.579882,27,196,169
R3,"(X203306_s_at={'[9.00,10.00]'}) & (X202418_at={'[10.00,10.00)'})",population,0.971488,0.028512,4478.411765,3935.316327,3646.796875,68,196,128
R4,"(X217102_at={'[6.00,6.00]'}) & (X201663_s_at={'[9.00,9.00)'})",population,0.998781,0.001219,2546.619048,3935.316327,4101.960000,21,196,175
R5,"(X217102_at={'[6.00,6.00]'}) & (X221882_s_at={'[8.00,9.00]'})",population,0.969293,0.030707,3500.078947,3935.316327,4039.993671,38,196,158
R6,"(X218914_at={'[8.00,8.00)'}) & (size={'[2.00,2.00]'})",population,0.964839,0.035161,3540.303797,3935.316327,4202.034188,79,196,117
