id,sg,baseline,fitness,pvalue,mean_sg,mean_pop,mean_cpm,size_sg,size_pop,size_cpm
R0,"(age={'[83.00,104.00]'})",population,1.000000,0.000000,559.716814,882.436000,976.666667,113,500,387
R1,"(bmi={'[13.00,22.00)'})",population,1.000000,0.000000,603.815217,882.436000,945.262255,92,500,408
R2,"(hr={'[106.00,186.00]'})",population,0.999967,0.000033,618.862745,882.436000,949.984925,102,500,398
R3,"(age={'[30.00,56.00)'})",population,1.000000,0.000000,1139.851064,882.436000,822.837438,94,500,406
R4,"(chf={'0'}) & (age={'[56.00,67.00)'})",population,0.999997,0.000003,1043.037037,882.436000,851.389021,81,500,419
R5,(chf={'0'}),population,0.999812,0.000188,1012.205797,882.436000,593.593548,345,500,155
