id,sg,baseline,fitness,pvalue,mean_sg,mean_pop,mean_cpm,size_sg,size_pop,size_cpm
R0,"(los={'[3.00,34.80)'})",population,1.000000,0.000000,120.043478,241.565217,271.945652,115,575,460
R1,"(los={'[173.00,400.00]'})",population,1.000000,0.000000,398.862069,241.565217,201.812636,116,575,459
R2,"(beck={'[25.00,54.00]'}) & (ivhx={'3'})",population,0.998758,0.001242,170.970149,241.565217,250.875984,67,575,508
R3,"(los={'[34.80,76.00)'})",population,0.999995,0.000005,165.884956,241.565217,260.075758,113,575,462
R4,(ivhx={'1'}),population,0.966958,0.033042,277.031390,241.565217,219.096591,223,575,352
R5,(treatment={'0'}) & (race={'0'}) & (site={'0'}),population,0.999709,0.000291,182.006711,241.565217,262.396714,149,575,426
