id,sg,baseline,fitness,pvalue,mean_sg,mean_pop,mean_cpm,size_sg,size_pop,size_cpm
R0,"(sb={'[2.00,4.00]'}) & (hist-stage={'4'})",population,1.000000,0.000000,859.411765,1979.166667,2136.487603,34,276,242
R1,"(uc={'[4.00,39.00)'})",population,0.999441,0.000559,2591.527273,1979.166667,1826.769231,55,276,221
R2,"(uc={'[152.00,588.00]'})",population,1.000000,0.000000,1370.087719,1979.166667,2137.694064,57,276,219
R3,"(sb={'[1.00,2.00)'})",population,0.998371,0.001629,1585.785714,1979.166667,2079.300000,56,276,220
R4,(hp={'yes'}),population,0.997015,0.002985,1697.619718,1979.166667,2277.522388,142,276,134
R5,"(sb={'[0.00,0.00)'}) & (spiders={'no'})",population,0.999998,0.000002,2601.473684,1979.166667,1742.690000,76,276,200
R6,(edema={'0.0'}) & (hp={'no'}),population,0.999745,0.000255,2365.073171,1979.166667,1668.928105,123,276,153
