id,sg,baseline,fitness,pvalue,mean_sg,mean_pop,mean_cpm,size_sg,size_pop,size_cpm
R0,(chf={'1'}),population,1.000000,0.000000,593.593548,882.436000,1012.205797,155,500,345
R1,"(bmi={'[13.00,22.00)'})",population,1.000000,0.000000,603.815217,882.436000,945.262255,92,500,408
R2,"(age={'[30.00,56.00)', '[56.00,67.00)'})",population,1.000000,0.000000,1080.329897,882.436000,756.973856,194,500,306
R3,(av3={'0'}) & (chf={'0'}) & (afb={'0'}),population,0.999981,0.000019,1039.273333,882.436000,647.180000,300,500,200
