id,sg,baseline,fitness,pvalue,mean_sg,mean_pop,mean_cpm,size_sg,size_pop,size_cpm
R0,"(pat-karno={'[30.00,70.00)'}) & (sex={'1'})",population,0.999498,0.000502,195.684211,310.047619,324.630872,19,168,149
R1,(sex={'1'}) & (ph-ecog={'2.0'}),population,0.995627,0.004373,212.347826,310.047619,325.544828,23,168,145
R2,(sex={'2'}) & (ph-ecog={'0.0'}),population,0.986828,0.013172,329.315789,310.047619,307.590604,19,168,149
R3,"(sex={'1'}) & (age={'[71.00,82.00]'})",population,0.988089,0.011911,229.000000,310.047619,322.903448,23,168,145
