id,sg,baseline,fitness,pvalue,mean_sg,mean_pop,mean_cpm,size_sg,size_pop,size_cpm
R0,(condition={'2.0'}),population,0.999984,0.000016,322.279070,561.259067,629.766667,43,193,150
R1,(site={'1'}) & (n-staging={'3'}) & (sex={'male'}),population,0.998743,0.001257,305.850000,561.259067,590.786127,20,193,173
R2,(t-staging={'4'}),population,0.971832,0.028168,425.742424,561.259067,631.685039,66,193,127
R3,(n-staging={'3'}) & (treatment={'test'}) & (grade={'2.0'}),population,0.989112,0.010888,354.920000,561.259067,591.964286,25,193,168
R4,(t-staging={'3'}) & (condition={'1.0'}),population,0.990918,0.009082,735.190476,561.259067,476.969231,63,193,130
R5,(t-staging={'2'}) & (condition={'1.0'}),population,0.965571,0.034429,831.954545,561.259067,526.432749,22,193,171
