id,sg,baseline,fitness,pvalue,mean_sg,mean_pop,mean_cpm,size_sg,size_pop,size_cpm
R0,"(age={'[83.00,104.00]'})",population,1.000000,0.000000,559.716814,882.436000,976.666667,113,500,387
R1,(chf={'1'}),population,1.000000,0.000000,593.593548,882.436000,1012.205797,155,500,345
R2,"(age={'[30.00,56.00)', '[56.00,67.00)'})",population,1.000000,0.000000,1080.329897,882.436000,756.973856,194,500,306
R3,"(age={'[76.00,83.00)'}) & (mitype={'0'}) & (afb={'0'})",population,0.990522,0.009478,695.728814,882.436000,907.414966,59,500,441
R4,(av3={'0'}) & (sho={'0'}) & (afb={'0'}) & (chf={'0'}),population,0.999989,0.000011,1042.227891,882.436000,654.383495,294,500,206
