id,sg,baseline,fitness,pvalue,mean_sg,mean_pop,mean_cpm,size_sg,size_pop,size_cpm
R0,"(sb={'[2.00,4.00]'}) & (hp={'yes'}) & (sex={'female'})",population,1.000000,0.000000,1049.292683,1979.166667,2141.400000,41,276,235
R1,"(age={'[21483.00,28650.00]'})",population,0.999861,0.000139,1524.285714,1979.166667,2094.954545,56,276,220
R2,"(hist-stage={'4'}) & (ptb={'[10.00,10.00]'})",population,1.000000,0.000000,1291.181818,1979.166667,2150.384615,55,276,221
R3,(spiders={'yes'}) & (hp={'yes'}),population,0.999878,0.000122,1498.389831,1979.166667,2109.884793,59,276,217
R4,(sex={'female'}) & (hist-stage={'2'}),population,0.997349,0.002651,2374.320755,1979.166667,1885.251121,53,276,223
R5,"(sb={'[0.00,0.00)'})",population,0.999997,0.000003,2546.272727,1979.166667,1713.712766,88,276,188
R6,"(hp={'no'}) & (sex={'female'}) & (albumin={'[3.00,3.00]'}) & (spiders={'no'})",population,0.999991,0.000009,2440.187500,1979.166667,1733.288889,96,276,180
