id,sg,baseline,fitness,pvalue,mean_sg,mean_pop,mean_cpm,size_sg,size_pop,size_cpm
R0,"(X204015_s_at={'[7.00,8.00)'})",population,0.995558,0.004442,2907.148148,3935.316327,4099.579882,27,196,169
R1,"(X203306_s_at={'[9.00,10.00]'}) & (X201663_s_at={'[8.00,9.00)'})",population,0.966663,0.033337,4974.461538,3935.316327,3776.388235,26,196,170
R2,"(size={'[1.00,2.00)'})",population,0.993725,0.006275,4526.034483,3935.316327,3687.043478,58,196,138
R3,"(X202687_s_at={'[9.00,10.00)'}) & (X201068_s_at={'[11.00,11.00)'})",population,0.982796,0.017204,3392.275862,3935.316327,4029.616766,29,196,167
R4,"(X203306_s_at={'[9.00,10.00]'}) & (X219340_s_at={'[6.00,7.00]'}) & (er={'positive'})",population,0.982406,0.017594,4743.567568,3935.316327,3747.232704,37,196,159
R5,"(X211762_s_at={'[10.00,11.00]'}) & (X204631_at={'[5.00,5.00)'})",population,0.985056,0.014944,3507.369565,3935.316327,4066.553333,46,196,150
R6,"(X209500_x_at={'[9.00,9.00)'}) & (X208180_s_at={'[7.00,8.00]'}) & (X201664_at={'[9.00,10.00]'})",population,0.996183,0.003817,3277.333333,3935.316327,4027.127907,24,196,172
R7,"(X209500_x_at={'[9.00,10.00]'}) & (X211762_s_at={'[10.00,11.00]'})",population,0.980908,0.019092,3594.571429,3935.316327,4028.246753,42,196,154
R8,"(size={'[2.00,2.00]'}) & (X220886_at={'[6.00,6.00)'}) & (X216693_x_at={'[9.00,9.00]'})",population,0.982177,0.017823,3452.729730,3935.316327,4047.616352,37,196,159
