id,sg,baseline,fitness,pvalue,mean_sg,mean_pop,mean_cpm,size_sg,size_pop,size_cpm
R0,"(age={'[83.00,104.00]'}) & (chf={'1'})",population,1.000000,0.000000,291.724138,882.436000,959.950226,58,500,442
R1,"(bmi={'[13.00,22.00)'})",population,1.000000,0.000000,603.815217,882.436000,945.262255,92,500,408
R2,"(age={'[30.00,56.00)'})",population,1.000000,0.000000,1139.851064,882.436000,822.837438,94,500,406
R3,(chf={'1'}),population,1.000000,0.000000,593.593548,882.436000,1012.205797,155,500,345
R4,(mitype={'1'}) & (afb={'0'}) & (chf={'0'}) & (av3={'0'}),population,0.999996,0.000004,1187.360825,882.436000,809.042184,97,500,403
R5,(gender={'1'}) & (miord={'1'}),population,0.989215,0.010785,752.208333,882.436000,904.343458,72,500,428
R6,(afb={'0'}) & (gender={'0'}) & (av3={'0'}) & (chf={'0'}),population,0.999992,0.000008,1044.979487,882.436000,778.514754,195,500,305
R7,(av3={'0'}) & (miord={'0'}) & (sho={'0'}) & (chf={'0'}),population,0.999942,0.000058,1013.626087,882.436000,770.681481,230,500,270
