id,sg,baseline,fitness,pvalue,mean_sg,mean_pop,mean_cpm,size_sg,size_pop,size_cpm
R0,(stage-1={'3.0'}),population,1.000000,0.000000,835.796339,1145.351831,1436.894397,437,901,464
R1,(stage-3={'1.0'}),population,0.994275,0.005725,982.836364,1145.351831,1181.785326,165,901,736
R2,(stage-2={'2.0'}),population,0.993699,0.006301,1046.882834,1145.351831,1213.026217,367,901,534
R3,(op={'1'}),population,1.000000,0.000000,1392.180952,1145.351831,800.710106,525,901,376
