id,sg,baseline,fitness,pvalue,mean_sg,mean_pop,mean_cpm,size_sg,size_pop,size_cpm
R0,"(sb={'[2.00,4.00]'})",population,1.000000,0.000000,1170.919355,1979.166667,2213.331776,62,276,214
R1,"(hist-stage={'4'}) & (ptb={'[10.00,10.00]'})",population,1.000000,0.000000,1291.181818,1979.166667,2150.384615,55,276,221
R2,"(ptb={'[10.00,10.00]'})",population,0.999895,0.000105,1802.724490,1979.166667,2076.308989,98,276,178
R3,"(sb={'[1.00,2.00)'})",population,0.998371,0.001629,1585.785714,1979.166667,2079.300000,56,276,220
R4,"(uc={'[4.00,39.00)'})",population,0.999441,0.000559,2591.527273,1979.166667,1826.769231,55,276,221
R5,"(ptb={'[9.00,9.00)'}) & (sex={'female'})",population,0.992261,0.007739,1900.000000,1979.166667,2000.229358,58,276,218
R6,(hp={'no'}) & (ascites={'no'}) & (sex={'female'}) & (edema={'0.0'}),population,0.999953,0.000047,2338.545455,1979.166667,1741.024096,110,276,166
