id,sg,baseline,fitness,pvalue,mean_sg,mean_pop,mean_cpm,size_sg,size_pop,size_cpm
R0,(stage-1={'3.0'}),population,1.000000,0.000000,835.796339,1145.351831,1436.894397,437,901,464
R1,(stage-4={'0.0'}),population,0.999106,0.000894,1240.874302,1145.351831,775.654054,716,901,185
