id,sg,baseline,fitness,pvalue,mean_sg,mean_pop,mean_cpm,size_sg,size_pop,size_cpm
R0,"(pnodes={'[4.00,8.00]'})",population,1.000000,0.000000,834.720280,1124.489796,1200.801105,143,686,543
R1,"(progrec={'[0.00,3.00)'})",population,0.999992,0.000008,877.813953,1124.489796,1181.619390,129,686,557
R2,"(age={'[45.00,50.00)'}) & (horTh={'no'})",population,0.997938,0.002062,1205.047170,1124.489796,1109.767241,106,686,580
R3,"(horTh={'no'}) & (pnodes={'[2.00,4.00)'})",population,0.995955,0.004045,918.669903,1124.489796,1160.852487,103,686,583
R4,"(pnodes={'[1.00,1.00)', '[1.00,2.00)'})",population,0.999981,0.000019,1274.896277,1124.489796,942.061290,376,686,310
