id,sg,baseline,fitness,pvalue,mean_sg,mean_pop,mean_cpm,size_sg,size_pop,size_cpm
R0,"(sb={'[2.00,4.00]'})",population,1.000000,0.000000,1170.919355,1979.166667,2213.331776,62,276,214
R1,"(sb={'[0.00,0.00)'})",population,0.999997,0.000003,2546.272727,1979.166667,1713.712766,88,276,188
R2,"(age={'[21483.00,28650.00]'}) & (hp={'yes'})",population,0.999982,0.000018,1227.193548,1979.166667,2074.314286,31,276,245
R3,(hist-stage={'4'}),population,0.999983,0.000017,1456.585106,1979.166667,2249.071429,94,276,182
R4,(hp={'no'}) & (edema={'0.0'}),population,0.999745,0.000255,2365.073171,1979.166667,1668.928105,123,276,153
