id,sg,baseline,fitness,pvalue,mean_sg,mean_pop,mean_cpm,size_sg,size_pop,size_cpm
R0,"(sb={'[2.00,4.00]'}) & (hist-stage={'4'})",population,1.000000,0.000000,859.411765,1979.166667,2136.487603,34,276,242
R1,"(age={'[21483.00,28650.00]'})",population,0.999861,0.000139,1524.285714,1979.166667,2094.954545,56,276,220
R2,"(uc={'[152.00,588.00]'})",population,1.000000,0.000000,1370.087719,1979.166667,2137.694064,57,276,219
R3,"(ptb={'[10.00,10.00]'})",population,0.999895,0.000105,1802.724490,1979.166667,2076.308989,98,276,178
R4,"(uc={'[4.00,39.00)'})",population,0.999441,0.000559,2591.527273,1979.166667,1826.769231,55,276,221
R5,(sex={'female'}) & (spiders={'no'}) & (ascites={'no'}),population,0.999594,0.000406,2266.138365,1979.166667,1589.179487,159,276,117
