id,sg,baseline,fitness,pvalue,mean_sg,mean_pop,mean_cpm,size_sg,size_pop,size_cpm
R0,"(X217471_at={'[6.00,6.00)'}) & (X202240_at={'[6.00,7.00)'})",population,0.983977,0.016023,4917.615385,3935.316327,3785.082353,26,196,170
R1,"(size={'[1.00,2.00)'})",population,0.993725,0.006275,4526.034483,3935.316327,3687.043478,58,196,138
R2,"(X202239_at={'[10.00,10.00]'}) & (X211762_s_at={'[10.00,10.00)'})",population,0.973954,0.026046,4512.019608,3935.316327,3732.475862,51,196,145
R3,"(X221928_at={'[6.00,7.00]'}) & (age={'[44.00,48.00)'})",population,0.984704,0.015296,4613.600000,3935.316327,3858.238636,20,196,176
R4,"(X204015_s_at={'[7.00,8.00)'})",population,0.995558,0.004442,2907.148148,3935.316327,4099.579882,27,196,169
R5,"(X205034_at={'[8.00,8.00]'}) & (X201663_s_at={'[9.00,9.00)'})",population,0.994173,0.005827,2734.187500,3935.316327,4169.682927,32,196,164
R6,"(er={'negative'}) & (X221344_at={'[6.00,6.00)'})",population,0.989255,0.010745,3151.923077,3935.316327,4129.917197,39,196,157
R7,"(size={'[2.00,2.00]'}) & (X221816_s_at={'[10.00,10.00)'})",population,0.996351,0.003649,3291.222222,3935.316327,4240.413534,63,196,133
