id,sg,baseline,fitness,pvalue,mean_sg,mean_pop,mean_cpm,size_sg,size_pop,size_cpm
R0,"(tumor-th={'[0.00,1.00)'})",population,0.969997,0.030003,2332.188679,2152.800000,2090.250000,53,205,152
R1,(ulceration={'1'}),population,0.998865,0.001135,1817.811111,2152.800000,2414.965217,90,205,115
R2,(ulceration={'0'}),population,0.996824,0.003176,2414.965217,2152.800000,1817.811111,115,205,90
