id,sg,baseline,fitness,pvalue,mean_sg,mean_pop,mean_cpm,size_sg,size_pop,size_cpm
R0,"(uc={'[152.00,588.00]'}) & (hist-stage={'4'})",population,1.000000,0.000000,917.071429,1979.166667,2099.080645,28,276,248
R1,"(sb={'[2.00,4.00]'})",population,1.000000,0.000000,1170.919355,1979.166667,2213.331776,62,276,214
R2,"(age={'[21483.00,28650.00]'}) & (ptb={'[10.00,10.00]'})",population,1.000000,0.000000,1322.517241,1979.166667,2056.263158,29,276,247
R3,"(ptb={'[10.00,10.00]'})",population,0.999895,0.000105,1802.724490,1979.166667,2076.308989,98,276,178
R4,(spiders={'yes'}),population,0.999850,0.000150,1526.237500,1979.166667,2164.035714,80,276,196
R5,(hp={'yes'}),population,0.997015,0.002985,1697.619718,1979.166667,2277.522388,142,276,134
R6,"(sb={'[0.00,0.00)'})",population,0.999997,0.000003,2546.272727,1979.166667,1713.712766,88,276,188
R7,(sex={'female'}) & (spiders={'no'}) & (hp={'no'}) & (ascites={'no'}),population,0.999996,0.000004,2437.000000,1979.166667,1731.067039,97,276,179
