id,sg,baseline,fitness,pvalue,mean_sg,mean_pop,mean_cpm,size_sg,size_pop,size_cpm
R0,(condition={'2.0'}),population,0.999984,0.000016,322.279070,561.259067,629.766667,43,193,150
R1,(t-staging={'4'}),population,0.971832,0.028168,425.742424,561.259067,631.685039,66,193,127
R2,(n-staging={'3'}) & (treatment={'test'}) & (grade={'2.0'}),population,0.989112,0.010888,354.920000,561.259067,591.964286,25,193,168
R3,(sex={'male'}) & (n-staging={'3'}),population,0.968851,0.031149,436.541667,561.259067,635.471074,72,193,121
R4,(sex={'female'}) & (condition={'1.0'}),population,0.966092,0.033908,781.392857,561.259067,523.903030,28,193,165
R5,(t-staging={'3'}) & (condition={'1.0'}),population,0.990918,0.009082,735.190476,561.259067,476.969231,63,193,130
