id,sg,baseline,fitness,pvalue,mean_sg,mean_pop,mean_cpm,size_sg,size_pop,size_cpm
R0,"(chf={'1'}) & (age={'[83.00,104.00]'})",population,1.000000,0.000000,291.724138,882.436000,959.950226,58,500,442
R1,(chf={'1'}),population,1.000000,0.000000,593.593548,882.436000,1012.205797,155,500,345
R2,(mitype={'1'}),population,0.996633,0.003367,1079.281046,882.436000,795.642651,153,500,347
R3,"(miord={'0'}) & (bmi={'[30.00,44.00]'})",population,0.999565,0.000435,1101.753086,882.436000,840.038186,81,500,419
R4,(miord={'0'}) & (gender={'0'}) & (chf={'0'}) & (sho={'0'}),population,0.999974,0.000026,1040.909677,882.436000,811.237681,155,500,345
R5,(miord={'1'}),population,0.967982,0.032018,814.087719,882.436000,917.960486,171,500,329
