id,sg,baseline,fitness,pvalue,mean_sg,mean_pop,mean_cpm,size_sg,size_pop,size_cpm
R0,"(pat-karno={'[30.00,70.00)'})",population,0.997085,0.002915,220.000000,310.047619,329.623188,30,168,138
R1,(sex={'1'}) & (ph-ecog={'2.0'}),population,0.995627,0.004373,212.347826,310.047619,325.544828,23,168,145
R2,"(age={'[71.00,82.00]'}) & (sex={'1'})",population,0.988089,0.011911,229.000000,310.047619,322.903448,23,168,145
R3,(ph-ecog={'0.0'}) & (sex={'2'}),population,0.986828,0.013172,329.315789,310.047619,307.590604,19,168,149
