id,sg,baseline,fitness,pvalue,mean_sg,mean_pop,mean_cpm,size_sg,size_pop,size_cpm
R0,"(sb={'[2.00,4.00]'})",population,1.000000,0.000000,1170.919355,1979.166667,2213.331776,62,276,214
R1,(spiders={'yes'}) & (hist-stage={'4'}),population,0.999999,0.000001,1269.204545,1979.166667,2113.814655,44,276,232
R2,"(age={'[21483.00,28650.00]'})",population,0.999861,0.000139,1524.285714,1979.166667,2094.954545,56,276,220
R3,"(uc={'[4.00,39.00)'})",population,0.999441,0.000559,2591.527273,1979.166667,1826.769231,55,276,221
R4,"(sb={'[1.00,2.00)'})",population,0.998371,0.001629,1585.785714,1979.166667,2079.300000,56,276,220
R5,(hp={'no'}) & (edema={'0.0'}),population,0.999745,0.000255,2365.073171,1979.166667,1668.928105,123,276,153
R6,"(sex={'female'}) & (albumin={'[3.00,3.00]'}) & (ascites={'no'}) & (edema={'0.0'})",population,0.985713,0.014287,2169.411458,1979.166667,1544.321429,192,276,84
