id,sg,baseline,fitness,pvalue,mean_sg,mean_pop,mean_cpm,size_sg,size_pop,size_cpm
R0,"(age={'[83.00,104.00]'}) & (chf={'1'})",population,1.000000,0.000000,291.724138,882.436000,959.950226,58,500,442
R1,"(hr={'[106.00,186.00]'})",population,0.999967,0.000033,618.862745,882.436000,949.984925,102,500,398
R2,(chf={'1'}),population,1.000000,0.000000,593.593548,882.436000,1012.205797,155,500,345
R3,"(bmi={'[13.00,22.00)'})",population,1.000000,0.000000,603.815217,882.436000,945.262255,92,500,408
R4,"(age={'[56.00,67.00)'}) & (miord={'0'})",population,0.999985,0.000015,1030.837838,882.436000,856.657277,74,500,426
R5,"(bmi={'[30.00,44.00]'})",population,0.998068,0.001932,1039.741379,882.436000,834.916667,116,500,384
R6,(sho={'0'}) & (av3={'0'}) & (chf={'0'}),population,0.999932,0.000068,1018.192771,882.436000,614.154762,332,500,168
