id,sg,baseline,fitness,pvalue,mean_sg,mean_pop,mean_cpm,size_sg,size_pop,size_cpm
R0,"(age={'[83.00,104.00]'}) & (chf={'1'})",population,1.000000,0.000000,291.724138,882.436000,959.950226,58,500,442
R1,(chf={'1'}),population,1.000000,0.000000,593.593548,882.436000,1012.205797,155,500,345
R2,"(bmi={'[13.00,22.00)'})",population,1.000000,0.000000,603.815217,882.436000,945.262255,92,500,408
R3,"(hr={'[66.00,80.00)'}) & (afb={'0'}) & (sho={'0'}) & (av3={'0'}) & (gender={'0'})",population,0.999601,0.000399,1160.362069,882.436000,845.966063,58,500,442
R4,"(afb={'0'}) & (hr={'[35.00,66.00)'})",population,0.998378,0.001622,1046.807229,882.436000,849.719424,83,500,417
R5,"(bmi={'[30.00,44.00]'}) & (afb={'0'})",population,0.998578,0.001422,1040.057143,882.436000,840.536709,105,500,395
R6,(chf={'0'}),population,0.999812,0.000188,1012.205797,882.436000,593.593548,345,500,155
