id,sg,baseline,fitness,pvalue,mean_sg,mean_pop,mean_cpm,size_sg,size_pop,size_cpm
R0,"(age={'[74.00,87.00]'}) & (pcdx={'not-prog'})",population,1.000000,0.000000,2608.736842,5390.130682,6156.021739,38,176,138
R1,"(pcdx={'not-prog'}) & (age={'[34.00,53.00)'})",population,0.999958,0.000042,9493.200000,5390.130682,4864.096154,20,176,156
R2,"(creat={'[0.00,0.00]'}) & (sex={'male'}) & (alb={'[2.00,3.00)'})",population,0.999914,0.000086,2464.611111,5390.130682,5723.417722,18,176,158
R3,"(age={'[66.00,74.00)'})",population,0.976049,0.023951,4311.789474,5390.130682,5687.065217,38,176,138
