id,sg,baseline,fitness,pvalue,mean_sg,mean_pop,mean_cpm,size_sg,size_pop,size_cpm
R0,"(pat-karno={'[30.00,70.00)'})",population,0.997085,0.002915,220.000000,310.047619,329.623188,30,168,138
R1,"(ph-ecog={'2.0'}) & (age={'[71.00,82.00]'})",population,0.995875,0.004125,193.200000,310.047619,325.837838,20,168,148
R2,"(ph-karno={'[90.00,90.00]'}) & (sex={'2'})",population,0.954315,0.045685,356.571429,310.047619,300.742857,28,168,140
