id,sg,baseline,fitness,pvalue,mean_sg,mean_pop,mean_cpm,size_sg,size_pop,size_cpm
R0,"(age={'[83.00,104.00]'})",population,1.000000,0.000000,559.716814,882.436000,976.666667,113,500,387
R1,(chf={'1'}),population,1.000000,0.000000,593.593548,882.436000,1012.205797,155,500,345
R2,"(age={'[30.00,56.00)'})",population,1.000000,0.000000,1139.851064,882.436000,822.837438,94,500,406
R3,"(hr={'[35.00,66.00)', '[66.00,80.00)'})",population,0.999376,0.000624,1017.140704,882.436000,793.378738,199,500,301
R4,(gender={'0'}) & (chf={'0'}) & (afb={'0'}) & (sho={'0'}) & (av3={'0'}),population,0.999996,0.000004,1050.531250,882.436000,777.649351,192,500,308
R5,(chf={'0'}) & (miord={'0'}) & (av3={'0'}) & (sho={'0'}),population,0.999942,0.000058,1013.626087,882.436000,770.681481,230,500,270
