id,sg,baseline,fitness,pvalue,mean_sg,mean_pop,mean_cpm,size_sg,size_pop,size_cpm
R0,"(sex={'1'}) & (pat-karno={'[30.00,70.00)'})",population,0.999498,0.000502,195.684211,310.047619,324.630872,19,168,149
R1,"(ph-karno={'[70.00,80.00)'})",population,0.951394,0.048606,260.080000,310.047619,318.783217,25,168,143
R2,"(sex={'1'}) & (age={'[71.00,82.00]'})",population,0.988089,0.011911,229.000000,310.047619,322.903448,23,168,145
R3,"(sex={'2'}) & (pat-karno={'[90.00,90.00]'})",population,0.974147,0.025853,349.966667,310.047619,301.369565,30,168,138
