id,sg,baseline,fitness,pvalue,mean_sg,mean_pop,mean_cpm,size_sg,size_pop,size_cpm
R0,"(karno={'[10.00,40.00)'})",population,1.000000,0.000000,28.318182,121.627737,139.478261,22,137,115
R1,"(cell-type={'adeno', 'small'})",population,0.997058,0.002942,68.946667,121.627737,185.354839,75,137,62
R2,"(karno={'[80.00,99.00]'})",population,0.978387,0.021613,182.757576,121.627737,102.230769,33,137,104
R3,(cell-type={'aquamous'}) & (treat={'test'}),population,0.989058,0.010942,260.300000,121.627737,97.923077,20,137,117
