id,sg,baseline,fitness,pvalue,mean_sg,mean_pop,mean_cpm,size_sg,size_pop,size_cpm
R0,(stage-1={'3.0'}),population,1.000000,0.000000,835.796339,1145.351831,1436.894397,437,901,464
R1,(stage-3={'1.0'}),population,0.994275,0.005725,982.836364,1145.351831,1181.785326,165,901,736
R2,(cell-type={'0.0'}),population,0.999844,0.000156,1284.885417,1145.351831,1079.796085,288,901,613
R3,(op={'1'}) & (stage-3={'0.0'}),population,1.000000,0.000000,1582.879630,1145.351831,899.668977,324,901,577
