id,sg,baseline,fitness,pvalue,mean_sg,mean_pop,mean_cpm,size_sg,size_pop,size_cpm
R0,"(los={'[3.00,34.80)'}) & (race={'0'})",population,1.000000,0.000000,101.696629,241.565217,267.179012,89,575,486
R1,"(los={'[173.00,400.00]'})",population,1.000000,0.000000,398.862069,241.565217,201.812636,116,575,459
R2,"(los={'[34.80,76.00)'})",population,0.999995,0.000005,165.884956,241.565217,260.075758,113,575,462
R3,"(treatment={'1'}) & (ndrugtx={'[2.00,4.00)'})",population,0.984931,0.015069,310.000000,241.565217,231.142285,76,575,499
R4,"(ndrugtx={'[4.00,7.00)'}) & (treatment={'0'})",population,0.996768,0.003232,177.115942,241.565217,250.353755,69,575,506
R5,(race={'0'}) & (treatment={'0'}) & (site={'0'}),population,0.999709,0.000291,182.006711,241.565217,262.396714,149,575,426
R6,(race={'1'}) & (site={'0'}),population,0.994260,0.005740,302.790909,241.565217,227.081720,110,575,465
