id,sg,baseline,fitness,pvalue,mean_sg,mean_pop,mean_cpm,size_sg,size_pop,size_cpm
R0,"(sb={'[2.00,4.00]'})",population,1.000000,0.000000,1170.919355,1979.166667,2213.331776,62,276,214
R1,(hp={'yes'}) & (spiders={'yes'}),population,0.999878,0.000122,1498.389831,1979.166667,2109.884793,59,276,217
R2,"(age={'[21483.00,28650.00]'}) & (ptb={'[10.00,10.00]'})",population,1.000000,0.000000,1322.517241,1979.166667,2056.263158,29,276,247
R3,"(ptb={'[10.00,10.00]'})",population,0.999895,0.000105,1802.724490,1979.166667,2076.308989,98,276,178
R4,"(ptb={'[10.00,10.00]'}) & (hist-stage={'4'})",population,1.000000,0.000000,1291.181818,1979.166667,2150.384615,55,276,221
R5,"(sb={'[0.00,0.00)'})",population,0.999997,0.000003,2546.272727,1979.166667,1713.712766,88,276,188
R6,(sex={'female'}) & (hp={'no'}) & (ascites={'no'}) & (edema={'0.0'}),population,0.999953,0.000047,2338.545455,1979.166667,1741.024096,110,276,166
R7,"(spiders={'no'}) & (edema={'0.0'}) & (albumin={'[3.00,3.00]'})",population,0.994590,0.005410,2270.556213,1979.166667,1518.934579,169,276,107
