id,sg,baseline,fitness,pvalue,mean_sg,mean_pop,mean_cpm,size_sg,size_pop,size_cpm
R0,"(chf={'1'}) & (age={'[83.00,104.00]'})",population,1.000000,0.000000,291.724138,882.436000,959.950226,58,500,442
R1,(chf={'1'}),population,1.000000,0.000000,593.593548,882.436000,1012.205797,155,500,345
R2,"(bmi={'[13.00,22.00)'})",population,1.000000,0.000000,603.815217,882.436000,945.262255,92,500,408
R3,"(age={'[30.00,56.00)'})",population,1.000000,0.000000,1139.851064,882.436000,822.837438,94,500,406
R4,(mitype={'1'}) & (chf={'0'}),population,0.999980,0.000020,1151.522523,882.436000,805.652956,111,500,389
R5,(gender={'1'}) & (miord={'1'}),population,0.989215,0.010785,752.208333,882.436000,904.343458,72,500,428
R6,(chf={'0'}),population,0.999812,0.000188,1012.205797,882.436000,593.593548,345,500,155
