id,sg,baseline,fitness,pvalue,mean_sg,mean_pop,mean_cpm,size_sg,size_pop,size_cpm
R0,"(los={'[3.00,34.80)'})",population,1.000000,0.000000,120.043478,241.565217,271.945652,115,575,460
R1,"(los={'[34.80,76.00)'})",population,0.999995,0.000005,165.884956,241.565217,260.075758,113,575,462
R2,"(ndrugtx={'[7.00,40.00]'}) & (ivhx={'3'}) & (site={'0'})",population,0.998249,0.001751,168.984848,241.565217,250.976424,66,575,509
R3,"(los={'[173.00,400.00]'})",population,1.000000,0.000000,398.862069,241.565217,201.812636,116,575,459
R4,"(ndrugtx={'[2.00,4.00)'}) & (treatment={'1'})",population,0.984931,0.015069,310.000000,241.565217,231.142285,76,575,499
R5,(race={'0'}) & (site={'0'}),population,0.977793,0.022207,212.627586,241.565217,271.010526,290,575,285
R6,(race={'1'}),population,0.963574,0.036426,280.668966,241.565217,228.379070,145,575,430
