id,sg,baseline,fitness,pvalue,mean_sg,mean_pop,mean_cpm,size_sg,size_pop,size_cpm
R0,"(sb={'[2.00,4.00]'})",population,1.000000,0.000000,1170.919355,1979.166667,2213.331776,62,276,214
R1,"(sb={'[0.00,0.00)'})",population,0.999997,0.000003,2546.272727,1979.166667,1713.712766,88,276,188
R2,"(age={'[21483.00,28650.00]'})",population,0.999861,0.000139,1524.285714,1979.166667,2094.954545,56,276,220
R3,(spiders={'yes'}),population,0.999850,0.000150,1526.237500,1979.166667,2164.035714,80,276,196
R4,(hp={'no'}) & (sex={'female'}) & (edema={'0.0'}),population,0.999933,0.000067,2345.315315,1979.166667,1732.848485,111,276,165
R5,"(edema={'0.0'}) & (albumin={'[3.00,3.00]'}) & (spiders={'no'})",population,0.994590,0.005410,2270.556213,1979.166667,1518.934579,169,276,107
