id,sg,baseline,fitness,pvalue,mean_sg,mean_pop,mean_cpm,size_sg,size_pop,size_cpm
R0,(op={'0'}),population,1.000000,0.000000,800.710106,1145.351831,1392.180952,376,901,525
R1,(stage-1={'3.0'}),population,1.000000,0.000000,835.796339,1145.351831,1436.894397,437,901,464
R2,(stage-3={'1.0'}),population,0.994275,0.005725,982.836364,1145.351831,1181.785326,165,901,736
R3,(cell-type={'1.0'}) & (stage-4={'0.0'}),population,0.999941,0.000059,1398.280632,1145.351831,1046.600309,253,901,648
R4,(stage-1={'1.0'}),population,1.000000,0.000000,1523.172805,1145.351831,901.974453,353,901,548
