id,sg,baseline,fitness,pvalue,mean_sg,mean_pop,mean_cpm,size_sg,size_pop,size_cpm
R0,"(sb={'[2.00,4.00]'})",population,1.000000,0.000000,1170.919355,1979.166667,2213.331776,62,276,214
R1,"(uc={'[4.00,39.00)'})",population,0.999441,0.000559,2591.527273,1979.166667,1826.769231,55,276,221
R2,(hist-stage={'4'}),population,0.999983,0.000017,1456.585106,1979.166667,2249.071429,94,276,182
R3,"(sb={'[1.00,2.00)'})",population,0.998371,0.001629,1585.785714,1979.166667,2079.300000,56,276,220
R4,"(sb={'[0.00,0.00)'}) & (albumin={'[3.00,3.00]'})",population,0.999998,0.000002,2601.214286,1979.166667,1707.020833,84,276,192
R5,"(spiders={'no'}) & (sex={'female'}) & (ascites={'no'}) & (albumin={'[3.00,3.00]'})",population,0.999683,0.000317,2308.423841,1979.166667,1581.424000,151,276,125
