id,sg,baseline,fitness,pvalue,mean_sg,mean_pop,mean_cpm,size_sg,size_pop,size_cpm
R0,"(sb={'[2.00,4.00]'})",population,1.000000,0.000000,1170.919355,1979.166667,2213.331776,62,276,214
R1,(spiders={'yes'}),population,0.999850,0.000150,1526.237500,1979.166667,2164.035714,80,276,196
R2,"(age={'[21483.00,28650.00]'}) & (hist-stage={'4'})",population,1.000000,0.000000,1158.862069,1979.166667,2075.477733,29,276,247
R3,"(sb={'[1.00,2.00)'})",population,0.998371,0.001629,1585.785714,1979.166667,2079.300000,56,276,220
R4,(hp={'yes'}),population,0.997015,0.002985,1697.619718,1979.166667,2277.522388,142,276,134
R5,"(uc={'[4.00,39.00)'})",population,0.999441,0.000559,2591.527273,1979.166667,1826.769231,55,276,221
R6,"(sb={'[0.00,0.00)'}) & (albumin={'[3.00,3.00]'})",population,0.999998,0.000002,2601.214286,1979.166667,1707.020833,84,276,192
