id,sg,baseline,fitness,pvalue,mean_sg,mean_pop,mean_cpm,size_sg,size_pop,size_cpm
R0,"(los={'[3.00,34.80)'})",population,1.000000,0.000000,120.043478,241.565217,271.945652,115,575,460
R1,"(los={'[34.80,76.00)'})",population,0.999995,0.000005,165.884956,241.565217,260.075758,113,575,462
R2,"(los={'[173.00,400.00]'})",population,1.000000,0.000000,398.862069,241.565217,201.812636,116,575,459
R3,(ivhx={'3'}),population,0.976643,0.023357,208.378601,241.565217,265.855422,243,575,332
R4,(race={'0'}) & (site={'0'}) & (treatment={'0'}),population,0.999709,0.000291,182.006711,241.565217,262.396714,149,575,426
R5,(ivhx={'1'}),population,0.966958,0.033042,277.031390,241.565217,219.096591,223,575,352
