id,sg,baseline,fitness,pvalue,mean_sg,mean_pop,mean_cpm,size_sg,size_pop,size_cpm
R0,"(sb={'[2.00,4.00]'})",population,1.000000,0.000000,1170.919355,1979.166667,2213.331776,62,276,214
R1,"(age={'[21483.00,28650.00]'})",population,0.999861,0.000139,1524.285714,1979.166667,2094.954545,56,276,220
R2,"(ptb={'[10.00,10.00]'})",population,0.999895,0.000105,1802.724490,1979.166667,2076.308989,98,276,178
R3,"(ap={'[289.00,815.00)'})",population,0.990327,0.009673,2211.962963,1979.166667,1922.540541,54,276,222
R4,"(sb={'[0.00,0.00)'})",population,0.999997,0.000003,2546.272727,1979.166667,1713.712766,88,276,188
R5,(ascites={'no'}) & (hp={'no'}) & (sex={'female'}) & (spiders={'no'}),population,0.999996,0.000004,2437.000000,1979.166667,1731.067039,97,276,179
R6,"(sex={'female'}) & (ascites={'no'}) & (edema={'0.0'}) & (albumin={'[3.00,3.00]'})",population,0.985713,0.014287,2169.411458,1979.166667,1544.321429,192,276,84
