id,sg,baseline,fitness,pvalue,mean_sg,mean_pop,mean_cpm,size_sg,size_pop,size_cpm
R0,"(los={'[3.00,34.80)'})",population,1.000000,0.000000,120.043478,241.565217,271.945652,115,575,460
R1,"(los={'[34.80,76.00)'})",population,0.999995,0.000005,165.884956,241.565217,260.075758,113,575,462
R2,"(treatment={'0'}) & (ndrugtx={'[4.00,7.00)'})",population,0.996768,0.003232,177.115942,241.565217,250.353755,69,575,506
R3,"(ndrugtx={'[7.00,40.00]'})",population,0.985775,0.014225,196.169492,241.565217,253.286652,118,575,457
R4,(race={'1'}),population,0.963574,0.036426,280.668966,241.565217,228.379070,145,575,430
R5,(site={'0'}) & (treatment={'0'}) & (race={'0'}),population,0.999709,0.000291,182.006711,241.565217,262.396714,149,575,426
R6,"(los={'[173.00,400.00]'})",population,1.000000,0.000000,398.862069,241.565217,201.812636,116,575,459
