id,sg,baseline,fitness,pvalue,mean_sg,mean_pop,mean_cpm,size_sg,size_pop,size_cpm
R0,"(age={'[83.00,104.00]'}) & (chf={'1'})",population,1.000000,0.000000,291.724138,882.436000,959.950226,58,500,442
R1,(chf={'1'}),population,1.000000,0.000000,593.593548,882.436000,1012.205797,155,500,345
R2,"(bmi={'[13.00,22.00)'})",population,1.000000,0.000000,603.815217,882.436000,945.262255,92,500,408
R3,(mitype={'1'}),population,0.996633,0.003367,1079.281046,882.436000,795.642651,153,500,347
R4,(gender={'1'}) & (miord={'1'}) & (mitype={'0'}),population,0.994060,0.005940,742.720588,882.436000,904.428241,68,500,432
R5,"(gender={'0'}) & (bmi={'[30.00,44.00]'}) & (miord={'0'})",population,0.999577,0.000423,1091.962264,882.436000,857.592841,53,500,447
R6,(afb={'0'}) & (av3={'0'}) & (gender={'0'}) & (chf={'0'}) & (sho={'0'}),population,0.999996,0.000004,1050.531250,882.436000,777.649351,192,500,308
R7,(av3={'0'}) & (miord={'0'}) & (sho={'0'}) & (chf={'0'}),population,0.999942,0.000058,1013.626087,882.436000,770.681481,230,500,270
