id,sg,baseline,fitness,pvalue,mean_sg,mean_pop,mean_cpm,size_sg,size_pop,size_cpm
R0,"(age={'[83.00,104.00]'}) & (chf={'1'})",population,1.000000,0.000000,291.724138,882.436000,959.950226,58,500,442
R1,(chf={'1'}),population,1.000000,0.000000,593.593548,882.436000,1012.205797,155,500,345
R2,"(age={'[83.00,104.00]'})",population,1.000000,0.000000,559.716814,882.436000,976.666667,113,500,387
R3,(mitype={'1'}) & (chf={'0'}),population,0.999980,0.000020,1151.522523,882.436000,805.652956,111,500,389
R4,(chf={'0'}),population,0.999812,0.000188,1012.205797,882.436000,593.593548,345,500,155
