id,sg,baseline,fitness,pvalue,mean_sg,mean_pop,mean_cpm,size_sg,size_pop,size_cpm
R0,"(pat-karno={'[30.00,70.00)'}) & (sex={'1'})",population,0.999498,0.000502,195.684211,310.047619,324.630872,19,168,149
R1,"(ph-karno={'[70.00,80.00)'}) & (sex={'1'})",population,0.999012,0.000988,196.294118,310.047619,322.854305,17,168,151
R2,"(age={'[71.00,82.00]'}) & (ph-ecog={'2.0'})",population,0.995875,0.004125,193.200000,310.047619,325.837838,20,168,148
R3,"(ph-karno={'[90.00,90.00]'}) & (sex={'2'})",population,0.954315,0.045685,356.571429,310.047619,300.742857,28,168,140
R4,(sex={'2'}) & (ph-ecog={'0.0'}),population,0.986828,0.013172,329.315789,310.047619,307.590604,19,168,149
R5,"(sex={'2'}) & (pat-karno={'[90.00,90.00]'})",population,0.974147,0.025853,349.966667,310.047619,301.369565,30,168,138
