quality,subgroup,size_sg,size_dataset,mean_sg,mean_dataset,std_sg,std_dataset,median_sg,median_dataset,max_sg,max_dataset,min_sg,min_dataset,mean_lift,median_lift
0.9999999999991394,"cd4=='[0.00,17.00)' AND strat2=='0' AND tx=='0' AND txgrp=='1'",113.0,1151.0,211.60176991150442,230.18331885317116,98.96620857315536,89.83806417997631,244.0,257.0,347.0,364.0,1.0,1.0,0.9192749977094583,0.9494163424124513
0.9999999999991394,"cd4=='[0.00,17.00)' AND strat2=='0' AND txgrp=='1'",113.0,1151.0,211.60176991150442,230.18331885317116,98.96620857315536,89.83806417997631,244.0,257.0,347.0,364.0,1.0,1.0,0.9192749977094583,0.9494163424124513
0.9999999999991394,"cd4=='[0.00,17.00)' AND strat2=='0' AND tx=='0'",113.0,1151.0,211.60176991150442,230.18331885317116,98.96620857315536,89.83806417997631,244.0,257.0,347.0,364.0,1.0,1.0,0.9192749977094583,0.9494163424124513
