quality,subgroup,size_sg,size_dataset,mean_sg,mean_dataset,std_sg,std_dataset,median_sg,median_dataset,max_sg,max_dataset,min_sg,min_dataset,mean_lift,median_lift
0.9999999999999902,"age=='[71.00,82.00]' AND ph-ecog=='2.0' AND sex=='1'",10.0,168.0,80.7,310.04761904761904,76.02111548773802,208.19038360996504,42.0,268.5,222.0,1022.0,11.0,5.0,0.2602825986791584,0.1564245810055866
0.9999339870968674,"pat-karno=='[30.00,70.00)' AND sex=='1'",19.0,168.0,195.68421052631578,310.04761904761904,180.61796047300876,208.19038360996504,163.0,268.5,814.0,1022.0,12.0,5.0,0.6311424391111399,0.6070763500931099
0.9998093682326573,"ph-karno=='[70.00,80.00)' AND sex=='1'",17.0,168.0,196.2941176470588,310.04761904761904,183.52360473467627,208.19038360996504,166.0,268.5,814.0,1022.0,11.0,5.0,0.6331095792640509,0.6182495344506518
0.9997276818651507,"pat-karno=='[30.00,70.00)'",30.0,168.0,220.0,310.04761904761904,173.7502038368109,208.19038360996504,199.0,268.5,814.0,1022.0,12.0,5.0,0.7095684226693288,0.7411545623836127
0.9993316355216939,ph-ecog=='2.0',39.0,168.0,232.51282051282053,310.04761904761904,188.23674016635266,208.19038360996504,199.0,268.5,814.0,1022.0,11.0,5.0,0.7499261604621765,0.7411545623836127
0.999189796308644,ph-ecog=='2.0' AND sex=='1',23.0,168.0,212.34782608695653,310.04761904761904,210.6131026717313,208.19038360996504,166.0,268.5,814.0,1022.0,11.0,5.0,0.6848877818808304,0.6182495344506518
