quality,subgroup,size_sg,size_dataset,mean_sg,mean_dataset,std_sg,std_dataset,median_sg,median_dataset,max_sg,max_dataset,min_sg,min_dataset,mean_lift,median_lift
0.9999999998736505,condition=='1.0',142.0,193.0,653.1056338028169,561.259067357513,418.99814628227006,419.02760025479944,545.5,446.0,1823.0,1823.0,81.0,11.0,1.1636437997834592,1.2230941704035874
0.9999999566644159,condition=='2.0',43.0,193.0,322.27906976744185,561.259067357513,312.05003516366776,419.02760025479944,255.0,446.0,1446.0,1823.0,11.0,11.0,0.5742073286847325,0.5717488789237668
0.99999953329257,condition=='2.0' AND sex=='male',28.0,193.0,292.7142857142857,561.259067357513,293.51440183001694,419.02760025479944,211.0,446.0,1446.0,1823.0,11.0,11.0,0.5215315043237091,0.4730941704035874
0.9999935608103373,condition=='2.0' AND sex=='male' AND treatment=='test',14.0,193.0,229.85714285714286,561.259067357513,170.4007281770395,419.02760025479944,205.5,446.0,696.0,1823.0,11.0,11.0,0.40953840432252214,0.460762331838565
0.9999871336480997,condition=='2.0' AND grade=='2.0',29.0,193.0,320.2758620689655,561.259067357513,273.2776656091905,419.02760025479944,264.0,446.0,1446.0,1823.0,15.0,11.0,0.5706381966831637,0.5919282511210763
