quality,subgroup,size_sg,size_dataset,mean_sg,mean_dataset,std_sg,std_dataset,median_sg,median_dataset,max_sg,max_dataset,min_sg,min_dataset,mean_lift,median_lift
0.9999999999999996,"pnodes=='[4.00,8.00]'",143.0,686.0,834.7202797202797,1124.4897959183672,553.0931256783517,642.3232697329929,730.0,1084.0,2286.0,2659.0,15.0,8.0,0.7423102306042415,0.6734317343173432
0.9999999999999992,"pnodes=='[4.00,8.00]' AND tgrade=='III'",46.0,686.0,617.7173913043479,1124.4897959183672,482.32821510756224,642.3232697329929,485.0,1084.0,1975.0,2659.0,15.0,8.0,0.5493312554249192,0.4474169741697417
0.9999999999999986,"pnodes=='[4.00,8.00]' AND progrec=='[3.00,20.00)'",35.0,686.0,573.3142857142857,1124.4897959183672,403.0171759139214,642.3232697329929,500.0,1084.0,1751.0,2659.0,15.0,8.0,0.5098439201451906,0.4612546125461255
0.999999999998478,"horTh=='no' AND pnodes=='[4.00,8.00]'",89.0,686.0,807.2247191011236,1124.4897959183672,530.0978657324839,642.3232697329929,631.0,1084.0,2286.0,2659.0,16.0,8.0,0.7178586431207815,0.5821033210332104
0.9999999999807602,"pnodes=='[4.00,8.00]' AND progrec=='[0.00,3.00)'",42.0,686.0,707.3095238095239,1124.4897959183672,542.0341532068162,642.3232697329929,520.0,1084.0,1981.0,2659.0,42.0,8.0,0.6290048396854205,0.4797047970479705
0.9999999999693188,"estrec=='[0.00,4.00)' AND pnodes=='[4.00,8.00]'",38.0,686.0,617.078947368421,1124.4897959183672,516.1917932818417,642.3232697329929,397.5,1084.0,1856.0,2659.0,42.0,8.0,0.5487634922151113,0.36669741697416974
0.9999999986643778,"menostat=='Post' AND pnodes=='[4.00,8.00]'",87.0,686.0,858.0,1124.4897959183672,543.3723982853663,642.3232697329929,754.0,1084.0,2286.0,2659.0,15.0,8.0,0.7630127041742287,0.6955719557195572
