quality,subgroup,size_sg,size_dataset,mean_sg,mean_dataset,std_sg,std_dataset,median_sg,median_dataset,max_sg,max_dataset,min_sg,min_dataset,mean_lift,median_lift
1.0,cell-type=='3.0',148.0,901.0,797.6351351351351,1145.3518312985573,706.4157736432622,934.165354480177,518.5,819.0,3266.0,4478.0,0.0,0.0,0.6964105817430842,0.6330891330891331
1.0,stage-1=='1.0',353.0,901.0,1523.1728045325779,1145.3518312985573,1000.3831198941675,934.165354480177,1441.0,819.0,4478.0,4478.0,0.0,0.0,1.3298732868883278,1.7594627594627594
1.0,stage-1=='3.0',437.0,901.0,835.7963386727689,1145.3518312985573,757.5393546568201,934.165354480177,544.0,819.0,4310.0,4478.0,0.0,0.0,0.7297289058552202,0.6642246642246642
1.0,stage-2=='3.0',170.0,901.0,778.6,1145.3518312985573,707.991221281567,934.165354480177,504.0,819.0,2939.0,4478.0,0.0,0.0,0.6797911163395551,0.6153846153846154
1.0,stage-2=='1.0',364.0,901.0,1415.9175824175825,1145.3518312985573,986.9336733666171,934.165354480177,1310.5,819.0,4478.0,4478.0,0.0,0.0,1.2362293783668794,1.6001221001221002
1.0,stage-3=='0.0',440.0,901.0,1395.2772727272727,1145.3518312985573,1001.6654202022378,934.165354480177,1298.0,819.0,4478.0,4478.0,0.0,0.0,1.2182084444265124,1.5848595848595848
