quality,subgroup,size_sg,size_dataset,mean_sg,mean_dataset,std_sg,std_dataset,median_sg,median_dataset,max_sg,max_dataset,min_sg,min_dataset,mean_lift,median_lift
0.9999999907280467,"tumor-th=='[2.00,4.00]' AND ulceration=='1'",38.0,205.0,1454.921052631579,2152.8,1193.4907532016489,1119.3205883535757,974.5,2005.0,4492.0,5565.0,10.0,10.0,0.6758273191339552,0.4860349127182045
0.9999999458712028,ulceration=='0',115.0,205.0,2414.965217391304,2152.8,1029.510148865108,1119.3205883535757,2103.0,2005.0,5565.0,5565.0,30.0,10.0,1.1217787148789038,1.0488778054862844
0.9999999458712028,ulceration=='1',90.0,205.0,1817.8111111111111,2152.8,1139.9270336731056,1119.3205883535757,1799.5,2005.0,4492.0,5565.0,10.0,10.0,0.8443938643214005,0.897506234413965
