quality,subgroup,size_sg,size_dataset,mean_sg,mean_dataset,std_sg,std_dataset,median_sg,median_dataset,max_sg,max_dataset,min_sg,min_dataset,mean_lift,median_lift
0.999999999999877,"age=='[74.00,87.00]' AND alb=='[2.00,3.00)' AND creat=='[0.00,0.00]' AND sex=='male'",9.0,176.0,979.2222222222222,5390.130681818182,1060.7918193267788,3637.4486375585852,566.0,5009.0,3167.0,14325.0,6.0,6.0,0.18166947705466652,0.11299660610900379
0.999999999999877,"age=='[74.00,87.00]' AND alb=='[2.00,3.00)' AND creat=='[0.00,0.00]' AND pcdx=='not-prog' AND sex=='male'",9.0,176.0,979.2222222222222,5390.130681818182,1060.7918193267788,3637.4486375585852,566.0,5009.0,3167.0,14325.0,6.0,6.0,0.18166947705466652,0.11299660610900379
0.999999999997327,"age=='[74.00,87.00]' AND pcdx=='not-prog'",38.0,176.0,2608.7368421052633,5390.130681818182,2008.2369157286423,3637.4486375585852,2380.5,5009.0,7246.0,14325.0,6.0,6.0,0.48398396923936776,0.47524455979237373
0.999999999995484,"age=='[74.00,87.00]'",39.0,176.0,2673.7179487179487,5390.130681818182,2022.3900553136846,3637.4486375585852,2422.0,5009.0,7246.0,14325.0,6.0,6.0,0.4960395408847599,0.4835296466360551
0.9999999999767208,"age=='[74.00,87.00]' AND alb=='[2.00,3.00)' AND sex=='male'",13.0,176.0,1503.3076923076924,5390.130681818182,1452.4810277916454,3637.4486375585852,791.0,5009.0,4758.0,14325.0,6.0,6.0,0.2789000454810126,0.15791575164703534
0.9999999999767208,"age=='[74.00,87.00]' AND alb=='[2.00,3.00)' AND pcdx=='not-prog' AND sex=='male'",13.0,176.0,1503.3076923076924,5390.130681818182,1452.4810277916454,3637.4486375585852,791.0,5009.0,4758.0,14325.0,6.0,6.0,0.2789000454810126,0.15791575164703534
0.9999999999608233,"age=='[74.00,87.00]' AND alb=='[2.00,3.00)'",17.0,176.0,1645.1764705882354,5390.130681818182,1940.248657056892,3637.4486375585852,748.0,5009.0,7246.0,14325.0,6.0,6.0,0.3052201454294406,0.14933120383310042
