quality,subgroup,size_sg,size_dataset,mean_sg,mean_dataset,std_sg,std_dataset,median_sg,median_dataset,max_sg,max_dataset,min_sg,min_dataset,mean_lift,median_lift
1.0,ascites=='no',257.0,276.0,2078.6303501945526,1979.1666666666667,1066.5098099141273,1110.36328487398,1908.0,1788.0,4556.0,4556.0,71.0,41.0,1.0502553348351424,1.0671140939597314
1.0,ascites=='yes' AND hist-stage=='4',19.0,276.0,633.7894736842105,1979.1666666666667,761.7869973705779,1110.36328487398,334.0,1788.0,3090.0,4556.0,41.0,41.0,0.32023047091412743,0.18680089485458612
1.0,ascites=='yes',19.0,276.0,633.7894736842105,1979.1666666666667,761.7869973705779,1110.36328487398,334.0,1788.0,3090.0,4556.0,41.0,41.0,0.32023047091412743,0.18680089485458612
1.0,ascites=='yes' AND sex=='female',17.0,276.0,593.2941176470588,1979.1666666666667,748.4293958374652,1110.36328487398,334.0,1788.0,3090.0,4556.0,41.0,41.0,0.29976965944272443,0.18680089485458612
1.0,edema=='1.0' AND hist-stage=='4',14.0,276.0,401.07142857142856,1979.1666666666667,421.8776844207867,1110.36328487398,243.5,1788.0,1434.0,4556.0,41.0,41.0,0.20264661654135338,0.13618568232662193
1.0,edema=='1.0',17.0,276.0,590.7058823529412,1979.1666666666667,816.0357377342707,1110.36328487398,264.0,1788.0,3428.0,4556.0,41.0,41.0,0.29846191950464396,0.1476510067114094
1.0,"sb=='[2.00,4.00]'",62.0,276.0,1170.9193548387098,1979.1666666666667,822.9125555862661,1110.36328487398,1072.0,1788.0,3839.0,4556.0,41.0,41.0,0.5916224108658744,0.5995525727069351
1.0,"hist-stage=='4' AND sb=='[2.00,4.00]'",34.0,276.0,859.4117647058823,1979.1666666666667,620.4819814252114,1110.36328487398,863.5,1788.0,2540.0,4556.0,41.0,41.0,0.43422910216718263,0.4829418344519016
