quality,subgroup,size_sg,size_dataset,mean_sg,mean_dataset,std_sg,std_dataset,median_sg,median_dataset,max_sg,max_dataset,min_sg,min_dataset,mean_lift,median_lift
1.0,HISTOLOGICAL_TYPE=='Classical' AND TUMOR_STATUS=='WITH TUMOR',19.0,332.0,18.36842105263158,24.102409638554217,27.964659137290052,29.520082916524153,11.0,14.0,130.0,157.0,0.0,0.0,0.7620989489469737,0.7857142857142857
1.0,RISK_GROUP=='Intermediate' AND TUMOR_STATUS=='WITH TUMOR',18.0,332.0,18.38888888888889,24.102409638554217,28.374751861644125,29.520082916524153,10.5,14.0,130.0,157.0,0.0,0.0,0.7629481518509261,0.75
1.0,TUMOR_STATUS=='WITH TUMOR',25.0,332.0,20.52,24.102409638554217,28.86121272573278,29.520082916524153,11.0,14.0,130.0,157.0,0.0,0.0,0.8513671582104474,0.7857142857142857
1.0,TUMOR_STATUS=='WITH TUMOR' AND WGS_STATUS=='No',22.0,332.0,21.545454545454547,24.102409638554217,30.299605867114497,29.520082916524153,12.5,14.0,130.0,157.0,0.0,0.0,0.8939128854150099,0.8928571428571429
