quality,subgroup,size_sg,size_dataset,mean_sg,mean_dataset,std_sg,std_dataset,median_sg,median_dataset,max_sg,max_dataset,min_sg,min_dataset,mean_lift,median_lift
0.9999999999187569,"karno=='[10.00,40.00)'",22.0,137.0,28.318181818181817,121.62773722627738,29.651592573566095,157.2396936986393,19.5,80.0,144.0,999.0,1.0,1.0,0.23282667641426566,0.24375
0.9999998373139647,"karno=='[10.00,40.00)' AND treat=='test'",13.0,137.0,25.153846153846153,121.62773722627738,15.356512794482365,157.2396936986393,21.0,80.0,51.0,999.0,1.0,1.0,0.2068101136096095,0.2625
0.9999992367230327,"karno=='[10.00,40.00)' AND pt=='no'",16.0,137.0,31.75,121.62773722627738,32.761448380680605,157.2396936986393,20.5,80.0,144.0,999.0,3.0,1.0,0.2610424293344536,0.25625
0.9999989408065565,"cell-type=='small' AND karno=='[10.00,40.00)'",11.0,137.0,24.363636363636363,121.62773722627738,15.197324688442714,157.2396936986393,20.0,80.0,59.0,999.0,7.0,1.0,0.20031315980424783,0.25
0.9999848261811816,"cell-type=='small' AND karno=='[10.00,40.00)' AND pt=='no'",8.0,137.0,22.625,121.62773722627738,14.653817761934942,157.2396936986393,19.0,80.0,59.0,999.0,7.0,1.0,0.18601842405329172,0.2375
0.9999723840872715,"cell-type=='adeno' AND karno=='[40.00,60.00)'",9.0,137.0,27.555555555555557,121.62773722627738,21.94493670333957,157.2396936986393,19.0,80.0,80.0,999.0,7.0,1.0,0.22655650909866837,0.2375
