quality,subgroup,size_sg,size_dataset,mean_sg,mean_dataset,std_sg,std_dataset,median_sg,median_dataset,max_sg,max_dataset,min_sg,min_dataset,mean_lift,median_lift
1.0,afb=='0' AND chf=='0',305.0,500.0,1039.8754098360655,882.436,689.358835548963,704.959115058455,1159.0,631.5,2358.0,2358.0,1.0,1.0,1.1784145363925151,1.8353127474267616
1.0,"age=='[83.00,104.00]'",113.0,500.0,559.7168141592921,882.436,647.3973827049452,704.959115058455,313.0,631.5,2178.0,2358.0,1.0,1.0,0.6342860152569615,0.49564528899445764
1.0,chf=='0',345.0,500.0,1012.2057971014493,882.436,691.8189978336062,704.959115058455,1121.0,631.5,2358.0,2358.0,1.0,1.0,1.1470585935993651,1.77513855898654
1.0,chf=='1',155.0,500.0,593.5935483870968,882.436,645.6829212524414,704.959115058455,359.0,631.5,2353.0,2358.0,1.0,1.0,0.6726760336014134,0.5684877276326208
1.0,chf=='0' AND sho=='0',337.0,500.0,1019.0504451038576,882.436,685.5410870436756,704.959115058455,1123.0,631.5,2358.0,2358.0,1.0,1.0,1.1548151311866894,1.7783056215360253
