quality,subgroup,size_sg,size_dataset,mean_sg,mean_dataset,std_sg,std_dataset,median_sg,median_dataset,max_sg,max_dataset,min_sg,min_dataset,mean_lift,median_lift
0.994580269446622,hemophil=='0' AND raceth=='1' AND sex=='1' AND tx=='1' AND txgrp=='2',268.0,1151.0,246.91044776119404,230.18331885317116,82.41467434602107,89.83806417997631,272.5,257.0,355.0,364.0,3.0,1.0,1.0726687276530786,1.0603112840466926
0.994580269446622,hemophil=='0' AND raceth=='1' AND sex=='1' AND txgrp=='2',268.0,1151.0,246.91044776119404,230.18331885317116,82.41467434602107,89.83806417997631,272.5,257.0,355.0,364.0,3.0,1.0,1.0726687276530786,1.0603112840466926
0.994580269446622,hemophil=='0' AND raceth=='1' AND sex=='1' AND tx=='1',268.0,1151.0,246.91044776119404,230.18331885317116,82.41467434602107,89.83806417997631,272.5,257.0,355.0,364.0,3.0,1.0,1.0726687276530786,1.0603112840466926
0.9942154267901552,hemophil=='0' AND ivdrug=='1' AND raceth=='2',251.0,1151.0,212.90438247011951,230.18331885317116,88.92092608791141,89.83806417997631,231.0,257.0,364.0,364.0,3.0,1.0,0.9249340201143181,0.8988326848249028
