quality,subgroup,size_sg,size_dataset,mean_sg,mean_dataset,std_sg,std_dataset,median_sg,median_dataset,max_sg,max_dataset,min_sg,min_dataset,mean_lift,median_lift
0.9829062047094955,"age=='[71.00,82.00]' AND ph-ecog=='2.0'",20.0,168.0,193.2,310.04761904761904,166.86179910332982,208.19038360996504,158.0,268.5,551.0,1022.0,11.0,5.0,0.623130087544156,0.5884543761638734
0.9766287995702858,"pat-karno=='[30.00,70.00)' AND sex=='1'",19.0,168.0,195.68421052631578,310.04761904761904,180.61796047300876,208.19038360996504,163.0,268.5,814.0,1022.0,12.0,5.0,0.6311424391111399,0.6070763500931099
0.9726318276591565,"pat-karno=='[30.00,70.00)'",30.0,168.0,220.0,310.04761904761904,173.7502038368109,208.19038360996504,199.0,268.5,814.0,1022.0,12.0,5.0,0.7095684226693288,0.7411545623836127
0.9649542943563091,ph-ecog=='2.0',39.0,168.0,232.51282051282053,310.04761904761904,188.23674016635266,208.19038360996504,199.0,268.5,814.0,1022.0,11.0,5.0,0.7499261604621765,0.7411545623836127
