quality,subgroup,size_sg,size_dataset,mean_sg,mean_dataset,std_sg,std_dataset,median_sg,median_dataset,max_sg,max_dataset,min_sg,min_dataset,mean_lift,median_lift
0.9994687764678093,condition=='2.0',43.0,193.0,322.27906976744185,561.259067357513,312.05003516366776,419.02760025479944,255.0,446.0,1446.0,1823.0,11.0,11.0,0.5742073286847325,0.5717488789237668
0.9987156688548116,condition=='2.0' AND sex=='male',28.0,193.0,292.7142857142857,561.259067357513,293.51440183001694,419.02760025479944,211.0,446.0,1446.0,1823.0,11.0,11.0,0.5215315043237091,0.4730941704035874
0.9981018690915558,condition=='1.0' AND n-staging=='2',30.0,193.0,820.3666666666667,561.259067357513,412.1648928388842,419.02760025479944,823.5,446.0,1644.0,1823.0,222.0,11.0,1.4616541885533696,1.8464125560538116
0.997184925625244,condition=='2.0' AND treatment=='test',24.0,193.0,294.1666666666667,561.259067357513,285.75304994969963,419.02760025479944,260.0,446.0,1377.0,1823.0,11.0,11.0,0.5241192236797971,0.5829596412556054
0.996882955141217,condition=='2.0' AND grade=='2.0',29.0,193.0,320.2758620689655,561.259067357513,273.2776656091905,419.02760025479944,264.0,446.0,1446.0,1823.0,15.0,11.0,0.5706381966831637,0.5919282511210763
0.9953957688043648,condition=='1.0' AND t-staging=='2',22.0,193.0,831.9545454545455,561.259067357513,409.8425947596697,419.02760025479944,766.5,446.0,1565.0,1823.0,90.0,11.0,1.4823004096334782,1.718609865470852
