quality,subgroup,size_sg,size_dataset,mean_sg,mean_dataset,std_sg,std_dataset,median_sg,median_dataset,max_sg,max_dataset,min_sg,min_dataset,mean_lift,median_lift
0.9999993494404386,"pnodes=='[4.00,8.00]'",143.0,686.0,834.7202797202797,1124.4897959183672,553.0931256783517,642.3232697329929,730.0,1084.0,2286.0,2659.0,15.0,8.0,0.7423102306042415,0.6734317343173432
0.9999906239610414,"horTh=='no' AND pnodes=='[4.00,8.00]'",89.0,686.0,807.2247191011236,1124.4897959183672,530.0978657324839,642.3232697329929,631.0,1084.0,2286.0,2659.0,16.0,8.0,0.7178586431207815,0.5821033210332104
0.9999425931138002,"progrec=='[0.00,3.00)'",129.0,686.0,877.8139534883721,1124.4897959183672,592.7984842305818,642.3232697329929,721.0,1084.0,2128.0,2659.0,17.0,8.0,0.7806330983834889,0.665129151291513
0.9998551021656487,"pnodes=='[1.00,2.00)'",189.0,686.0,1325.5714285714287,1124.4897959183672,634.3755596790161,642.3232697329929,1427.0,1084.0,2556.0,2659.0,8.0,8.0,1.178820326678766,1.316420664206642
0.9997695201073945,"menostat=='Post' AND pnodes=='[4.00,8.00]'",87.0,686.0,858.0,1124.4897959183672,543.3723982853663,642.3232697329929,754.0,1084.0,2286.0,2659.0,15.0,8.0,0.7630127041742287,0.6955719557195572
0.9992844297958361,"horTh=='no' AND progrec=='[0.00,3.00)'",82.0,686.0,872.9634146341464,1124.4897959183672,546.671334022554,642.3232697329929,727.0,1084.0,2051.0,2659.0,17.0,8.0,0.7763195520339959,0.6706642066420664
