quality,subgroup,size_sg,size_dataset,mean_sg,mean_dataset,std_sg,std_dataset,median_sg,median_dataset,max_sg,max_dataset,min_sg,min_dataset,mean_lift,median_lift
0.9999999999999786,op=='1' AND stage-1=='1.0' AND stage-3=='0.0' AND stage-4=='0.0',294.0,901.0,1641.6292517006802,1145.3518312985573,1012.761800517039,934.165354480177,1650.0,819.0,4478.0,4478.0,14.0,0.0,1.4332969196368788,2.0146520146520146
0.9999999999999786,op=='1' AND stage-1=='1.0' AND stage-3=='0.0',294.0,901.0,1641.6292517006802,1145.3518312985573,1012.761800517039,934.165354480177,1650.0,819.0,4478.0,4478.0,14.0,0.0,1.4332969196368788,2.0146520146520146
0.9999999999999786,op=='1' AND stage-1=='1.0',294.0,901.0,1641.6292517006802,1145.3518312985573,1012.761800517039,934.165354480177,1650.0,819.0,4478.0,4478.0,14.0,0.0,1.4332969196368788,2.0146520146520146
0.9999999999999786,op=='1' AND stage-1=='1.0' AND stage-4=='0.0',294.0,901.0,1641.6292517006802,1145.3518312985573,1012.761800517039,934.165354480177,1650.0,819.0,4478.0,4478.0,14.0,0.0,1.4332969196368788,2.0146520146520146
