quality,subgroup,size_sg,size_dataset,mean_sg,mean_dataset,std_sg,std_dataset,median_sg,median_dataset,max_sg,max_dataset,min_sg,min_dataset,mean_lift,median_lift
0.9997497508594725,"op-year=='[1972.00,1977.00]'",74.0,205.0,1651.2567567567567,2152.8,498.4190698710303,1119.3205883535757,1787.0,2005.0,2165.0,5565.0,10.0,10.0,0.7670274789840006,0.8912718204488778
0.9993740074989554,"op-year=='[1962.00,1967.00)'",23.0,205.0,3061.6521739130435,2152.8,1668.1902093793703,1119.3205883535757,4103.0,2005.0,5565.0,5565.0,185.0,10.0,1.4221721357827217,2.0463840399002495
0.9992688523127284,"age=='[67.20,95.00]' AND ulceration=='1'",22.0,205.0,1305.0454545454545,2152.8,880.8616895493313,1119.3205883535757,1163.0,2005.0,3384.0,5565.0,10.0,10.0,0.6062084051214486,0.5800498753117207
