quality,subgroup,size_sg,size_dataset,mean_sg,mean_dataset,std_sg,std_dataset,median_sg,median_dataset,max_sg,max_dataset,min_sg,min_dataset,mean_lift,median_lift
0.9999966482133671,"age=='[34.00,53.00)' AND pcdx=='not-prog'",20.0,176.0,9493.2,5390.130681818182,3399.161523081832,3637.4486375585852,10334.0,5009.0,14325.0,14325.0,2236.0,6.0,1.7612188943808287,2.06308644440008
0.9999907514581434,"age=='[74.00,87.00]' AND pcdx=='not-prog'",38.0,176.0,2608.7368421052633,5390.130681818182,2008.2369157286423,3637.4486375585852,2380.5,5009.0,7246.0,14325.0,6.0,6.0,0.48398396923936776,0.47524455979237373
0.9999899875777581,"age=='[34.00,53.00)'",30.0,176.0,8671.933333333332,5390.130681818182,3719.7718920504913,3637.4486375585852,9359.5,5009.0,14325.0,14325.0,2223.0,6.0,1.6088540047062723,1.8685366340586944
0.9999883709680542,"age=='[74.00,87.00]'",39.0,176.0,2673.7179487179487,5390.130681818182,2022.3900553136846,3637.4486375585852,2422.0,5009.0,7246.0,14325.0,6.0,6.0,0.4960395408847599,0.4835296466360551
