quality,subgroup,size_sg,size_dataset,mean_sg,mean_dataset,std_sg,std_dataset,median_sg,median_dataset,max_sg,max_dataset,min_sg,min_dataset,mean_lift,median_lift
0.9982580072098981,cell-type=='aquamous' AND treat=='test',20.0,137.0,260.3,121.62773722627738,294.6196021991748,157.2396936986393,156.5,80.0,999.0,999.0,1.0,1.0,2.1401368301026227,1.95625
0.9981812666609516,"age=='[48.20,60.00)' AND treat=='test'",14.0,137.0,283.35714285714283,121.62773722627738,329.7550188381969,157.2396936986393,145.5,80.0,999.0,999.0,7.0,1.0,2.3297082501007362,1.81875
0.9934934555890671,"karno=='[10.00,40.00)'",22.0,137.0,28.318181818181817,121.62773722627738,29.651592573566095,157.2396936986393,19.5,80.0,144.0,999.0,1.0,1.0,0.23282667641426566,0.24375
0.9779192528371603,cell-type=='aquamous',35.0,137.0,200.2,121.62773722627738,244.66032429822837,157.2396936986393,111.0,80.0,999.0,999.0,1.0,1.0,1.646006121346696,1.3875
