quality,subgroup,size_sg,size_dataset,mean_sg,mean_dataset,std_sg,std_dataset,median_sg,median_dataset,max_sg,max_dataset,min_sg,min_dataset,mean_lift,median_lift
0.9999999992356353,"age=='[83.00,104.00]' AND chf=='1'",58.0,500.0,291.7241379310345,882.436,387.61787053139244,704.959115058455,119.0,631.5,1964.0,2358.0,1.0,1.0,0.33058957015696827,0.18844022169437846
0.9999999973291354,"age=='[83.00,104.00]' AND av3=='0' AND chf=='1'",56.0,500.0,301.75,882.436,390.76295563934923,704.959115058455,131.5,631.5,1964.0,2358.0,1.0,1.0,0.3419511443322802,0.2082343626286619
0.9999999950467962,"age=='[83.00,104.00]' AND chf=='1' AND mitype=='0'",50.0,500.0,282.26,882.436,330.8343881763201,704.959115058455,131.5,631.5,1363.0,2358.0,1.0,1.0,0.3198645567497246,0.2082343626286619
0.9999999754596631,chf=='1' AND mitype=='0',113.0,500.0,484.0353982300885,882.436,527.7135172317355,704.959115058455,328.0,631.5,2126.0,2358.0,1.0,1.0,0.5485218171403802,0.5193982581155978
0.9999999744173512,"age=='[83.00,104.00]' AND chf=='1' AND sho=='0'",51.0,500.0,314.3529411764706,882.436,401.85900480921345,704.959115058455,134.0,631.5,1964.0,2358.0,1.0,1.0,0.35623313325438966,0.2121931908155186
0.9999999548018255,av3=='0' AND chf=='1' AND mitype=='0',111.0,500.0,488.52252252252254,882.436,530.5928495704202,704.959115058455,328.0,631.5,2126.0,2358.0,1.0,1.0,0.5536067460105011,0.5193982581155978
