{"actg320": {"R0": {"R0": 1.0, "R1": 0.24997698817229597, "R2": 0.24997698817229597}, "R1": {"R0": 0.24997698817229597, "R1": 1.0, "R2": 1.0}, "R2": {"R0": 0.24997698817229597, "R1": 1.0, "R2": 1.0}}, "breast-cancer": {"R0": {"R0": 1.0, "R1": 0.935563872125365, "R2": 0.8381442162691732, "R3": 0.2681469337659529, "R4": 0.9892625845664689, "R5": 0.45717937780382334, "R6": 0.7546820250370437, "R7": 0.9239427734705454, "R8": 0.7945647822389938}, "R1": {"R0": 0.935563872125365, "R1": 1.0, "R2": 0.8992458190971081, "R3": 0.2664082570028702, "R4": 0.9326967134918132, "R5": 0.4447393268492855, "R6": 0.8126221504855703, "R7": 0.9837408251762018, "R8": 0.8448317687928091}, "R2": {"R0": 0.8381442162691732, "R1": 0.8992458190971081, "R2": 1.0, "R3": 0.19150936060398194, "R4": 0.8319216686366926, "R5": 0.35106514136278577, "R6": 0.9161158798442111, "R7": 0.9163940258840576, "R8": 0.9498112005868871}, "R3": {"R0": 0.2681469337659529, "R1": 0.2664082570028702, "R2": 0.19150936060398194, "R3": 1.0, "R4": 0.3735073855592529, "R5": 0.781575488390162, "R6": 0.18081815510041765, "R7": 0.37181757349535305, "R8": 0.2458071250396996}, "R4": {"R0": 0.9892625845664689, "R1": 0.9326967134918132, "R2": 0.8319216686366926, "R3": 0.3735073855592529, "R4": 1.0, "R5": 0.561637314871984, "R6": 0.7553773092706797, "R7": 0.9285472783414049, "R8": 0.7830527734415033}, "R5": {"R0": 0.45717937780382334, "R1": 0.4447393268492855, "R2": 0.35106514136278577, "R3": 0.781575488390162, "R4": 0.561637314871984, "R5": 1.0, "R6": 0.3266367386020037, "R7": 0.5450129929411451, "R8": 0.4014102255187222}, "R6": {"R0": 0.7546820250370437, "R1": 0.8126221504855703, "R2": 0.9161158798442111, "R3": 0.18081815510041765, "R4": 0.7553773092706797, "R5": 0.3266367386020037, "R6": 1.0, "R7": 0.8330658455791445, "R8": 0.975840257981776}, "R7": {"R0": 0.9239427734705454, "R1": 0.9837408251762018, "R2": 0.9163940258840576, "R3": 0.37181757349535305, "R4": 0.9285472783414049, "R5": 0.5450129929411451, "R6": 0.8330658455791445, "R7": 1.0, "R8": 0.8486728677793771}, "R8": {"R0": 0.7945647822389938, "R1": 0.8448317687928091, "R2": 0.9498112005868871, "R3": 0.2458071250396996, "R4": 0.7830527734415033, "R5": 0.4014102255187222, "R6": 0.975840257981776, "R7": 0.8486728677793771, "R8": 1.0}}, "cancer": {"R0": {"R0": 1.0, "R1": 0.025643103643399168, "R2": 0.0006557607471369131, "R3": 0.0008537184257619845, "R4": 0.021664490957610028, "R5": 8.843920732082289e-06}, "R1": {"R0": 0.025643103643399168, "R1": 1.0, "R2": 0.5916960292032631, "R3": 0.8151921445976489, "R4": 0.6555958861649436, "R5": 0.008965561304009717}, "R2": {"R0": 0.0006557607471369131, "R1": 0.5916960292032631, "R2": 1.0, "R3": 0.7415755357312475, "R4": 0.257500010754652, "R5": 0.012717892224809124}, "R3": {"R0": 0.0008537184257619845, "R1": 0.8151921445976489, "R2": 0.7415755357312475, "R3": 1.0, "R4": 0.3684191978480308, "R5": 0.00697559572409423}, "R4": {"R0": 0.021664490957610028, "R1": 0.6555958861649436, "R2": 0.257500010754652, "R3": 0.3684191978480308, "R4": 1.0, "R5": 0.001996523990597132}, "R5": {"R0": 8.843920732082289e-06, "R1": 0.008965561304009717, "R2": 0.012717892224809124, "R3": 0.00697559572409423, "R4": 0.001996523990597132, "R5": 1.0}}, "carcinoma": {"R0": {"R0": 1.0, "R1": 6.603937729998677e-09, "R2": 0.20350147108345262, "R3": 0.05410115817687089, "R4": 8.85419482177241e-09}, "R1": {"R0": 6.603937729998677e-09, "R1": 1.0, "R2": 1.58592581289696e-08, "R3": 7.930964794899964e-07, "R4": 0.7203902240128623}, "R2": {"R0": 0.20350147108345262, "R1": 1.58592581289696e-08, "R2": 1.0, "R3": 0.34969663767160264, "R4": 1.2108541169730813e-08}, "R3": {"R0": 0.05410115817687089, "R1": 7.930964794899964e-07, "R2": 0.34969663767160264, "R3": 1.0, "R4": 3.988671656296461e-07}, "R4": {"R0": 8.85419482177241e-09, "R1": 0.7203902240128623, "R2": 1.2108541169730813e-08, "R3": 3.988671656296461e-07, "R4": 1.0}}, "gbsg2": {"R0": {"R0": 1.0, "R1": 0.012110427084202402, "R2": 0.003834578321644466, "R3": 9.992007221626409e-16, "R4": 0.0501752409373849, "R5": 0.6388129365741304, "R6": 4.856482993531586e-10}, "R1": {"R0": 0.012110427084202402, "R1": 1.0, "R2": 0.6557609893471764, "R3": 0.0, "R4": 0.9506702821039986, "R5": 0.04819304068068042, "R6": 2.426947531830592e-13}, "R2": {"R0": 0.003834578321644466, "R1": 0.6557609893471764, "R2": 1.0, "R3": 0.0, "R4": 0.6078679681503094, "R5": 0.016172763823783853, "R6": 2.220446049250313e-15}, "R3": {"R0": 9.992007221626409e-16, "R1": 0.0, "R2": 0.0, "R3": 1.0, "R4": 1.1102230246251565e-15, "R5": 2.9976021664879227e-15, "R6": 0.3669409306653598}, "R4": {"R0": 0.0501752409373849, "R1": 0.9506702821039986, "R2": 0.6078679681503094, "R3": 1.1102230246251565e-15, "R4": 1.0, "R5": 0.14890823972374068, "R6": 1.7834289600671127e-11}, "R5": {"R0": 0.6388129365741304, "R1": 0.04819304068068042, "R2": 0.016172763823783853, "R3": 2.9976021664879227e-15, "R4": 0.14890823972374068, "R5": 1.0, "R6": 1.559691265029528e-10}, "R6": {"R0": 4.856482993531586e-10, "R1": 2.426947531830592e-13, "R2": 2.220446049250313e-15, "R3": 0.3669409306653598, "R4": 1.7834289600671127e-11, "R5": 1.559691265029528e-10, "R6": 1.0}}, "lung": {"R0": {"R0": 1.0, "R1": 0.0, "R2": 0.0, "R3": 0.0, "R4": 0.33982174712565294, "R5": 0.0}, "R1": {"R0": 0.0, "R1": 1.0, "R2": 0.0001948419668763579, "R3": 0.0006391442560399474, "R4": 0.0, "R5": 0.013131917815071281}, "R2": {"R0": 0.0, "R1": 0.0001948419668763579, "R2": 1.0, "R3": 0.5402398188951023, "R4": 0.0, "R5": 0.1779143235830013}, "R3": {"R0": 0.0, "R1": 0.0006391442560399474, "R2": 0.5402398188951023, "R3": 1.0, "R4": 0.0, "R5": 0.4245809097005516}, "R4": {"R0": 0.33982174712565294, "R1": 0.0, "R2": 0.0, "R3": 0.0, "R4": 1.0, "R5": 0.0}, "R5": {"R0": 0.0, "R1": 0.013131917815071281, "R2": 0.1779143235830013, "R3": 0.4245809097005516, "R4": 0.0, "R5": 1.0}}, "melanoma": {"R0": {"R0": 1.0, "R1": 0.6599711340088582, "R2": 1.0830798957695009e-07}, "R1": {"R0": 0.6599711340088582, "R1": 1.0, "R2": 0.04788333590321037}, "R2": {"R0": 1.0830798957695009e-07, "R1": 0.04788333590321037, "R2": 1.0}}, "mgus2": {"R0": {"R0": 1.0, "R1": 0.0, "R2": 0.0, "R3": 4.481668428590879e-07, "R4": 0.0, "R5": 0.0, "R6": 0.0}, "R1": {"R0": 0.0, "R1": 1.0, "R2": 0.6328635072990587, "R3": 0.0, "R4": 0.0007252235613722791, "R5": 0.0, "R6": 0.0}, "R2": {"R0": 0.0, "R1": 0.6328635072990587, "R2": 1.0, "R3": 0.0, "R4": 0.013186136715515051, "R5": 0.0, "R6": 0.0}, "R3": {"R0": 4.481668428590879e-07, "R1": 0.0, "R2": 0.0, "R3": 1.0, "R4": 0.0, "R5": 0.0, "R6": 0.0}, "R4": {"R0": 0.0, "R1": 0.0007252235613722791, "R2": 0.013186136715515051, "R3": 0.0, "R4": 1.0, "R5": 0.0, "R6": 0.0}, "R5": {"R0": 0.0, "R1": 0.0, "R2": 0.0, "R3": 0.0, "R4": 0.0, "R5": 1.0, "R6": 0.019283259876398895}, "R6": {"R0": 0.0, "R1": 0.0, "R2": 0.0, "R3": 0.0, "R4": 0.0, "R5": 0.019283259876398895, "R6": 1.0}}, "mgus": {"R0": {"R0": 1.0, "R1": 0.4306515544737769, "R2": 2.569044976752366e-11, "R3": 2.7251090273239242e-11, "R4": 0.20017595681952527, "R5": 0.8179319144103474, "R6": 8.371925375172395e-11}, "R1": {"R0": 0.4306515544737769, "R1": 1.0, "R2": 2.98462254910703e-10, "R3": 2.757456485369403e-10, "R4": 0.5472205034622006, "R5": 0.5989276077472017, "R6": 6.113008987895796e-10}, "R2": {"R0": 2.569044976752366e-11, "R1": 2.98462254910703e-10, "R2": 1.0, "R3": 0.9386975210963081, "R4": 1.7757905812487706e-08, "R5": 1.13967579817853e-09, "R6": 0.9315989715602616}, "R3": {"R0": 2.7251090273239242e-11, "R1": 2.757456485369403e-10, "R2": 0.9386975210963081, "R3": 1.0, "R4": 1.590291565101154e-08, "R5": 1.1762938401105316e-09, "R6": 0.9885021697321351}, "R4": {"R0": 0.20017595681952527, "R1": 0.5472205034622006, "R2": 1.7757905812487706e-08, "R3": 1.590291565101154e-08, "R4": 1.0, "R5": 0.2973232065517236, "R6": 3.072834875439412e-08}, "R5": {"R0": 0.8179319144103474, "R1": 0.5989276077472017, "R2": 1.13967579817853e-09, "R3": 1.1762938401105316e-09, "R4": 0.2973232065517236, "R5": 1.0, "R6": 3.080337318550619e-09}, "R6": {"R0": 8.371925375172395e-11,