{"actg320": {"R0": {"pval_logrank": 0.35949751305421473, "pval_ttest": 4.111497337834928e-05}, "R1": {"pval_logrank": 0.16790087272736343, "pval_ttest": 0.00018492186164349158}, "R2": {"pval_logrank": 0.16790087272736343, "pval_ttest": 0.00018492186164349158}}, "breast-cancer": {"R0": {"pval_logrank": 9.992007221626409e-16, "pval_ttest": 2.0839214102081768e-08}, "R1": {"pval_logrank": 6.772360450213455e-15, "pval_ttest": 5.1468006345444636e-08}, "R2": {"pval_logrank": 0.0, "pval_ttest": 5.159752092069874e-08}, "R3": {"pval_logrank": 1.7229662963025305e-07, "pval_ttest": 5.484717727022728e-08}, "R4": {"pval_logrank": 2.130184917348288e-12, "pval_ttest": 5.733428139591523e-08}, "R5": {"pval_logrank": 2.31792850469148e-08, "pval_ttest": 1.0007289097854595e-07}, "R6": {"pval_logrank": 1.1102230246251565e-16, "pval_ttest": 1.251514698066793e-07}, "R7": {"pval_logrank": 1.193700693846722e-11, "pval_ttest": 1.312117025945516e-07}, "R8": {"pval_logrank": 2.5868196473766147e-14, "pval_ttest": 1.3157524351424862e-07}}, "cancer": {"R0": {"pval_logrank": 9.769962616701378e-15, "pval_ttest": 0.00027596314405882856}, "R1": {"pval_logrank": 0.0009392379859822775, "pval_ttest": 0.007292325654450348}, "R2": {"pval_logrank": 0.0006683644783060938, "pval_ttest": 0.007753362439986252}, "R3": {"pval_logrank": 0.000272318134849292, "pval_ttest": 0.008757887670220904}, "R4": {"pval_logrank": 6.601290313257291e-05, "pval_ttest": 0.010823474732531231}, "R5": {"pval_logrank": 0.10565683026688966, "pval_ttest": 0.010903466454293818}}, "carcinoma": {"R0": {"pval_logrank": 1.2634948642897825e-10, "pval_ttest": 1.690921467083439e-07}, "R1": {"pval_logrank": 4.3335584121173554e-08, "pval_ttest": 1.573194835330648e-05}, "R2": {"pval_logrank": 0.0001421574996282038, "pval_ttest": 4.590975162628014e-05}, "R3": {"pval_logrank": 0.0008924851098262021, "pval_ttest": 0.0001926452673668608}, "R4": {"pval_logrank": 4.667074300357399e-07, "pval_ttest": 0.00020735916799402394}}, "gbsg2": {"R0": {"pval_logrank": 4.440892098500626e-16, "pval_ttest": 8.458552082628316e-10}, "R1": {"pval_logrank": 7.771561172376096e-16, "pval_ttest": 2.2278237381726282e-08}, "R2": {"pval_logrank": 1.4432899320127035e-15, "pval_ttest": 1.4853408106821675e-07}, "R3": {"pval_logrank": 2.907627771331356e-06, "pval_ttest": 3.4857394144010064e-07}, "R4": {"pval_logrank": 3.0681235330121126e-11, "pval_ttest": 4.4656658251890085e-07}, "R5": {"pval_logrank": 1.5220047444586271e-12, "pval_ttest": 4.849281742511881e-07}, "R6": {"pval_logrank": 0.0010077411710365247, "pval_ttest": 8.04036084919706e-07}}, "lung": {"R0": {"pval_logrank": 0.0, "pval_ttest": 8.015218494057642e-22}, "R1": {"pval_logrank": 0.0, "pval_ttest": 8.015218494057642e-22}, "R2": {"pval_logrank": 0.0, "pval_ttest": 3.829255570282951e-23}, "R3": {"pval_logrank": 0.0, "pval_ttest": 1.4901141973523995e-23}, "R4": {"pval_logrank": 0.0, "pval_ttest": 4.008075730986592e-23}, "R5": {"pval_logrank": 0.0, "pval_ttest": 4.529491770725773e-18}}, "melanoma": {"R0": {"pval_logrank": 0.013350442517281125, "pval_ttest": 7.920290005638417e-07}, "R1": {"pval_logrank": 0.9797921411091215, "pval_ttest": 6.688928860363772e-06}, "R2": {"pval_logrank": 9.271953316236647e-09, "pval_ttest": 1.4866195805318397e-05}}, "mgus2": {"R0": {"pval_logrank": 0.0, "pval_ttest": 2.0688072963878723e-26}, "R1": {"pval_logrank": 0.0, "pval_ttest": 2.0273113879705868e-24}, "R2": {"pval_logrank": 0.0, "pval_ttest": 2.4217932935270815e-21}, "R3": {"pval_logrank": 0.0, "pval_ttest": 1.7748475708973112e-271}, "R4": {"pval_logrank": 0.0, "pval_ttest": 1.4753852270335352e-32}, "R5": {"pval_logrank": 0.0, "pval_ttest": 1.1957279134497137e-120}, "R6": {"pval_logrank": 0.0, "pval_ttest": 1.623335781541491e-25}}, "mgus": {"R0": {"pval_logrank": 1.3167421808457647e-07, "pval_ttest": 1.7458402149265528e-08}, "R1": {"pval_logrank": 5.226317401074709e-07, "pval_ttest": 2.7179563834081624e-08}, "R2": {"pval_logrank": 2.672972954087527e-12, "pval_ttest": 3.4097123585875207e-08}, "R3": {"pval_logrank": 4.516054197267749e-12, "pval_ttest": 4.329816408459115e-08}, "R4": {"pval_logrank": 2.728145445440866e-06, "pval_ttest": 1.1418211161112506e-07}, "R5": {"pval_logrank": 1.3721744741568287e-06, "pval_ttest": 2.0390456036136045e-07}, "R6": {"pval_logrank": 1.3406940002624879e-09, "pval_ttest": 2.81965839024054e-06}}, "pbc": {"R0": {"pval_logrank": 0.0, "pval_ttest": 1.4639205471381028e-11}, "R1": {"pval_logrank": 0.0, "pval_ttest": 8.369987382718475e-11}, "R2": {"pval_logrank": 0.0, "pval_ttest": 1.302484633668779e-10}, "R3": {"pval_logrank": 0.0, "pval_ttest": 1.9347940965353322e-10}, "R4": {"pval_logrank": 0.0, "pval_ttest": 1.9615568312211015e-10}, "R5": {"pval_logrank": 7.260636536443599e-11, "pval_ttest": 2.073456416875356e-10}, "R6": {"pval_logrank": 7.260636536443599e-11, "pval_ttest": 2.073456416875356e-10}, "R7": {"pval_logrank": 0.0, "pval_ttest": 3.1482932541043376e-10}}, "ptc": {"R0": {"pval_logrank": 0.11812495338263551, "pval_ttest": 3.683752681680242e-14}, "R1": {"pval_logrank": 0.9882970742518703, "pval_ttest": 5.599779427251266e-13}, "R2": {"pval_logrank": 0.9882970742518703, "pval_ttest": 5.599779427251266e-13}, "R3": {"pval_logrank": 0.9882970742518703, "pval_ttest": 5.599779427251266e-13}}, "uis": {"R0": {"pval_logrank": 8.881784197001252e-16, "pval_ttest": 5.885538872057856e-23}, "R1": {"pval_logrank": 9.013900736931646e-12, "pval_ttest": 1.5603395034291145e-18}, "R2": {"pval_logrank": 4.058576807963732e-10, "pval_ttest": 1.9961636417743886e-15}, "R3": {"pval_logrank": 0.0, "pval_ttest": 9.619156787973727e-14}, "R4": {"pval_logrank": 0.0, "pval_ttest": 2.309497340550113e-13}, "R5": {"pval_logrank": 1.115418898356424e-07, "pval_ttest": 1.1349766029800427e-12}, "R6": {"pval_logrank": 0.0, "pval_ttest": 2.6513845182460006e-12}, "R7": {"pval_logrank": 0.0, "pval_ttest": 1.9199578880269976e-11}}, "veteran": {"R0": {"pval_logrank": 4.49850558953413e-05, "pval_ttest": 3.3683444733099294e-14}, "R1": {"pval_logrank": 0.00010771334069137328, "pval_ttest": 1.871374198940753e-09}, "R2": {"pval_logrank": 0.0007882850331738522, "pval_ttest": 1.1838926680645484e-05}, "R3": {"pval_logrank": 0.003079728099616097, "pval_ttest": 2.0083525595126484e-05}, "R4": {"pval_logrank": 0.002598053010167356, "pval_ttest": 3.263781832276953e-05}, "R5": {"pval_logrank": 0.014453801462912308, "pval_ttest": 3.907101700334172e-05}}, "whas500": {"R0": {"pval_logrank": 0.0, "pval_ttest": 2.9772313958688894e-12}, "R1": {"pval_logrank": 0.0, "pval_ttest": 4.072853259933466e-12}, "R2": {"pval_logrank": 0.0, "pval_ttest": 9.520575035966699e-12}, "R3": {"pval_logrank": 0.0, "pval_ttest": 2.533182492784124e-11}, "R4": {"pval_logrank": 0.0, "pval_ttest": 1.0165701496260529e-10}}}