{"actg320": {"R0": {"R0": 1.0, "R1": 0.0, "R2": 0.0}, "R1": {"R0": 0.0, "R1": 1.0, "R2": 1.0}, "R2": {"R0": 0.0, "R1": 1.0, "R2": 1.0}}, "breast-cancer": {"R0": {"R0": 1.0, "R1": 1.0, "R2": 1.0, "R3": 0.6470588235294118, "R4": 0.7692307692307693, "R5": 0.6875, "R6": 1.0, "R7": 0.75, "R8": 0.75}, "R1": {"R0": 1.0, "R1": 1.0, "R2": 0.9375, "R3": 0.6875, "R4": 0.6923076923076923, "R5": 0.6875, "R6": 1.0, "R7": 0.75, "R8": 0.6666666666666666}, "R2": {"R0": 1.0, "R1": 0.9375, "R2": 1.0, "R3": 0.625, "R4": 0.6923076923076923, "R5": 0.625, "R6": 1.0, "R7": 0.6666666666666666, "R8": 0.75}, "R3": {"R0": 0.6470588235294118, "R1": 0.6875, "R2": 0.625, "R3": 1.0, "R4": 0.8461538461538461, "R5": 1.0, "R6": 0.6666666666666666, "R7": 0.9166666666666666, "R8": 0.8333333333333334}, "R4": {"R0": 0.7692307692307693, "R1": 0.6923076923076923, "R2": 0.6923076923076923, "R3": 0.8461538461538461, "R4": 1.0, "R5": 0.7692307692307693, "R6": 0.6153846153846154, "R7": 1.0, "R8": 1.0}, "R5": {"R0": 0.6875, "R1": 0.6875, "R2": 0.625, "R3": 1.0, "R4": 0.7692307692307693, "R5": 1.0, "R6": 0.6666666666666666, "R7": 0.8333333333333334, "R8": 0.75}, "R6": {"R0": 1.0, "R1": 1.0, "R2": 1.0, "R3": 0.6666666666666666, "R4": 0.6153846153846154, "R5": 0.6666666666666666, "R6": 1.0, "R7": 0.6666666666666666, "R8": 0.6666666666666666}, "R7": {"R0": 0.75, "R1": 0.75, "R2": 0.6666666666666666, "R3": 0.9166666666666666, "R4": 1.0, "R5": 0.8333333333333334, "R6": 0.6666666666666666, "R7": 1.0, "R8": 0.9166666666666666}, "R8": {"R0": 0.75, "R1": 0.6666666666666666, "R2": 0.75, "R3": 0.8333333333333334, "R4": 1.0, "R5": 0.75, "R6": 0.6666666666666666, "R7": 0.9166666666666666, "R8": 1.0}}, "cancer": {"R0": {"R0": 1.0, "R1": 1.0, "R2": 1.0, "R3": 0.5, "R4": 0.5, "R5": 0.0}, "R1": {"R0": 1.0, "R1": 1.0, "R2": 1.0, "R3": 0.5, "R4": 0.2631578947368421, "R5": 0.07692307692307693}, "R2": {"R0": 1.0, "R1": 1.0, "R2": 1.0, "R3": 0.7, "R4": 0.5789473684210527, "R5": 0.07692307692307693}, "R3": {"R0": 0.5, "R1": 0.5, "R2": 0.7, "R3": 1.0, "R4": 1.0, "R5": 0.0}, "R4": {"R0": 0.5, "R1": 0.2631578947368421, "R2": 0.5789473684210527, "R3": 1.0, "R4": 1.0, "R5": 0.0}, "R5": {"R0": 0.0, "R1": 0.07692307692307693, "R2": 0.07692307692307693, "R3": 0.0, "R4": 0.0, "R5": 1.0}}, "carcinoma": {"R0": {"R0": 1.0, "R1": 0.0, "R2": 1.0, "R3": 1.0, "R4": 0.0}, "R1": {"R0": 0.0, "R1": 1.0, "R2": 0.0, "R3": 0.0, "R4": 1.0}, "R2": {"R0": 1.0, "R1": 0.0, "R2": 1.0, "R3": 0.43333333333333335, "R4": 0.0}, "R3": {"R0": 1.0, "R1": 0.0, "R2": 0.43333333333333335, "R3": 1.0, "R4": 0.0}, "R4": {"R0": 0.0, "R1": 1.0, "R2": 0.0, "R3": 0.0, "R4": 1.0}}, "gbsg2": {"R0": {"R0": 1.0, "R1": 1.0, "R2": 1.0, "R3": 0.0, "R4": 1.0, "R5": 1.0, "R6": 0.0}, "R1": {"R0": 1.0, "R1": 1.0, "R2": 0.5142857142857142, "R3": 0.0, "R4": 0.5526315789473685, "R5": 0.6304347826086957, "R6": 0.0}, "R2": {"R0": 1.0, "R1": 0.5142857142857142, "R2": 1.0, "R3": 0.0, "R4": 0.34285714285714286, "R5": 0.6571428571428571, "R6": 0.0}, "R3": {"R0": 0.0, "R1": 0.0, "R2": 0.0, "R3": 1.0, "R4": 0.0, "R5": 0.0, "R6": 1.0}, "R4": {"R0": 1.0, "R1": 0.5526315789473685, "R2": 0.34285714285714286, "R3": 0.0, "R4": 1.0, "R5": 0.6052631578947368, "R6": 0.0}, "R5": {"R0": 1.0, "R1": 0.6304347826086957, "R2": 0.6571428571428571, "R3": 0.0, "R4": 0.6052631578947368, "R5": 1.0, "R6": 0.0}, "R6": {"R0": 0.0, "R1": 0.0, "R2": 0.0, "R3": 1.0, "R4": 0.0, "R5": 0.0, "R6": 1.0}}, "lung": {"R0": {"R0": 1.0, "R1": 0.0, "R2": 0.0, "R3": 0.1671388101983003, "R4": 0.7978723404255319, "R5": 0.17080745341614906}, "R1": {"R0": 0.0, "R1": 1.0, "R2": 1.0, "R3": 0.8328611898016998, "R4": 0.3135011441647597, "R5": 0.8291925465838509}, "R2": {"R0": 0.0, "R1": 1.0, "R2": 1.0, "R3": 0.7453874538745388, "R4": 0.0959409594095941, "R5": 0.985239852398524}, "R3": {"R0": 0.1671388101983003, "R1": 0.8328611898016998, "R2": 0.7453874538745388, "R3": 1.0, "R4": 0.0, "R5": 0.7267080745341615}, "R4": {"R0": 0.7978723404255319, "R1": 0.3135011441647597, "R2": 0.0959409594095941, "R3": 0.0, "R4": 1.0, "R5": 0.12111801242236025}, "R5": {"R0": 0.17080745341614906, "R1": 0.8291925465838509, "R2": 0.985239852398524, "R3": 0.7267080745341615, "R4": 0.12111801242236025, "R5": 1.0}}, "melanoma": {"R0": {"R0": 1.0, "R1": 0.0, "R2": 0.23684210526315788}, "R1": {"R0": 0.0, "R1": 1.0, "R2": 0.0}, "R2": {"R0": 0.23684210526315788, "R1": 0.0, "R2": 1.0}}, "mgus2": {"R0": {"R0": 1.0, "R1": 0.0, "R2": 0.0, "R3": 0.4087301587301587, "R4": 0.11507936507936507, "R5": 0.1388888888888889, "R6": 0.20588235294117646}, "R1": {"R0": 0.0, "R1": 1.0, "R2": 1.0, "R3": 0.03717472118959108, "R4": 0.29056603773584905, "R5": 0.32452830188679244, "R6": 0.29411764705882354}, "R2": {"R0": 0.0, "R1": 1.0, "R2": 1.0, "R3": 0.03225806451612903, "R4": 0.271889400921659, "R5": 0.3456221198156682, "R6": 0.2647058823529412}, "R3": {"R0": 0.4087301587301587, "R1": 0.03717472118959108, "R2": 0.03225806451612903, "R3": 1.0, "R4": 0.0, "R5": 0.0, "R6": 0.0}, "R4": {"R0": 0.11507936507936507, "R1": 0.29056603773584905, "R2": 0.271889400921659, "R3": 0.0, "R4": 1.0, "R5": 0.0, "R6": 0.0}, "R5": {"R0": 0.1388888888888889, "R1": 0.32452830188679244, "R2": 0.3456221198156682, "R3": 0.0, "R4": 0.0, "R5": 1.0, "R6": 1.0}, "R6": {"R0": 0.20588235294117646, "R1": 0.29411764705882354, "R2": 0.2647058823529412, "R3": 0.0, "R4": 0.0, "R5": 1.0, "R6": 1.0}}, "mgus": {"R0": {"R0": 1.0, "R1": 1.0, "R2": 0.0, "R3": 0.0, "R4": 1.0, "R5": 1.0, "R6": 0.0}, "R1": {"R0": 1.0, "R1": 1.0, "R2": 0.0, "R3": 0.0, "R4": 1.0, "R5": 0.7, "R6": 0.0}, "R2": {"R0": 0.0, "R1": 0.0, "R2": 1.0, "R3": 1.0, "R4": 0.0, "R5": 0.0, "R6": 1.0}, "R3": {"R0": 0.0, "R1": 0.0, "R2": 1.0, "R3": 1.0, "R4": 0.0, "R5": 0.0, "R6": 1.0}, "R4": {"R0": 1.0, "R1": 1.0, "R2": 0.0, "R3": 0.0, "R4": 1.0, "R5": 1.0, "R6": 0.0}, "R5": {"R0": 1.0, "R1": 0.7, "R2": 0.0, "R3": 0.0, "R4": 1.0, "R5": 1.0, "R6": 0.0}, "R6": {"R0": 0.0, "R1": 0.0, "R2": 1.0, "R3": 1.0, "R4": 0.0, "R5": 0.0, "R6": 1.0}}, "pbc": {"R0": {"R0": 1.0, "R1": 1.0, "R2": 1.0, "R3": 1.0, "R4": 1.0, "R5": 0.0, "R6": 0.0, "R7": 0.6935483870967742}, "R1": {"R0": 1.0, "R1": 1.0, "R2": 0.8529411764705882, "R3": 0.8529411764705882, "R4": 1.0, "R5": 0.0, "R6": 0.0, "R7": 0.5}, "R2": {"R0": 1.0, "R1": 0.8529411764705882, "R2": 1.0, "R3": 0.8367346938775511, "R4": 0.8275862068965517, "R5": 0.0, "R6": 0.0, "R7": 0.6530612244897959}, "R3": {"R0": 1.0, "R1": 0.8529411764705882, "R2": 0.8367346938775511, "R3": 1.0, "R4": 1.0, "R5": 0.0, "R6": 0.0, "R7": 0.660377358490566}, "R4": {"R0": 1.0, "R1": 1.0, "R2": 0.8275862068965517, "R3": 1.0, "R4": 1.0, "R5": 0.0, "R6": 0.0, "R7": 0.4482758620689655}, "R5": {"R0": 0.0, "R1": 0.0, "R2": 0.0, "R3": 0.0, "R4": 0.0, "R5": 1.0, "R6": 1.0, "R7": 1.0}, "R6": {"R0": 0.0, "R1": 0.0, "R2": 0.0, "R3": 0.0, "R4": 0.0, "R5": 1.0, "R6": 1.0, "R7": 1.0}, "R7": {"R0": 0.6935483870967742, "R1": 0.5, "R2": 0.6530612244897959, "R3": 0.660377358490566, "R4": 0.4482758620689655, "R5": 1.0, "R6": 1.0, "R7": 1.0}}, "ptc": {"R0": {"R0": 1.0, "R1": 0.6470588235294118, "R2": 0.6470588235294118, "R3": 0.6470588235294118}, "R1": {"R0": 0.6470588235294118, "R1": 1.0, "R2": 1.0, "R3": 1.0}, "R2": {"R0": 0.6470588235294118, "R1": 1.0, "R2": 1.0, "R3": 1.0}, "R3": {"R0": 0.6470588235294118, "R1": 1.0, "R2": 1.0, "R3": 1.0}}, "uis": {"R0": {"R0": 1.0, "R1": 1.0, "R2": 1.0, "R3": 0.0, "R4": 0.0, "R5": 1.0, "R6": 0.0, "R7": 0.0}, "R1": {"R0": 1.0, "R1": 1.0, "R2": 0.7411764705882353, "R3": 0.0, "R4": 0.0, "R5": 1.0, "R6": 0.0, "R7": 0.0}, "R2": {"R0": 1.0, "R1": 0.7411764705882353, "R2": 1.0, "R3": 0.0, "R4": 0.0, "R5": 1.0, "R6": 0.0, "R7": 0.0}, "R3": {"R0": 0.0, "R1": 0.0, "R2": 0.0, "R3": 1.0, "R4": 1.0, "R5": 0.0, "R6": 1.0, "R7": 1.0}, "R4": {"R0": 0.0, "R1": 0.0, "R2": 0.0, "R3": 1.0, "R4": 1.0, "R5": 0.0, "R6": 0.8490566037735849, "R7": 1.0}, "R5": {"R0": 1.0, "R1": 1.0, "R2": 1.0, "R3": 0.0, "R4": 0.0, "R5": 1.0, "R6": 0.0, "R7": 0.0}, "R6": {"R0": 0.0, "R1": 0.0, "R2": 0.0, "R3": 1.0, "R4": 0.8490566037735849, "R5": 0.0, "R6": 1.0, "R7": 1.0},