quality,subgroup,size_sg,size_dataset,mean_sg,mean_dataset,std_sg,std_dataset,median_sg,median_dataset,max_sg,max_dataset,min_sg,min_dataset,mean_lift,median_lift
0.9999588850266217,hemophil=='0' AND raceth=='1' AND sex=='1',513.0,1151.0,242.26315789473685,230.18331885317116,84.95040949553156,89.83806417997631,271.0,257.0,362.0,364.0,1.0,1.0,1.0524792113596693,1.0544747081712063
0.9998150781383565,"hemophil=='0' AND priorzdv=='[3.00,9.00)' AND raceth=='2'",68.0,1151.0,190.75,230.18331885317116,90.19462208436363,89.83806417997631,200.5,257.0,346.0,364.0,3.0,1.0,0.8286873303867653,0.7801556420233463
0.9998150781383565,"priorzdv=='[3.00,9.00)' AND raceth=='2'",68.0,1151.0,190.75,230.18331885317116,90.19462208436363,89.83806417997631,200.5,257.0,346.0,364.0,3.0,1.0,0.8286873303867653,0.7801556420233463
