quality,subgroup,size_sg,size_dataset,mean_sg,mean_dataset,std_sg,std_dataset,median_sg,median_dataset,max_sg,max_dataset,min_sg,min_dataset,mean_lift,median_lift
0.9999998309078533,condition=='1.0',142.0,193.0,653.1056338028169,561.259067357513,418.99814628227006,419.02760025479944,545.5,446.0,1823.0,1823.0,81.0,11.0,1.1636437997834592,1.2230941704035874
0.9999842680516466,condition=='2.0',43.0,193.0,322.27906976744185,561.259067357513,312.05003516366776,419.02760025479944,255.0,446.0,1446.0,1823.0,11.0,11.0,0.5742073286847325,0.5717488789237668
0.9999540902483737,condition=='1.0' AND t-staging=='3',63.0,193.0,735.1904761904761,561.259067357513,445.7514738250829,419.02760025479944,560.0,446.0,1823.0,1823.0,99.0,11.0,1.3098950537260035,1.2556053811659194
0.9998073547326332,condition=='1.0' AND n-staging=='2',30.0,193.0,820.3666666666667,561.259067357513,412.1648928388842,419.02760025479944,823.5,446.0,1644.0,1823.0,222.0,11.0,1.4616541885533696,1.8464125560538116
0.999792640832006,condition=='2.0' AND sex=='male',28.0,193.0,292.7142857142857,561.259067357513,293.51440183001694,419.02760025479944,211.0,446.0,1446.0,1823.0,11.0,11.0,0.5215315043237091,0.4730941704035874
