quality,subgroup,size_sg,size_dataset,mean_sg,mean_dataset,std_sg,std_dataset,median_sg,median_dataset,max_sg,max_dataset,min_sg,min_dataset,mean_lift,median_lift
1.0,op=='0',376.0,901.0,800.7101063829788,1145.3518312985573,706.7573641729916,934.165354480177,544.5,819.0,3156.0,4478.0,0.0,0.0,0.6990953211950283,0.6648351648351648
1.0,op=='1',525.0,901.0,1392.1809523809525,1145.3518312985573,996.9581524479482,934.165354480177,1211.0,819.0,4478.0,4478.0,8.0,0.0,1.2155050652012749,1.4786324786324787
1.0,op=='1' AND stage-2=='1.0',271.0,901.0,1603.5940959409595,1145.3518312985573,990.22037755618,934.165354480177,1602.0,819.0,4478.0,4478.0,14.0,0.0,1.4000886471040643,1.956043956043956
1.0,stage-1=='1.0',353.0,901.0,1523.1728045325779,1145.3518312985573,1000.3831198941675,934.165354480177,1441.0,819.0,4478.0,4478.0,0.0,0.0,1.3298732868883278,1.7594627594627594
1.0,stage-1=='3.0',437.0,901.0,835.7963386727689,1145.3518312985573,757.5393546568201,934.165354480177,544.0,819.0,4310.0,4478.0,0.0,0.0,0.7297289058552202,0.6642246642246642
1.0,stage-2=='1.0' AND stage-4=='0.0',322.0,901.0,1500.0155279503106,1145.3518312985573,987.3929801626153,934.165354480177,1358.0,819.0,4478.0,4478.0,0.0,0.0,1.309654803842806,1.6581196581196582
