quality,subgroup,size_sg,size_dataset,mean_sg,mean_dataset,std_sg,std_dataset,median_sg,median_dataset,max_sg,max_dataset,min_sg,min_dataset,mean_lift,median_lift
0.9999992079709994,"op-year=='[1972.00,1977.00]'",74.0,205.0,1651.2567567567567,2152.8,498.4190698710303,1119.3205883535757,1787.0,2005.0,2165.0,5565.0,10.0,10.0,0.7670274789840006,0.8912718204488778
0.9999933110711396,"op-year=='[1962.00,1967.00)' AND ulceration=='0'",14.0,205.0,3429.0714285714284,2152.8,1473.172643567312,1119.3205883535757,4111.0,2005.0,5565.0,5565.0,817.0,10.0,1.5928425439295002,2.0503740648379054
0.9999851338041947,"tumor-th=='[2.00,4.00]' AND ulceration=='1'",38.0,205.0,1454.921052631579,2152.8,1193.4907532016489,1119.3205883535757,974.5,2005.0,4492.0,5565.0,10.0,10.0,0.6758273191339552,0.4860349127182045
