quality,subgroup,size_sg,size_dataset,mean_sg,mean_dataset,std_sg,std_dataset,median_sg,median_dataset,max_sg,max_dataset,min_sg,min_dataset,mean_lift,median_lift
0.9999999999853608,"sb=='[2.00,4.00]'",62.0,276.0,1170.9193548387098,1979.1666666666667,822.9125555862661,1110.36328487398,1072.0,1788.0,3839.0,4556.0,41.0,41.0,0.5916224108658744,0.5995525727069351
0.9999999999163002,"hist-stage=='4' AND sb=='[2.00,4.00]'",34.0,276.0,859.4117647058823,1979.1666666666667,620.4819814252114,1110.36328487398,863.5,1788.0,2540.0,4556.0,41.0,41.0,0.43422910216718263,0.4829418344519016
0.9999999998697515,"hp=='yes' AND sb=='[2.00,4.00]'",49.0,276.0,1084.408163265306,1979.1666666666667,738.6509743946577,1110.36328487398,980.0,1788.0,3839.0,4556.0,71.0,41.0,0.5479114930182599,0.5480984340044742
0.9999999998065205,"sb=='[2.00,4.00]' AND sex=='female'",53.0,276.0,1133.8867924528302,1979.1666666666667,863.9969134373885,1110.36328487398,974.0,1788.0,3839.0,4556.0,41.0,41.0,0.572911221449851,0.5447427293064877
0.9999999998038444,"hist-stage=='4' AND sb=='[2.00,4.00]' AND sex=='female'",29.0,276.0,776.8965517241379,1979.1666666666667,621.2797329221625,1110.36328487398,790.0,1788.0,2540.0,4556.0,41.0,41.0,0.39253720508166967,0.441834451901566
0.9999999997926543,"albumin=='[3.00,3.00]' AND ascites=='no' AND sb=='[0.00,0.00)'",84.0,276.0,2601.214285714286,1979.1666666666667,913.5599267677619,1110.36328487398,2459.0,1788.0,4509.0,4556.0,515.0,41.0,1.3142977443609023,1.3752796420581654
0.9999999997926543,"albumin=='[3.00,3.00]' AND sb=='[0.00,0.00)'",84.0,276.0,2601.214285714286,1979.1666666666667,913.5599267677619,1110.36328487398,2459.0,1788.0,4509.0,4556.0,515.0,41.0,1.3142977443609023,1.3752796420581654
0.9999999996851707,"albumin=='[3.00,3.00]' AND ascites=='no'",241.0,276.0,2134.485477178423,1979.1666666666667,1063.402396286604,1110.36328487398,1978.0,1788.0,4556.0,4556.0,71.0,41.0,1.0784768726796243,1.1062639821029083
