quality,subgroup,size_sg,size_dataset,mean_sg,mean_dataset,std_sg,std_dataset,median_sg,median_dataset,max_sg,max_dataset,min_sg,min_dataset,mean_lift,median_lift
1.0,"los=='[173.00,400.00]'",116.0,575.0,398.86206896551727,241.56521739130434,150.2467451338151,199.99466646952635,398.5,170.0,708.0,1172.0,175.0,4.0,1.6511568729674042,2.3441176470588236
1.0,"los=='[173.00,400.00]' AND treatment=='1'",85.0,575.0,412.09411764705885,241.56521739130434,149.95980822555416,199.99466646952635,436.0,170.0,708.0,1172.0,175.0,4.0,1.7059331724050313,2.5647058823529414
0.999999999999998,"los=='[173.00,400.00]' AND race=='0'",90.0,575.0,391.5111111111111,241.56521739130434,144.88357352213262,199.99466646952635,391.0,170.0,634.0,1172.0,181.0,4.0,1.6207263418926487,2.3
0.9999999999999039,"los=='[3.00,34.80)'",115.0,575.0,120.04347826086956,241.56521739130434,172.73887764128625,199.99466646952635,38.0,170.0,659.0,1172.0,4.0,4.0,0.49694024478041754,0.2235294117647059
0.9999999999997691,"los=='[3.00,34.80)' AND race=='0'",89.0,575.0,101.69662921348315,241.56521739130434,161.51581162340773,199.99466646952635,33.0,170.0,659.0,1172.0,4.0,4.0,0.42099036571456305,0.19411764705882353
0.999999999998865,"los=='[173.00,400.00]' AND race=='0' AND treatment=='1'",63.0,575.0,407.3809523809524,241.56521739130434,142.52256057238392,199.99466646952635,434.0,170.0,634.0,1172.0,181.0,4.0,1.6864222290788167,2.552941176470588
0.9999999999973486,"ivhx=='3' AND los=='[3.00,34.80)'",53.0,575.0,61.924528301886795,241.56521739130434,81.94702592980276,199.99466646952635,30.0,170.0,399.0,1172.0,4.0,4.0,0.2563470394066588,0.17647058823529413
0.9999999999808005,"ivhx=='3' AND los=='[3.00,34.80)' AND race=='0'",45.0,575.0,52.75555555555555,241.56521739130434,70.78265812582927,199.99466646952635,29.0,170.0,399.0,1172.0,4.0,4.0,0.21839052875769938,0.17058823529411765
