quality,subgroup,size_sg,size_dataset,mean_sg,mean_dataset,std_sg,std_dataset,median_sg,median_dataset,max_sg,max_dataset,min_sg,min_dataset,mean_lift,median_lift
0.9999999999999664,"age=='[48.20,60.00)' AND cell-type=='aquamous' AND treat=='test'",7.0,137.0,521.2857142857143,121.62773722627738,321.5541342052529,157.2396936986393,357.0,80.0,999.0,999.0,201.0,1.0,4.285911471952401,4.4625
0.9999999981286258,"age=='[48.20,60.00)' AND cell-type=='aquamous'",9.0,137.0,409.3333333333333,121.62773722627738,352.56079066043503,157.2396936986393,283.0,80.0,999.0,999.0,10.0,1.0,3.365460401288283,3.5375
0.9999881610733193,cell-type=='aquamous' AND treat=='test',20.0,137.0,260.3,121.62773722627738,294.6196021991748,157.2396936986393,156.5,80.0,999.0,999.0,1.0,1.0,2.1401368301026227,1.95625
0.9999799164744049,"cell-type=='aquamous' AND karno=='[80.00,99.00]' AND treat=='test'",7.0,137.0,362.57142857142856,121.62773722627738,289.78014185282757,157.2396936986393,283.0,80.0,999.0,999.0,87.0,1.0,2.9809929613086306,3.5375
0.9999673621816773,"age=='[48.20,60.00)' AND treat=='test'",14.0,137.0,283.35714285714283,121.62773722627738,329.7550188381969,157.2396936986393,145.5,80.0,999.0,999.0,7.0,1.0,2.3297082501007362,1.81875
0.9999609289829967,cell-type=='aquamous' AND pt=='yes' AND treat=='test',7.0,137.0,354.57142857142856,121.62773722627738,413.3417324141152,157.2396936986393,201.0,80.0,999.0,999.0,1.0,1.0,2.915218490925146,2.5125
