{"actg320": {"R0": {"R0": 1.0, "R1": 1.0, "R2": 1.0, "R3": 0.21983581584243916}, "R1": {"R0": 1.0, "R1": 1.0, "R2": 1.0, "R3": 0.21983581584243916}, "R2": {"R0": 1.0, "R1": 1.0, "R2": 1.0, "R3": 0.21983581584243916}, "R3": {"R0": 0.21983581584243916, "R1": 0.21983581584243916, "R2": 0.21983581584243916, "R3": 1.0}}, "breast-cancer": {"R0": {"R0": 1.0, "R1": 0.7512778915979714, "R2": 0.9599830554908813, "R3": 0.9804422043895549, "R4": 0.23790049723590934, "R5": 0.9385521159557291, "R6": 0.7722704890924144, "R7": 0.9160708982259944, "R8": 0.9599830554908813, "R9": 1.0}, "R1": {"R0": 0.7512778915979714, "R1": 1.0, "R2": 0.7137891517556132, "R3": 0.7329016121090888, "R4": 0.29626987148428663, "R5": 0.6938896783748374, "R6": 0.9734382581173927, "R7": 0.6731474616238267, "R8": 0.7137891517556132, "R9": 0.7595167434868219}, "R2": {"R0": 0.9599830554908813, "R1": 0.7137891517556132, "R2": 1.0, "R3": 0.9795257110553109, "R4": 0.22525290636065298, "R5": 0.9785190753434582, "R6": 0.7346437472677783, "R7": 0.9559476455969201, "R8": 1.0, "R9": 0.9599830554908813}, "R3": {"R0": 0.9804422043895549, "R1": 0.7329016121090888, "R2": 0.9795257110553109, "R3": 1.0, "R4": 0.23172455655426427, "R5": 0.9580622400718971, "R6": 0.7538333118596219, "R7": 0.9355284481925044, "R8": 0.9795257110553109, "R9": 0.980442204389555}, "R4": {"R0": 0.23790049723590934, "R1": 0.29626987148428663, "R2": 0.22525290636065298, "R3": 0.23172455655426427, "R4": 1.0, "R5": 0.21846560735002907, "R6": 0.28504940740261275, "R7": 0.21134124063395532, "R8": 0.22525290636065298, "R9": 0.23790049723590934}, "R5": {"R0": 0.9385521159557291, "R1": 0.6938896783748374, "R2": 0.9785190753434582, "R3": 0.9580622400718971, "R4": 0.21846560735002907, "R5": 1.0, "R6": 0.714648702156085, "R7": 0.9774083062273209, "R8": 0.9785190753434582, "R9": 0.9385521159557292}, "R6": {"R0": 0.7722704890924144, "R1": 0.9734382581173927, "R2": 0.7346437472677783, "R3": 0.7538333118596219, "R4": 0.28504940740261275, "R5": 0.714648702156085, "R6": 1.0, "R7": 0.6937897894364664, "R8": 0.7346437472677781, "R9": 0.7805278985623212}, "R7": {"R0": 0.9160708982259944, "R1": 0.6731474616238267, "R2": 0.9559476455969201, "R3": 0.9355284481925044, "R4": 0.21134124063395532, "R5": 0.9774083062273209, "R6": 0.6937897894364664, "R7": 1.0, "R8": 0.9559476455969201, "R9": 0.9160708982259943}, "R8": {"R0": 0.9599830554908813, "R1": 0.7137891517556132, "R2": 1.0, "R3": 0.9795257110553109, "R4": 0.22525290636065298, "R5": 0.9785190753434582, "R6": 0.7346437472677781, "R7": 0.9559476455969201, "R8": 1.0, "R9": 0.9599830554908813}, "R9": {"R0": 1.0, "R1": 0.7595167434868219, "R2": 0.9599830554908813, "R3": 0.980442204389555, "R4": 0.23790049723590934, "R5": 0.9385521159557292, "R6": 0.7805278985623212, "R7": 0.9160708982259943, "R8": 0.9599830554908813, "R9": 1.0}}, "cancer": {"R0": {"R0": 1.0, "R1": 0.6555958861649436, "R2": 0.8151921445976489, "R3": 0.5916960292032631}, "R1": {"R0": 0.6555958861649436, "R1": 1.0, "R2": 0.3684191978480308, "R3": 0.2575000107546518}, "R2": {"R0": 0.8151921445976489, "R1": 0.3684191978480308, "R2": 1.0, "R3": 0.7415755357312475}, "R3": {"R0": 0.5916960292032631, "R1": 0.2575000107546518, "R2": 0.7415755357312475, "R3": 1.0}}, "carcinoma": {"R0": {"R0": 1.0, "R1": 0.7203902240128623, "R2": 7.930964794899964e-07, "R3": 0.8555684424354391, "R4": 0.85637532574641, "R5": 9.815449584671398e-06}, "R1": {"R0": 0.7203902240128623, "R1": 1.0, "R2": 3.988671656296461e-07, "R3": 0.880912380047804, "R4": 0.6005315715804405, "R5": 4.114509655206433e-06}, "R2": {"R0": 7.930964794899964e-07, "R1": 3.988671656296461e-07, "R2": 1.0, "R3": 2.8343211356807174e-06, "R4": 8.484035205480467e-07, "R5": 0.7985113525663352}, "R3": {"R0": 0.8555684424354391, "R1": 0.880912380047804, "R2": 2.8343211356807174e-06, "R3": 1.0, "R4": 0.7186917052016639, "R5": 1.172327524512351e-05}, "R4": {"R0": 0.85637532574641, "R1": 0.6005315715804405, "R2": 8.484035205480467e-07, "R3": 0.7186917052016639, "R4": 1.0, "R5": 2.945533527864974e-06}, "R5": {"R0": 9.815449584671398e-06, "R1": 4.114509655206433e-06, "R2": 0.7985113525663352, "R3": 1.172327524512351e-05, "R4": 2.945533527864974e-06, "R5": 1.0}}, "gbsg2": {"R0": {"R0": 1.0, "R1": 0.6388129365741304, "R2": 0.3182253838845369, "R3": 9.992007221626409e-16, "R4": 0.8954282410705061, "R5": 0.38585275703625355}, "R1": {"R0": 0.6388129365741304, "R1": 1.0, "R2": 0.196264665761274, "R3": 2.9976021664879227e-15, "R4": 0.5804318896526812, "R5": 0.22944922014744396}, "R2": {"R0": 0.3182253838845369, "R1": 0.196264665761274, "R2": 1.0, "R3": 8.743805679500838e-11, "R4": 0.42788950005711623, "R5": 0.9907642270805347}, "R3": {"R0": 9.992007221626409e-16, "R1": 2.9976021664879227e-15, "R2": 8.743805679500838e-11, "R3": 1.0, "R4": 3.5560443478743764e-13, "R5": 2.793097975128944e-09}, "R4": {"R0": 0.8954282410705061, "R1": 0.5804318896526812, "R2": 0.42788950005711623, "R3": 3.5560443478743764e-13, "R4": 1.0, "R5": 0.48577880833473075}, "R5": {"R0": 0.38585275703625355, "R1": 0.22944922014744396, "R2": 0.9907642270805347, "R3": 2.793097975128944e-09, "R4": 0.48577880833473075, "R5": 1.0}}, "lung": {"R0": {"R0": 1.0, "R1": 1.0, "R2": 1.0, "R3": 1.0}, "R1": {"R0": 1.0, "R1": 1.0, "R2": 1.0, "R3": 1.0}, "R2": {"R0": 1.0, "R1": 1.0, "R2": 1.0, "R3": 1.0}, "R3": {"R0": 1.0, "R1": 1.0, "R2": 1.0, "R3": 1.0}}, "melanoma": {"R0": {"R0": 1.0, "R1": 0.22273224050696505, "R2": 6.580948407797216e-05}, "R1": {"R0": 0.22273224050696505, "R1": 1.0, "R2": 0.15093668113642267}, "R2": {"R0": 6.580948407797216e-05, "R1": 0.15093668113642267, "R2": 1.0}}, "mgus2": {"R0": {"R0": 1.0, "R1": 0.0, "R2": 0.0, "R3": 0.001657349147756948, "R4": 0.0, "R5": 0.022977172352969477}, "R1": {"R0": 0.0, "R1": 1.0, "R2": 0.0, "R3": 0.0, "R4": 0.0007252235613722791, "R5": 0.0}, "R2": {"R0": 0.0, "R1": 0.0, "R2": 1.0, "R3": 0.0, "R4": 0.0, "R5": 0.0}, "R3": {"R0": 0.001657349147756948, "R1": 0.0, "R2": 0.0, "R3": 1.0, "R4": 0.0, "R5": 0.6320503870101681}, "R4": {"R0": 0.0, "R1": 0.0007252235613722791, "R2": 0.0, "R3": 0.0, "R4": 1.0, "R5": 0.0}, "R5": {"R0": 0.022977172352969477, "R1": 0.0, "R2": 0.0, "R3": 0.6320503870101681, "R4": 0.0, "R5": 1.0}}, "mgus": {"R0": {"R0": 1.0, "R1": 2.98462254910703e-10, "R2": 0.4306515544737768, "R3": 2.757456485369403e-10}, "R1": {"R0": 2.98462254910703e-10, "R1": 1.0, "R2": 2.569044976752366e-11, "R3": 0.9386975210963081}, "R2": {"R0": 0.4306515544737768, "R1": 2.569044976752366e-11, "R2": 1.0, "R3": 2.7251090273239242e-11}, "R3": {"R0": 2.757456485369403e-10, "R1": 0.9386975210963081, "R2": 2.7251090273239242e-11, "R3": 1.0}}, "pbc": {"R0": {"R0": 1.0, "R1": 0.5726805274104199, "R2": 0.9569022931407061, "R3": 0.3256711592184023, "R4": 0.11212961238240371, "R5": 0.6998605637058823, "R6": 0.9285284301141823}, "R1": {"R0": 0.5726805274104199, "R1": 1.0, "R2": 0.5876586042961178, "R3": 0.09790988844559889, "R4": 0.02377515306251421, "R5": 0.8374434571358305, "R6": 0.6224993529231044}, "R2": {"R0": 0.9569022931407061, "R1": 0.5876586042961178, "R2": 1.0, "R3": 0.2375157021797062, "R4": 0.06688873249315108, "R5": 0.7268671347966986, "R6": 0.9399525135086477}, "R3": {"R0": 0.3256711592184023, "R1": 0.09790988844559889, "R2": 0.2375157021797062, "R3": 1.0, "R4": 0.5105316667990651, "R5": 0.120811007980129, "R6": 0.2570349848682997}, "R4": {"R0": 0.11212961238240371, "R1": 0.02377515306251421, "R2": 0.06688873249315108, "R3": 0.5105316667990651, "R4": 1.0, "R5": 0.02754997974048723, "R6": 0.06887356443666726}, "R5": {"R0": 0.6998605637058823, "R1": 0.8374434571358305, "R2": 0.7268671347966986, "R3": 0.120811007980129, "R4": 0.02754997974048723, "R5": 1.0, "R6": 0.7949870977134332}, "R6": {"R0": 0.9285284301141823, "R1": 0.6224993529231044, "R2": 0.9399525135086477, "R3": 0.2570349848682997, "R4": 0.06887356443666726, "R5": 0.7949870977134332, "R6": 1.0}}, "ptc": {"R0": {"R0": 1.0, "R1": 1.0, "R2": 1.0, "R3": 1.0, "R4": 0.6475219856393171, "R5": 0.6475219856393171}, "R1": {"R0": 1.0, "R1": 1.0, "R2": 1.0, "R3": 1.0,