{"actg320": {"R0": {"R0": 1.0, "R1": 1.0, "R2": 1.0, "R3": 0.0}, "R1": {"R0": 1.0, "R1": 1.0, "R2": 1.0, "R3": 0.0}, "R2": {"R0": 1.0, "R1": 1.0, "R2": 1.0, "R3": 0.0}, "R3": {"R0": 0.0, "R1": 0.0, "R2": 0.0, "R3": 1.0}}, "breast-cancer": {"R0": {"R0": 1.0, "R1": 0.22727272727272727, "R2": 1.0, "R3": 1.0, "R4": 0.20833333333333334, "R5": 1.0, "R6": 0.23809523809523808, "R7": 1.0, "R8": 1.0, "R9": 1.0}, "R1": {"R0": 0.22727272727272727, "R1": 1.0, "R2": 0.22727272727272727, "R3": 0.22727272727272727, "R4": 0.8181818181818182, "R5": 0.22727272727272727, "R6": 1.0, "R7": 0.18181818181818182, "R8": 0.22727272727272727, "R9": 0.22727272727272727}, "R2": {"R0": 1.0, "R1": 0.22727272727272727, "R2": 1.0, "R3": 0.9583333333333334, "R4": 0.20833333333333334, "R5": 1.0, "R6": 0.23809523809523808, "R7": 0.9545454545454546, "R8": 0.9166666666666666, "R9": 1.0}, "R3": {"R0": 1.0, "R1": 0.22727272727272727, "R2": 0.9583333333333334, "R3": 1.0, "R4": 0.20833333333333334, "R5": 1.0, "R6": 0.23809523809523808, "R7": 0.9545454545454546, "R8": 0.9583333333333334, "R9": 1.0}, "R4": {"R0": 0.20833333333333334, "R1": 0.8181818181818182, "R2": 0.20833333333333334, "R3": 0.20833333333333334, "R4": 1.0, "R5": 0.21739130434782608, "R6": 0.8095238095238095, "R7": 0.22727272727272727, "R8": 0.20833333333333334, "R9": 0.20833333333333334}, "R5": {"R0": 1.0, "R1": 0.22727272727272727, "R2": 1.0, "R3": 1.0, "R4": 0.21739130434782608, "R5": 1.0, "R6": 0.23809523809523808, "R7": 0.9090909090909091, "R8": 0.9130434782608695, "R9": 1.0}, "R6": {"R0": 0.23809523809523808, "R1": 1.0, "R2": 0.23809523809523808, "R3": 0.23809523809523808, "R4": 0.8095238095238095, "R5": 0.23809523809523808, "R6": 1.0, "R7": 0.19047619047619047, "R8": 0.23809523809523808, "R9": 0.23809523809523808}, "R7": {"R0": 1.0, "R1": 0.18181818181818182, "R2": 0.9545454545454546, "R3": 0.9545454545454546, "R4": 0.22727272727272727, "R5": 0.9090909090909091, "R6": 0.19047619047619047, "R7": 1.0, "R8": 0.9545454545454546, "R9": 1.0}, "R8": {"R0": 1.0, "R1": 0.22727272727272727, "R2": 0.9166666666666666, "R3": 0.9583333333333334, "R4": 0.20833333333333334, "R5": 0.9130434782608695, "R6": 0.23809523809523808, "R7": 0.9545454545454546, "R8": 1.0, "R9": 1.0}, "R9": {"R0": 1.0, "R1": 0.22727272727272727, "R2": 1.0, "R3": 1.0, "R4": 0.20833333333333334, "R5": 1.0, "R6": 0.23809523809523808, "R7": 1.0, "R8": 1.0, "R9": 1.0}}, "cancer": {"R0": {"R0": 1.0, "R1": 0.2631578947368421, "R2": 0.5, "R3": 1.0}, "R1": {"R0": 0.2631578947368421, "R1": 1.0, "R2": 1.0, "R3": 0.5789473684210527}, "R2": {"R0": 0.5, "R1": 1.0, "R2": 1.0, "R3": 0.7}, "R3": {"R0": 1.0, "R1": 0.5789473684210527, "R2": 0.7, "R3": 1.0}}, "carcinoma": {"R0": {"R0": 1.0, "R1": 1.0, "R2": 0.0, "R3": 1.0, "R4": 1.0, "R5": 0.0}, "R1": {"R0": 1.0, "R1": 1.0, "R2": 0.0, "R3": 0.5833333333333334, "R4": 0.6428571428571429, "R5": 0.0}, "R2": {"R0": 0.0, "R1": 0.0, "R2": 1.0, "R3": 0.0, "R4": 0.0, "R5": 0.5454545454545454}, "R3": {"R0": 1.0, "R1": 0.5833333333333334, "R2": 0.0, "R3": 1.0, "R4": 0.6666666666666666, "R5": 0.0}, "R4": {"R0": 1.0, "R1": 0.6428571428571429, "R2": 0.0, "R3": 0.6666666666666666, "R4": 1.0, "R5": 0.0}, "R5": {"R0": 0.0, "R1": 0.0, "R2": 0.5454545454545454, "R3": 0.0, "R4": 0.0, "R5": 1.0}}, "gbsg2": {"R0": {"R0": 1.0, "R1": 1.0, "R2": 0.32558139534883723, "R3": 0.0, "R4": 1.0, "R5": 0.2926829268292683}, "R1": {"R0": 1.0, "R1": 1.0, "R2": 0.2696629213483146, "R3": 0.0, "R4": 0.5172413793103449, "R5": 0.2926829268292683}, "R2": {"R0": 0.32558139534883723, "R1": 0.2696629213483146, "R2": 1.0, "R3": 0.18604651162790697, "R4": 0.28735632183908044, "R5": 1.0}, "R3": {"R0": 0.0, "R1": 0.0, "R2": 0.18604651162790697, "R3": 1.0, "R4": 0.0, "R5": 0.18292682926829268}, "R4": {"R0": 1.0, "R1": 0.5172413793103449, "R2": 0.28735632183908044, "R3": 0.0, "R4": 1.0, "R5": 0.15853658536585366}, "R5": {"R0": 0.2926829268292683, "R1": 0.2926829268292683, "R2": 1.0, "R3": 0.18292682926829268, "R4": 0.15853658536585366, "R5": 1.0}}, "lung": {"R0": {"R0": 1.0, "R1": 1.0, "R2": 1.0, "R3": 1.0}, "R1": {"R0": 1.0, "R1": 1.0, "R2": 1.0, "R3": 1.0}, "R2": {"R0": 1.0, "R1": 1.0, "R2": 1.0, "R3": 1.0}, "R3": {"R0": 1.0, "R1": 1.0, "R2": 1.0, "R3": 1.0}}, "melanoma": {"R0": {"R0": 1.0, "R1": 0.0, "R2": 0.2727272727272727}, "R1": {"R0": 0.0, "R1": 1.0, "R2": 0.09090909090909091}, "R2": {"R0": 0.2727272727272727, "R1": 0.09090909090909091, "R2": 1.0}}, "mgus2": {"R0": {"R0": 1.0, "R1": 0.0, "R2": 0.08974358974358974, "R3": 0.5384615384615384, "R4": 0.07692307692307693, "R5": 0.35036496350364965}, "R1": {"R0": 0.0, "R1": 1.0, "R2": 0.32452830188679244, "R3": 0.03717472118959108, "R4": 0.29056603773584905, "R5": 0.014598540145985401}, "R2": {"R0": 0.08974358974358974, "R1": 0.32452830188679244, "R2": 1.0, "R3": 0.0, "R4": 0.0, "R5": 0.0}, "R3": {"R0": 0.5384615384615384, "R1": 0.03717472118959108, "R2": 0.0, "R3": 1.0, "R4": 0.0, "R5": 1.0}, "R4": {"R0": 0.07692307692307693, "R1": 0.29056603773584905, "R2": 0.0, "R3": 0.0, "R4": 1.0, "R5": 0.0}, "R5": {"R0": 0.35036496350364965, "R1": 0.014598540145985401, "R2": 0.0, "R3": 1.0, "R4": 0.0, "R5": 1.0}}, "mgus": {"R0": {"R0": 1.0, "R1": 0.0, "R2": 1.0, "R3": 0.0}, "R1": {"R0": 0.0, "R1": 1.0, "R2": 0.0, "R3": 1.0}, "R2": {"R0": 1.0, "R1": 0.0, "R2": 1.0, "R3": 0.0}, "R3": {"R0": 0.0, "R1": 1.0, "R2": 0.0, "R3": 1.0}}, "pbc": {"R0": {"R0": 1.0, "R1": 1.0, "R2": 0.7352941176470589, "R3": 0.8529411764705882, "R4": 1.0, "R5": 0.6875, "R6": 0.71875}, "R1": {"R0": 1.0, "R1": 1.0, "R2": 0.7586206896551724, "R3": 0.8275862068965517, "R4": 1.0, "R5": 0.7586206896551724, "R6": 0.6896551724137931}, "R2": {"R0": 0.7352941176470589, "R1": 0.7586206896551724, "R2": 1.0, "R3": 0.8888888888888888, "R4": 1.0, "R5": 1.0, "R6": 1.0}, "R3": {"R0": 0.8529411764705882, "R1": 0.8275862068965517, "R2": 0.8888888888888888, "R3": 1.0, "R4": 1.0, "R5": 0.875, "R6": 1.0}, "R4": {"R0": 1.0, "R1": 1.0, "R2": 1.0, "R3": 1.0, "R4": 1.0, "R5": 1.0, "R6": 1.0}, "R5": {"R0": 0.6875, "R1": 0.7586206896551724, "R2": 1.0, "R3": 0.875, "R4": 1.0, "R5": 1.0, "R6": 0.875}, "R6": {"R0": 0.71875, "R1": 0.6896551724137931, "R2": 1.0, "R3": 1.0, "R4": 1.0, "R5": 0.875, "R6": 1.0}}, "ptc": {"R0": {"R0": 1.0, "R1": 1.0, "R2": 1.0, "R3": 1.0, "R4": 0.5142857142857142, "R5": 0.5142857142857142}, "R1": {"R0": 1.0, "R1": 1.0, "R2": 1.0, "R3": 1.0, "R4": 0.5142857142857142, "R5": 0.5142857142857142}, "R2": {"R0": 1.0, "R1": 1.0, "R2": 1.0, "R3": 1.0, "R4": 0.5142857142857142, "R5": 0.5142857142857142}, "R3": {"R0": 1.0, "R1": 1.0, "R2": 1.0, "R3": 1.0, "R4": 0.5142857142857142, "R5": 0.5142857142857142}, "R4": {"R0": 0.5142857142857142, "R1": 0.5142857142857142, "R2": 0.5142857142857142, "R3": 0.5142857142857142, "R4": 1.0, "R5": 1.0}, "R5": {"R0": 0.5142857142857142, "R1": 0.5142857142857142, "R2": 0.5142857142857142, "R3": 0.5142857142857142, "R4": 1.0, "R5": 1.0}}, "uis": {"R0": {"R0": 1.0, "R1": 1.0, "R2": 1.0, "R3": 1.0, "R4": 0.0, "R5": 0.0, "R6": 1.0}, "R1": {"R0": 1.0, "R1": 1.0, "R2": 0.7411764705882353, "R3": 1.0, "R4": 0.0, "R5": 0.0, "R6": 0.5}, "R2": {"R0": 1.0, "R1": 0.7411764705882353, "R2": 1.0, "R3": 1.0, "R4": 0.0, "R5": 0.0, "R6": 0.8870967741935484}, "R3": {"R0": 1.0, "R1": 1.0, "R2": 1.0, "R3": 1.0, "R4": 0.0, "R5": 0.0, "R6": 0.45161290322580644}, "R4": {"R0": 0.0, "R1": 0.0, "R2": 0.0, "R3": 0.0, "R4": 1.0, "R5": 1.0, "R6": 0.0}, "R5": {"R0": 0.0, "R1": 0.0, "R2": 0.0, "R3": 0.0, "R4": 1.0, "R5": 1.0, "R6": 0.0}, "R6": {"R0": 1.0, "R1": 0.5, "R2": 0.8870967741935484, "R3": 0.45161290322580644, "R4": 0.0, "R5": 0.0, "R6": 1.0}}, "veteran": {"R0": {"R0": 1.0, "R1": 0.5, "R2": 0.15, "R3": 1.0}, "R1": {"R0": 0.5, "R1": 1.0, "R2": 0.14285714285714285, "R3": 0.5}, "R2": {"R0": 0.15, "R1": 0.14285714285714285, "R2": 1.0, "R3": 0.22727272727272727}, "R3": {"R0": 1.0, "R1": 0.5, "R2": 0.22727272727272727, "R3": 1.0}}, "whas500": {"R0": {"R0": 1.0, "R1": 1.0, "R2": 1.0, "R3": 0.8620689655172413, "R4": 1.0, "R5": 0.8448275862068966}, "R1": {"R0": 1.0, "R1": 1.0,