{"actg320": {"R0": {"pval_logrank": 0.10065879486944296, "pval_ttest": 0.005419730553377989}, "R1": {"pval_logrank": 0.10065879486944296, "pval_ttest": 0.005419730553377989}, "R2": {"pval_logrank": 0.10065879486944296, "pval_ttest": 0.005419730553377989}, "R3": {"pval_logrank": 0.8594833304869391, "pval_ttest": 0.005784573209844874}}, "breast-cancer": {"R0": {"pval_logrank": 0.01718567538734439, "pval_ttest": 7.609741981653242e-05}, "R1": {"pval_logrank": 0.019193558140821465, "pval_ttest": 9.7008902056469e-05}, "R2": {"pval_logrank": 0.024189974056454178, "pval_ttest": 0.00010645231297348845}, "R3": {"pval_logrank": 0.020382851985541683, "pval_ttest": 0.0001165525797109577}, "R4": {"pval_logrank": 0.004541024522704995, "pval_ttest": 0.00013080566869403152}, "R5": {"pval_logrank": 0.0287273467733955, "pval_ttest": 0.00016378661466302352}, "R6": {"pval_logrank": 0.022903567901301325, "pval_ttest": 0.0001855207147951718}, "R7": {"pval_logrank": 0.0341400995980099, "pval_ttest": 0.00020171861196205816}, "R8": {"pval_logrank": 0.024189974056454178, "pval_ttest": 0.0002181895256725598}, "R9": {"pval_logrank": 0.01548279984017542, "pval_ttest": 0.00022211814943295255}}, "cancer": {"R0": {"pval_logrank": 0.0041247682948492015, "pval_ttest": 0.017093795290504508}, "R1": {"pval_logrank": 0.0005018036558886996, "pval_ttest": 0.02337120042971417}, "R2": {"pval_logrank": 0.0029150532577773003, "pval_ttest": 0.027368172340843534}, "R3": {"pval_logrank": 0.007980963813185693, "pval_ttest": 0.03504570564369087}}, "carcinoma": {"R0": {"pval_logrank": 1.6295216831330173e-05, "pval_ttest": 0.000531223532190703}, "R1": {"pval_logrank": 2.0621825152722373e-05, "pval_ttest": 0.0012843311451884282}, "R2": {"pval_logrank": 0.005242070167015056, "pval_ttest": 0.0018981309084441355}, "R3": {"pval_logrank": 0.00018864314148059336, "pval_ttest": 0.0028150743747560663}, "R4": {"pval_logrank": 0.00020232582868773274, "pval_ttest": 0.003117044858782973}, "R5": {"pval_logrank": 0.03442897124285127, "pval_ttest": 0.004604231195635263}}, "gbsg2": {"R0": {"pval_logrank": 1.2811385285971255e-10, "pval_ttest": 6.50559561397335e-07}, "R1": {"pval_logrank": 1.3363506967678518e-09, "pval_ttest": 9.376038958566285e-06}, "R2": {"pval_logrank": 8.34286162376685e-06, "pval_ttest": 5.740688619986326e-05}, "R3": {"pval_logrank": 0.000439571597077526, "pval_ttest": 0.0001448978343513837}, "R4": {"pval_logrank": 1.580432400505316e-07, "pval_ttest": 0.00023047989260551084}, "R5": {"pval_logrank": 0.0001664370556087036, "pval_ttest": 0.0007155702041639141}}, "lung": {"R0": {"pval_logrank": 0.0, "pval_ttest": 2.1440957859388948e-14}, "R1": {"pval_logrank": 0.0, "pval_ttest": 2.1440957859388948e-14}, "R2": {"pval_logrank": 0.0, "pval_ttest": 2.1440957859388948e-14}, "R3": {"pval_logrank": 0.0, "pval_ttest": 2.1440957859388948e-14}}, "melanoma": {"R0": {"pval_logrank": 0.07320843472050564, "pval_ttest": 0.0002502491405274696}, "R1": {"pval_logrank": 0.6044432427767512, "pval_ttest": 0.0006259925010446031}, "R2": {"pval_logrank": 0.004472334492986008, "pval_ttest": 0.0007311476872715281}}, "mgus2": {"R0": {"pval_logrank": 2.220446049250313e-16, "pval_ttest": 2.0271176479436105e-25}, "R1": {"pval_logrank": 0.0, "pval_ttest": 1.8499998215130642e-17}, "R2": {"pval_logrank": 0.0, "pval_ttest": 4.840579413934205e-72}, "R3": {"pval_logrank": 0.0, "pval_ttest": 2.368254163375857e-112}, "R4": {"pval_logrank": 0.0, "pval_ttest": 5.076174456292524e-24}, "R5": {"pval_logrank": 0.0, "pval_ttest": 2.4621204252916086e-62}}, "mgus": {"R0": {"pval_logrank": 4.232369513146317e-05, "pval_ttest": 3.351786632887033e-06}, "R1": {"pval_logrank": 2.364634443807745e-08, "pval_ttest": 9.248541856570886e-06}, "R2": {"pval_logrank": 6.665326188248777e-05, "pval_ttest": 1.0012422241802219e-05}, "R3": {"pval_logrank": 3.606256848698308e-08, "pval_ttest": 1.162903194585237e-05}}, "pbc": {"R0": {"pval_logrank": 3.885780586188048e-15, "pval_ttest": 2.1297485305665197e-08}, "R1": {"pval_logrank": 0.0, "pval_ttest": 2.5763701061057204e-08}, "R2": {"pval_logrank": 0.0, "pval_ttest": 9.58437692991762e-08}, "R3": {"pval_logrank": 1.8762769116165146e-14, "pval_ttest": 1.2002402783922048e-07}, "R4": {"pval_logrank": 1.0548228956963612e-12, "pval_ttest": 1.318159075453265e-07}, "R5": {"pval_logrank": 0.0, "pval_ttest": 1.61780188086125e-07}, "R6": {"pval_logrank": 1.1102230246251565e-16, "pval_ttest": 1.8429167208367115e-07}}, "ptc": {"R0": {"pval_logrank": 0.40773111565910636, "pval_ttest": 7.284373807819096e-06}, "R1": {"pval_logrank": 0.40773111565910636, "pval_ttest": 7.284373807819096e-06}, "R2": {"pval_logrank": 0.40773111565910636, "pval_ttest": 7.284373807819096e-06}, "R3": {"pval_logrank": 0.40773111565910636, "pval_ttest": 7.284373807819096e-06}, "R4": {"pval_logrank": 0.23377301229976977, "pval_ttest": 1.1732073983993472e-05}, "R5": {"pval_logrank": 0.23377301229976977, "pval_ttest": 1.1732073983993472e-05}}, "uis": {"R0": {"pval_logrank": 4.2780046172197217e-10, "pval_ttest": 4.7281995515915686e-15}, "R1": {"pval_logrank": 1.1928649734649355e-08, "pval_ttest": 1.5412985418721278e-13}, "R2": {"pval_logrank": 2.1932355609433074e-07, "pval_ttest": 1.9592447676755105e-11}, "R3": {"pval_logrank": 3.040400170406521e-06, "pval_ttest": 3.1113644778510193e-10}, "R4": {"pval_logrank": 0.0, "pval_ttest": 6.185449738336718e-10}, "R5": {"pval_logrank": 9.880984919163893e-15, "pval_ttest": 2.1191216721206692e-09}, "R6": {"pval_logrank": 6.0660229216358275e-06, "pval_ttest": 1.2147424779386556e-08}}, "veteran": {"R0": {"pval_logrank": 0.010941769449720251, "pval_ttest": 0.0017419927901019452}, "R1": {"pval_logrank": 0.015352269471264779, "pval_ttest": 0.001818733339048327}, "R2": {"pval_logrank": 8.233102510857293e-08, "pval_ttest": 0.0065065444109328645}, "R3": {"pval_logrank": 0.025150854393061306, "pval_ttest": 0.022080747162839677}}, "whas500": {"R0": {"pval_logrank": 0.0, "pval_ttest": 7.643646947863878e-10}, "R1": {"pval_logrank": 0.0, "pval_ttest": 2.6708646629240455e-09}, "R2": {"pval_logrank": 1.1102230246251565e-16, "pval_ttest": 4.953203820961577e-09}, "R3": {"pval_logrank": 6.039613253960852e-14, "pval_ttest": 2.4540336830674502e-08}, "R4": {"pval_logrank": 1.5210055437364645e-14, "pval_ttest": 2.5582648749780573e-08}, "R5": {"pval_logrank": 6.672440377997191e-14, "pval_ttest": 4.519817453813308e-08}}}