{"actg320": {"R0": {"R0": 1.0, "R1": 1.0, "R2": 1.0, "R3": 0.3333333333333333}, "R1": {"R0": 1.0, "R1": 1.0, "R2": 0.75, "R3": 0.3333333333333333}, "R2": {"R0": 1.0, "R1": 0.75, "R2": 1.0, "R3": 0.3333333333333333}, "R3": {"R0": 0.3333333333333333, "R1": 0.3333333333333333, "R2": 0.3333333333333333, "R3": 1.0}}, "breast-cancer": {"R0": {"R0": 1.0, "R1": 0.0, "R2": 1.0, "R3": 1.0, "R4": 0.0, "R5": 1.0, "R6": 0.0, "R7": 1.0, "R8": 1.0, "R9": 1.0}, "R1": {"R0": 0.0, "R1": 1.0, "R2": 0.0, "R3": 0.0, "R4": 0.75, "R5": 0.0, "R6": 1.0, "R7": 0.0, "R8": 0.25, "R9": 0.0}, "R2": {"R0": 1.0, "R1": 0.0, "R2": 1.0, "R3": 0.8, "R4": 0.0, "R5": 1.0, "R6": 0.0, "R7": 0.8, "R8": 0.8, "R9": 1.0}, "R3": {"R0": 1.0, "R1": 0.0, "R2": 0.8, "R3": 1.0, "R4": 0.0, "R5": 1.0, "R6": 0.2, "R7": 0.8, "R8": 0.8, "R9": 1.0}, "R4": {"R0": 0.0, "R1": 0.75, "R2": 0.0, "R3": 0.0, "R4": 1.0, "R5": 0.0, "R6": 0.75, "R7": 0.0, "R8": 0.25, "R9": 0.0}, "R5": {"R0": 1.0, "R1": 0.0, "R2": 1.0, "R3": 1.0, "R4": 0.0, "R5": 1.0, "R6": 0.2, "R7": 0.8, "R8": 0.8, "R9": 1.0}, "R6": {"R0": 0.0, "R1": 1.0, "R2": 0.0, "R3": 0.2, "R4": 0.75, "R5": 0.2, "R6": 1.0, "R7": 0.0, "R8": 0.2, "R9": 0.0}, "R7": {"R0": 1.0, "R1": 0.0, "R2": 0.8, "R3": 0.8, "R4": 0.0, "R5": 0.8, "R6": 0.0, "R7": 1.0, "R8": 0.8, "R9": 1.0}, "R8": {"R0": 1.0, "R1": 0.25, "R2": 0.8, "R3": 0.8, "R4": 0.25, "R5": 0.8, "R6": 0.2, "R7": 0.8, "R8": 1.0, "R9": 1.0}, "R9": {"R0": 1.0, "R1": 0.0, "R2": 1.0, "R3": 1.0, "R4": 0.0, "R5": 1.0, "R6": 0.0, "R7": 1.0, "R8": 1.0, "R9": 1.0}}, "cancer": {"R0": {"R0": 1.0, "R1": 0.0, "R2": 0.0, "R3": 1.0}, "R1": {"R0": 0.0, "R1": 1.0, "R2": 1.0, "R3": 0.0}, "R2": {"R0": 0.0, "R1": 1.0, "R2": 1.0, "R3": 0.0}, "R3": {"R0": 1.0, "R1": 0.0, "R2": 0.0, "R3": 1.0}}, "carcinoma": {"R0": {"R0": 1.0, "R1": 1.0, "R2": 0.0, "R3": 1.0, "R4": 1.0, "R5": 0.0}, "R1": {"R0": 1.0, "R1": 1.0, "R2": 0.0, "R3": 0.5, "R4": 0.5, "R5": 0.0}, "R2": {"R0": 0.0, "R1": 0.0, "R2": 1.0, "R3": 0.0, "R4": 0.0, "R5": 0.5}, "R3": {"R0": 1.0, "R1": 0.5, "R2": 0.0, "R3": 1.0, "R4": 0.5, "R5": 0.0}, "R4": {"R0": 1.0, "R1": 0.5, "R2": 0.0, "R3": 0.5, "R4": 1.0, "R5": 0.0}, "R5": {"R0": 0.0, "R1": 0.0, "R2": 0.5, "R3": 0.0, "R4": 0.0, "R5": 1.0}}, "gbsg2": {"R0": {"R0": 1.0, "R1": 1.0, "R2": 0.0, "R3": 0.0, "R4": 1.0, "R5": 0.0}, "R1": {"R0": 1.0, "R1": 1.0, "R2": 0.0, "R3": 0.0, "R4": 0.5, "R5": 0.5}, "R2": {"R0": 0.0, "R1": 0.0, "R2": 1.0, "R3": 0.0, "R4": 0.0, "R5": 1.0}, "R3": {"R0": 0.0, "R1": 0.0, "R2": 0.0, "R3": 1.0, "R4": 0.0, "R5": 0.0}, "R4": {"R0": 1.0, "R1": 0.5, "R2": 0.0, "R3": 0.0, "R4": 1.0, "R5": 0.0}, "R5": {"R0": 0.0, "R1": 0.5, "R2": 1.0, "R3": 0.0, "R4": 0.0, "R5": 1.0}}, "lung": {"R0": {"R0": 1.0, "R1": 1.0, "R2": 1.0, "R3": 1.0}, "R1": {"R0": 1.0, "R1": 1.0, "R2": 1.0, "R3": 0.6666666666666666}, "R2": {"R0": 1.0, "R1": 1.0, "R2": 1.0, "R3": 1.0}, "R3": {"R0": 1.0, "R1": 0.6666666666666666, "R2": 1.0, "R3": 1.0}}, "melanoma": {"R0": {"R0": 1.0, "R1": 0.0, "R2": 0.0}, "R1": {"R0": 0.0, "R1": 1.0, "R2": 0.0}, "R2": {"R0": 0.0, "R1": 0.0, "R2": 1.0}}, "mgus2": {"R0": {"R0": 1.0, "R1": 0.0, "R2": 0.0, "R3": 0.0, "R4": 0.0, "R5": 0.0}, "R1": {"R0": 0.0, "R1": 1.0, "R2": 0.0, "R3": 0.0, "R4": 0.0, "R5": 0.0}, "R2": {"R0": 0.0, "R1": 0.0, "R2": 1.0, "R3": 0.0, "R4": 0.0, "R5": 0.0}, "R3": {"R0": 0.0, "R1": 0.0, "R2": 0.0, "R3": 1.0, "R4": 0.0, "R5": 1.0}, "R4": {"R0": 0.0, "R1": 0.0, "R2": 0.0, "R3": 0.0, "R4": 1.0, "R5": 0.0}, "R5": {"R0": 0.0, "R1": 0.0, "R2": 0.0, "R3": 1.0, "R4": 0.0, "R5": 1.0}}, "mgus": {"R0": {"R0": 1.0, "R1": 0.5, "R2": 1.0, "R3": 0.0}, "R1": {"R0": 0.5, "R1": 1.0, "R2": 0.0, "R3": 1.0}, "R2": {"R0": 1.0, "R1": 0.0, "R2": 1.0, "R3": 0.0}, "R3": {"R0": 0.0, "R1": 1.0, "R2": 0.0, "R3": 1.0}}, "pbc": {"R0": {"R0": 1.0, "R1": 1.0, "R2": 0.5, "R3": 0.5, "R4": 1.0, "R5": 0.5, "R6": 0.5}, "R1": {"R0": 1.0, "R1": 1.0, "R2": 0.5, "R3": 0.5, "R4": 1.0, "R5": 0.6666666666666666, "R6": 0.3333333333333333}, "R2": {"R0": 0.5, "R1": 0.5, "R2": 1.0, "R3": 0.5, "R4": 1.0, "R5": 1.0, "R6": 1.0}, "R3": {"R0": 0.5, "R1": 0.5, "R2": 0.5, "R3": 1.0, "R4": 1.0, "R5": 0.5, "R6": 1.0}, "R4": {"R0": 1.0, "R1": 1.0, "R2": 1.0, "R3": 1.0, "R4": 1.0, "R5": 1.0, "R6": 1.0}, "R5": {"R0": 0.5, "R1": 0.6666666666666666, "R2": 1.0, "R3": 0.5, "R4": 1.0, "R5": 1.0, "R6": 0.6666666666666666}, "R6": {"R0": 0.5, "R1": 0.3333333333333333, "R2": 1.0, "R3": 1.0, "R4": 1.0, "R5": 0.6666666666666666, "R6": 1.0}}, "ptc": {"R0": {"R0": 1.0, "R1": 0.8, "R2": 1.0, "R3": 1.0, "R4": 0.6, "R5": 0.4}, "R1": {"R0": 0.8, "R1": 1.0, "R2": 1.0, "R3": 1.0, "R4": 0.6, "R5": 0.6}, "R2": {"R0": 1.0, "R1": 1.0, "R2": 1.0, "R3": 1.0, "R4": 0.5, "R5": 0.5}, "R3": {"R0": 1.0, "R1": 1.0, "R2": 1.0, "R3": 1.0, "R4": 0.6666666666666666, "R5": 0.5}, "R4": {"R0": 0.6, "R1": 0.6, "R2": 0.5, "R3": 0.6666666666666666, "R4": 1.0, "R5": 1.0}, "R5": {"R0": 0.4, "R1": 0.6, "R2": 0.5, "R3": 0.5, "R4": 1.0, "R5": 1.0}}, "uis": {"R0": {"R0": 1.0, "R1": 1.0, "R2": 1.0, "R3": 1.0, "R4": 0.0, "R5": 0.0, "R6": 1.0}, "R1": {"R0": 1.0, "R1": 1.0, "R2": 0.5, "R3": 1.0, "R4": 0.0, "R5": 0.0, "R6": 0.5}, "R2": {"R0": 1.0, "R1": 0.5, "R2": 1.0, "R3": 1.0, "R4": 0.5, "R5": 0.0, "R6": 0.5}, "R3": {"R0": 1.0, "R1": 1.0, "R2": 1.0, "R3": 1.0, "R4": 0.5, "R5": 0.0, "R6": 0.5}, "R4": {"R0": 0.0, "R1": 0.0, "R2": 0.5, "R3": 0.5, "R4": 1.0, "R5": 1.0, "R6": 0.0}, "R5": {"R0": 0.0, "R1": 0.0, "R2": 0.0, "R3": 0.0, "R4": 1.0, "R5": 1.0, "R6": 0.0}, "R6": {"R0": 1.0, "R1": 0.5, "R2": 0.5, "R3": 0.5, "R4": 0.0, "R5": 0.0, "R6": 1.0}}, "veteran": {"R0": {"R0": 1.0, "R1": 0.5, "R2": 0.0, "R3": 1.0}, "R1": {"R0": 0.5, "R1": 1.0, "R2": 0.0, "R3": 0.0}, "R2": {"R0": 0.0, "R1": 0.0, "R2": 1.0, "R3": 0.0}, "R3": {"R0": 1.0, "R1": 0.0, "R2": 0.0, "R3": 1.0}}, "whas500": {"R0": {"R0": 1.0, "R1": 1.0, "R2": 1.0, "R3": 0.5, "R4": 1.0, "R5": 0.5}, "R1": {"R0": 1.0, "R1": 1.0, "R2": 0.6666666666666666, "R3": 0.5, "R4": 0.6666666666666666, "R5": 0.6666666666666666}, "R2": {"R0": 1.0, "R1": 0.6666666666666666, "R2": 1.0, "R3": 1.0, "R4": 0.6666666666666666, "R5": 0.6666666666666666}, "R3": {"R0": 0.5, "R1": 0.5, "R2": 1.0, "R3": 1.0, "R4": 0.5, "R5": 1.0}, "R4": {"R0": 1.0, "R1": 0.6666666666666666, "R2": 0.6666666666666666, "R3": 0.5, "R4": 1.0, "R5": 0.3333333333333333}, "R5": {"R0": 0.5, "R1": 0.6666666666666666, "R2": 0.6666666666666666, "R3": 1.0, "R4": 0.3333333333333333, "R5": 1.0}}}