{"actg320": {"R0": {"R0": 1.0, "R1": 1.0, "R2": 1.0}, "R1": {"R0": 1.0, "R1": 1.0, "R2": 1.0}, "R2": {"R0": 1.0, "R1": 1.0, "R2": 1.0}}, "breast-cancer": {"R0": {"R0": 1.0, "R1": 1.0, "R2": 1.0, "R3": 1.0, "R4": 1.0, "R5": 1.0, "R6": 0.9, "R7": 0.9, "R8": 0.9}, "R1": {"R0": 1.0, "R1": 1.0, "R2": 1.0, "R3": 1.0, "R4": 1.0, "R5": 1.0, "R6": 0.9, "R7": 0.9, "R8": 0.9}, "R2": {"R0": 1.0, "R1": 1.0, "R2": 1.0, "R3": 1.0, "R4": 1.0, "R5": 1.0, "R6": 0.9, "R7": 0.9, "R8": 0.9}, "R3": {"R0": 1.0, "R1": 1.0, "R2": 1.0, "R3": 1.0, "R4": 1.0, "R5": 1.0, "R6": 1.0, "R7": 1.0, "R8": 1.0}, "R4": {"R0": 1.0, "R1": 1.0, "R2": 1.0, "R3": 1.0, "R4": 1.0, "R5": 1.0, "R6": 1.0, "R7": 1.0, "R8": 1.0}, "R5": {"R0": 1.0, "R1": 1.0, "R2": 1.0, "R3": 1.0, "R4": 1.0, "R5": 1.0, "R6": 1.0, "R7": 1.0, "R8": 1.0}, "R6": {"R0": 0.9, "R1": 0.9, "R2": 0.9, "R3": 1.0, "R4": 1.0, "R5": 1.0, "R6": 1.0, "R7": 1.0, "R8": 1.0}, "R7": {"R0": 0.9, "R1": 0.9, "R2": 0.9, "R3": 1.0, "R4": 1.0, "R5": 1.0, "R6": 1.0, "R7": 1.0, "R8": 1.0}, "R8": {"R0": 0.9, "R1": 0.9, "R2": 0.9, "R3": 1.0, "R4": 1.0, "R5": 1.0, "R6": 1.0, "R7": 1.0, "R8": 1.0}}, "cancer": {"R0": {"R0": 1.0, "R1": 0.5, "R2": 0.5, "R3": 0.5, "R4": 1.0, "R5": 1.0}, "R1": {"R0": 0.5, "R1": 1.0, "R2": 0.47058823529411764, "R3": 1.0, "R4": 0.5789473684210527, "R5": 0.5789473684210527}, "R2": {"R0": 0.5, "R1": 0.47058823529411764, "R2": 1.0, "R3": 0.47058823529411764, "R4": 0.8235294117647058, "R5": 0.8235294117647058}, "R3": {"R0": 0.5, "R1": 1.0, "R2": 0.47058823529411764, "R3": 1.0, "R4": 0.7, "R5": 0.4782608695652174}, "R4": {"R0": 1.0, "R1": 0.5789473684210527, "R2": 0.8235294117647058, "R3": 0.7, "R4": 1.0, "R5": 1.0}, "R5": {"R0": 1.0, "R1": 0.5789473684210527, "R2": 0.8235294117647058, "R3": 0.4782608695652174, "R4": 1.0, "R5": 1.0}}, "carcinoma": {"R0": {"R0": 1.0, "R1": 0.0, "R2": 0.0, "R3": 0.0, "R4": 0.0}, "R1": {"R0": 0.0, "R1": 1.0, "R2": 1.0, "R3": 1.0, "R4": 1.0}, "R2": {"R0": 0.0, "R1": 1.0, "R2": 1.0, "R3": 1.0, "R4": 0.6428571428571429}, "R3": {"R0": 0.0, "R1": 1.0, "R2": 1.0, "R3": 1.0, "R4": 0.7142857142857143}, "R4": {"R0": 0.0, "R1": 1.0, "R2": 0.6428571428571429, "R3": 0.7142857142857143, "R4": 1.0}}, "gbsg2": {"R0": {"R0": 1.0, "R1": 1.0, "R2": 1.0, "R3": 1.0, "R4": 1.0, "R5": 1.0, "R6": 1.0}, "R1": {"R0": 1.0, "R1": 1.0, "R2": 0.5142857142857142, "R3": 0.6304347826086957, "R4": 0.42857142857142855, "R5": 0.5526315789473685, "R6": 0.6086956521739131}, "R2": {"R0": 1.0, "R1": 0.5142857142857142, "R2": 1.0, "R3": 0.6571428571428571, "R4": 0.0, "R5": 0.34285714285714286, "R6": 0.6285714285714286}, "R3": {"R0": 1.0, "R1": 0.6304347826086957, "R2": 0.6571428571428571, "R3": 1.0, "R4": 0.5714285714285714, "R5": 0.6052631578947368, "R6": 0.5172413793103449}, "R4": {"R0": 1.0, "R1": 0.42857142857142855, "R2": 0.0, "R3": 0.5714285714285714, "R4": 1.0, "R5": 0.6578947368421053, "R6": 0.5952380952380952}, "R5": {"R0": 1.0, "R1": 0.5526315789473685, "R2": 0.34285714285714286, "R3": 0.6052631578947368, "R4": 0.6578947368421053, "R5": 1.0, "R6": 0.6052631578947368}, "R6": {"R0": 1.0, "R1": 0.6086956521739131, "R2": 0.6285714285714286, "R3": 0.5172413793103449, "R4": 0.5952380952380952, "R5": 0.6052631578947368, "R6": 1.0}}, "lung": {"R0": {"R0": 1.0, "R1": 0.12837837837837837, "R2": 0.8040540540540541, "R3": 0.2905405405405405, "R4": 0.2702702702702703, "R5": 0.20945945945945946}, "R1": {"R0": 0.12837837837837837, "R1": 1.0, "R2": 0.0, "R3": 0.0, "R4": 0.6628895184135978, "R5": 1.0}, "R2": {"R0": 0.8040540540540541, "R1": 0.0, "R2": 1.0, "R3": 1.0, "R4": 0.22252747252747251, "R5": 0.19908466819221968}, "R3": {"R0": 0.2905405405405405, "R1": 0.0, "R2": 1.0, "R3": 1.0, "R4": 0.0, "R5": 0.3235294117647059}, "R4": {"R0": 0.2702702702702703, "R1": 0.6628895184135978, "R2": 0.22252747252747251, "R3": 0.0, "R4": 1.0, "R5": 0.6758241758241759}, "R5": {"R0": 0.20945945945945946, "R1": 1.0, "R2": 0.19908466819221968, "R3": 0.3235294117647059, "R4": 0.6758241758241759, "R5": 1.0}}, "melanoma": {"R0": {"R0": 1.0, "R1": 0.0, "R2": 1.0}, "R1": {"R0": 0.0, "R1": 1.0, "R2": 0.0}, "R2": {"R0": 1.0, "R1": 0.0, "R2": 1.0}}, "mgus2": {"R0": {"R0": 1.0, "R1": 0.0, "R2": 0.0, "R3": 0.1388888888888889, "R4": 0.11507936507936507, "R5": 0.4087301587301587, "R6": 0.18012422360248448}, "R1": {"R0": 0.0, "R1": 1.0, "R2": 0.0, "R3": 0.32452830188679244, "R4": 0.29056603773584905, "R5": 0.03717472118959108, "R6": 0.3167701863354037}, "R2": {"R0": 0.0, "R1": 0.0, "R2": 1.0, "R3": 1.0, "R4": 0.0, "R5": 0.0, "R6": 0.16417910447761194}, "R3": {"R0": 0.1388888888888889, "R1": 0.32452830188679244, "R2": 1.0, "R3": 1.0, "R4": 0.0, "R5": 0.0, "R6": 0.422360248447205}, "R4": {"R0": 0.11507936507936507, "R1": 0.29056603773584905, "R2": 0.0, "R3": 0.0, "R4": 1.0, "R5": 0.0, "R6": 0.16770186335403728}, "R5": {"R0": 0.4087301587301587, "R1": 0.03717472118959108, "R2": 0.0, "R3": 0.0, "R4": 0.0, "R5": 1.0, "R6": 0.07453416149068323}, "R6": {"R0": 0.18012422360248448, "R1": 0.3167701863354037, "R2": 0.16417910447761194, "R3": 0.422360248447205, "R4": 0.16770186335403728, "R5": 0.07453416149068323, "R6": 1.0}}, "mgus": {"R0": {"R0": 1.0, "R1": 1.0, "R2": 1.0, "R3": 1.0, "R4": 1.0, "R5": 1.0, "R6": 1.0}, "R1": {"R0": 1.0, "R1": 1.0, "R2": 1.0, "R3": 1.0, "R4": 1.0, "R5": 1.0, "R6": 1.0}, "R2": {"R0": 1.0, "R1": 1.0, "R2": 1.0, "R3": 1.0, "R4": 1.0, "R5": 1.0, "R6": 1.0}, "R3": {"R0": 1.0, "R1": 1.0, "R2": 1.0, "R3": 1.0, "R4": 1.0, "R5": 1.0, "R6": 1.0}, "R4": {"R0": 1.0, "R1": 1.0, "R2": 1.0, "R3": 1.0, "R4": 1.0, "R5": 1.0, "R6": 1.0}, "R5": {"R0": 1.0, "R1": 1.0, "R2": 1.0, "R3": 1.0, "R4": 1.0, "R5": 1.0, "R6": 1.0}, "R6": {"R0": 1.0, "R1": 1.0, "R2": 1.0, "R3": 1.0, "R4": 1.0, "R5": 1.0, "R6": 1.0}}, "pbc": {"R0": {"R0": 1.0, "R1": 0.0, "R2": 0.0, "R3": 0.0, "R4": 0.14285714285714285, "R5": 0.29411764705882354, "R6": 0.7741935483870968, "R7": 0.5882352941176471}, "R1": {"R0": 0.0, "R1": 1.0, "R2": 1.0, "R3": 1.0, "R4": 0.8571428571428571, "R5": 0.7058823529411765, "R6": 0.7368421052631579, "R7": 0.7368421052631579}, "R2": {"R0": 0.0, "R1": 1.0, "R2": 1.0, "R3": 1.0, "R4": 0.8571428571428571, "R5": 0.7058823529411765, "R6": 0.7368421052631579, "R7": 0.7368421052631579}, "R3": {"R0": 0.0, "R1": 1.0, "R2": 1.0, "R3": 1.0, "R4": 0.7857142857142857, "R5": 0.6470588235294118, "R6": 0.7647058823529411, "R7": 0.7647058823529411}, "R4": {"R0": 0.14285714285714285, "R1": 0.8571428571428571, "R2": 0.8571428571428571, "R3": 0.7857142857142857, "R4": 1.0, "R5": 1.0, "R6": 0.7142857142857143, "R7": 0.7142857142857143}, "R5": {"R0": 0.29411764705882354, "R1": 0.7058823529411765, "R2": 0.7058823529411765, "R3": 0.6470588235294118, "R4": 1.0, "R5": 1.0, "R6": 0.6470588235294118, "R7": 0.5882352941176471}, "R6": {"R0": 0.7741935483870968, "R1": 0.7368421052631579, "R2": 0.7368421052631579, "R3": 0.7647058823529411, "R4": 0.7142857142857143, "R5": 0.6470588235294118, "R6": 1.0, "R7": 1.0}, "R7": {"R0": 0.5882352941176471, "R1": 0.7368421052631579, "R2": 0.7368421052631579, "R3": 0.7647058823529411, "R4": 0.7142857142857143, "R5": 0.5882352941176471, "R6": 1.0, "R7": 1.0}}, "ptc": {"R0": {"R0": 1.0, "R1": 0.8333333333333334, "R2": 1.0, "R3": 0.8947368421052632}, "R1": {"R0": 0.8333333333333334, "R1": 1.0, "R2": 1.0, "R3": 0.9444444444444444}, "R2": {"R0": 1.0, "R1": 1.0, "R2": 1.0, "R3": 1.0}, "R3": {"R0": 0.8947368421052632, "R1": 0.9444444444444444, "R2": 1.0, "R3": 1.0}}, "uis": {"R0": {"R0": 1.0, "R1": 1.0, "R2": 1.0, "R3": 1.0, "R4": 1.0, "R5": 1.0, "R6": 1.0, "R7": 0.7666666666666667}, "R1": {"R0": 1.0, "R1": 1.0, "R2": 1.0, "R3": 0.8780487804878049, "R4": 1.0, "R5": 0.8, "R6": 1.0, "R7": 0.9333333333333333}, "R2": {"R0": 1.0, "R1": 1.0, "R2": 1.0, "R3": 1.0, "R4": 1.0, "R5": 0.6792452830188679, "R6": 0.8490566037735849, "R7": 1.0}, "R3": {"R0": 1.0, "R1": 0.8780487804878049, "R2": 1.0, "R3": 1.0, "R4": 1.0, "R5": 0.8780487804878049, "R6": 0.8780487804878049, "R7": 0.8333333333333334}, "R4": {"R0": 1.0, "R1": 1.0, "R2": 1.0, "R3": 1.0, "R4": 1.0, "R5": 1.0, "R6": 1.0,