{"actg320": {"R0": {"R0": 1.0, "R1": 1.0, "R2": 1.0}, "R1": {"R0": 1.0, "R1": 1.0, "R2": 1.0}, "R2": {"R0": 1.0, "R1": 1.0, "R2": 1.0}}, "breast-cancer": {"R0": {"R0": 1.0, "R1": 1.0, "R2": 1.0, "R3": 0.8018524730661755, "R4": 0.8018524730661755, "R5": 0.8018524730661755, "R6": 0.7217191795979194, "R7": 0.7217191795979194, "R8": 0.7217191795979194}, "R1": {"R0": 1.0, "R1": 1.0, "R2": 1.0, "R3": 0.8018524730661755, "R4": 0.8018524730661755, "R5": 0.8018524730661755, "R6": 0.7217191795979194, "R7": 0.7217191795979194, "R8": 0.7217191795979194}, "R2": {"R0": 1.0, "R1": 1.0, "R2": 1.0, "R3": 0.8018524730661755, "R4": 0.8018524730661755, "R5": 0.8018524730661755, "R6": 0.7217191795979194, "R7": 0.7217191795979194, "R8": 0.7217191795979194}, "R3": {"R0": 0.8018524730661755, "R1": 0.8018524730661755, "R2": 0.8018524730661755, "R3": 1.0, "R4": 1.0, "R5": 1.0, "R6": 0.9082210297302401, "R7": 0.9082210297302401, "R8": 0.9082210297302401}, "R4": {"R0": 0.8018524730661755, "R1": 0.8018524730661755, "R2": 0.8018524730661755, "R3": 1.0, "R4": 1.0, "R5": 1.0, "R6": 0.9082210297302401, "R7": 0.9082210297302401, "R8": 0.9082210297302401}, "R5": {"R0": 0.8018524730661755, "R1": 0.8018524730661755, "R2": 0.8018524730661755, "R3": 1.0, "R4": 1.0, "R5": 1.0, "R6": 0.9082210297302401, "R7": 0.9082210297302401, "R8": 0.9082210297302401}, "R6": {"R0": 0.7217191795979194, "R1": 0.7217191795979194, "R2": 0.7217191795979194, "R3": 0.9082210297302401, "R4": 0.9082210297302401, "R5": 0.9082210297302401, "R6": 1.0, "R7": 1.0, "R8": 1.0}, "R7": {"R0": 0.7217191795979194, "R1": 0.7217191795979194, "R2": 0.7217191795979194, "R3": 0.9082210297302401, "R4": 0.9082210297302401, "R5": 0.9082210297302401, "R6": 1.0, "R7": 1.0, "R8": 1.0}, "R8": {"R0": 0.7217191795979194, "R1": 0.7217191795979194, "R2": 0.7217191795979194, "R3": 0.9082210297302401, "R4": 0.9082210297302401, "R5": 0.9082210297302401, "R6": 1.0, "R7": 1.0, "R8": 1.0}}, "cancer": {"R0": {"R0": 1.0, "R1": 0.021664490957610028, "R2": 0.025574693477154464, "R3": 0.0008537184257619845, "R4": 0.0006557607471369131, "R5": 0.027174588268137123}, "R1": {"R0": 0.021664490957610028, "R1": 1.0, "R2": 0.8413170909972533, "R3": 0.3684191978480308, "R4": 0.2575000107546518, "R5": 0.7185977041090291}, "R2": {"R0": 0.025574693477154464, "R1": 0.8413170909972533, "R2": 1.0, "R3": 0.4809666450385436, "R4": 0.308940261721116, "R5": 0.8021211961993626}, "R3": {"R0": 0.0008537184257619845, "R1": 0.3684191978480308, "R2": 0.4809666450385436, "R3": 1.0, "R4": 0.7415755357312475, "R5": 0.6749135349056256}, "R4": {"R0": 0.0006557607471369131, "R1": 0.2575000107546518, "R2": 0.308940261721116, "R3": 0.7415755357312475, "R4": 1.0, "R5": 0.5151991457561491}, "R5": {"R0": 0.027174588268137123, "R1": 0.7185977041090291, "R2": 0.8021211961993626, "R3": 0.6749135349056256, "R4": 0.5151991457561491, "R5": 1.0}}, "carcinoma": {"R0": {"R0": 1.0, "R1": 6.603937729998677e-09, "R2": 8.85419482177241e-09, "R3": 1.666473525840928e-08, "R4": 1.4893403932347837e-07}, "R1": {"R0": 6.603937729998677e-09, "R1": 1.0, "R2": 0.7203902240128623, "R3": 0.4282518181759206, "R4": 0.85637532574641}, "R2": {"R0": 8.85419482177241e-09, "R1": 0.7203902240128623, "R2": 1.0, "R3": 0.6780390566250185, "R4": 0.6005315715804405}, "R3": {"R0": 1.666473525840928e-08, "R1": 0.4282518181759206, "R2": 0.6780390566250185, "R3": 1.0, "R4": 0.31822856526325527}, "R4": {"R0": 1.4893403932347837e-07, "R1": 0.85637532574641, "R2": 0.6005315715804405, "R3": 0.31822856526325527, "R4": 1.0}}, "gbsg2": {"R0": {"R0": 1.0, "R1": 0.012110427084202402, "R2": 0.003834578321644466, "R3": 0.6388129365741304, "R4": 0.10114418793103308, "R5": 0.0501752409373849, "R6": 0.8954282410705061}, "R1": {"R0": 0.012110427084202402, "R1": 1.0, "R2": 0.6557609893471764, "R3": 0.04819304068068042, "R4": 0.5451680398288329, "R5": 0.9506702821039986, "R6": 0.016932237943361295}, "R2": {"R0": 0.003834578321644466, "R1": 0.6557609893471764, "R2": 1.0, "R3": 0.016172763823783853, "R4": 0.38334305333887175, "R5": 0.6078679681503094, "R6": 0.0037658601891004118}, "R3": {"R0": 0.6388129365741304, "R1": 0.04819304068068042, "R2": 0.016172763823783853, "R3": 1.0, "R4": 0.21213353434421922, "R5": 0.14890823972374068, "R6": 0.5804318896526812}, "R4": {"R0": 0.10114418793103308, "R1": 0.5451680398288329, "R2": 0.38334305333887175, "R3": 0.21213353434421922, "R4": 1.0, "R5": 0.7174016489370653, "R6": 0.10780863653614248}, "R5": {"R0": 0.0501752409373849, "R1": 0.9506702821039986, "R2": 0.6078679681503094, "R3": 0.14890823972374068, "R4": 0.7174016489370653, "R5": 1.0, "R6": 0.0566861545616375}, "R6": {"R0": 0.8954282410705061, "R1": 0.016932237943361295, "R2": 0.0037658601891004118, "R3": 0.5804318896526812, "R4": 0.10780863653614248, "R5": 0.0566861545616375, "R6": 1.0}}, "lung": {"R0": {"R0": 1.0, "R1": 0.0, "R2": 0.25528194574446494, "R3": 0.7583427209609224, "R4": 0.0, "R5": 0.0}, "R1": {"R0": 0.0, "R1": 1.0, "R2": 0.0, "R3": 0.0, "R4": 0.0062235479887461365, "R5": 0.0034401993960303523}, "R2": {"R0": 0.25528194574446494, "R1": 0.0, "R2": 1.0, "R3": 0.4905810072721951, "R4": 0.0, "R5": 0.0}, "R3": {"R0": 0.7583427209609224, "R1": 0.0, "R2": 0.4905810072721951, "R3": 1.0, "R4": 0.0, "R5": 0.0}, "R4": {"R0": 0.0, "R1": 0.0062235479887461365, "R2": 0.0, "R3": 0.0, "R4": 1.0, "R5": 0.9022106510835199}, "R5": {"R0": 0.0, "R1": 0.0034401993960303523, "R2": 0.0, "R3": 0.0, "R4": 0.9022106510835199, "R5": 1.0}}, "melanoma": {"R0": {"R0": 1.0, "R1": 6.14067685589248e-11, "R2": 0.11481448730284316}, "R1": {"R0": 6.14067685589248e-11, "R1": 1.0, "R2": 5.4128797222219305e-08}, "R2": {"R0": 0.11481448730284316, "R1": 5.4128797222219305e-08, "R2": 1.0}}, "mgus2": {"R0": {"R0": 1.0, "R1": 0.0, "R2": 0.0, "R3": 0.0, "R4": 0.0, "R5": 4.481668428590879e-07, "R6": 0.0}, "R1": {"R0": 0.0, "R1": 1.0, "R2": 0.0, "R3": 0.0, "R4": 0.0007252235613722791, "R5": 0.0, "R6": 0.260667967716804}, "R2": {"R0": 0.0, "R1": 0.0, "R2": 1.0, "R3": 0.8343804363150367, "R4": 0.0, "R5": 0.0, "R6": 2.1094237467877974e-15}, "R3": {"R0": 0.0, "R1": 0.0, "R2": 0.8343804363150367, "R3": 1.0, "R4": 0.0, "R5": 0.0, "R6": 0.0}, "R4": {"R0": 0.0, "R1": 0.0007252235613722791, "R2": 0.0, "R3": 0.0, "R4": 1.0, "R5": 0.0, "R6": 0.0029812748773552222}, "R5": {"R0": 4.481668428590879e-07, "R1": 0.0, "R2": 0.0, "R3": 0.0, "R4": 0.0, "R5": 1.0, "R6": 0.0}, "R6": {"R0": 0.0, "R1": 0.260667967716804, "R2": 2.1094237467877974e-15, "R3": 0.0, "R4": 0.0029812748773552222, "R5": 0.0, "R6": 1.0}}, "mgus": {"R0": {"R0": 1.0, "R1": 1.0, "R2": 0.007943088738358917, "R3": 0.005712328167174374, "R4": 0.30362273425175534, "R5": 0.30362273425175534, "R6": 0.30653426376115056}, "R1": {"R0": 1.0, "R1": 1.0, "R2": 0.007943088738358917, "R3": 0.005712328167174374, "R4": 0.30362273425175534, "R5": 0.30362273425175534, "R6": 0.30653426376115056}, "R2": {"R0": 0.007943088738358917, "R1": 0.007943088738358917, "R2": 1.0, "R3": 0.9386975210963081, "R4": 0.06397227469548272, "R5": 0.06397227469548272, "R6": 0.22485737767296088}, "R3": {"R0": 0.005712328167174374, "R1": 0.005712328167174374, "R2": 0.9386975210963081, "R3": 1.0, "R4": 0.04554072865976244, "R5": 0.04554072865976244, "R6": 0.1890938337988347}, "R4": {"R0": 0.30362273425175534, "R1": 0.30362273425175534, "R2": 0.06397227469548272, "R3": 0.04554072865976244, "R4": 1.0, "R5": 1.0, "R6": 0.8407828666968706}, "R5": {"R0": 0.30362273425175534, "R1": 0.30362273425175534, "R2": 0.06397227469548272, "R3": 0.04554072865976244, "R4": 1.0, "R5": 1.0, "R6": 0.8407828666968706}, "R6": {"R0": 0.30653426376115056, "R1": 0.30653426376115056, "R2": 0.22485737767296088, "R3": 0.1890938337988347, "R4": 0.8407828666968706, "R5": 0.8407828666968706, "R6": 1.0}}, "pbc": {"R0": {"R0": 1.0, "R1": 0.0, "R2": 0.0, "R3": 0.0, "R4": 0.0, "R5": 0.0, "R6": 1.1102230246251565e-16, "R7": 0.0}, "R1": {"R0": 0.0, "R1": 1.0, "R2": 1.0, "R3": 0.7815147942814894, "R4": 0.4943823591139287, "R5": 0.9620470482828928, "R6": 0.003044285343554942, "R7": 0.2009678342045761},