{"actg320": {"R0": {"R0": 1.0, "R1": 1.0, "R2": 1.0}, "R1": {"R0": 1.0, "R1": 1.0, "R2": 0.6666666666666666}, "R2": {"R0": 1.0, "R1": 0.6666666666666666, "R2": 1.0}}, "breast-cancer": {"R0": {"R0": 1.0, "R1": 0.8333333333333334, "R2": 1.0, "R3": 0.8333333333333334, "R4": 1.0, "R5": 0.8, "R6": 0.6666666666666666, "R7": 0.8, "R8": 0.6}, "R1": {"R0": 0.8333333333333334, "R1": 1.0, "R2": 1.0, "R3": 0.8333333333333334, "R4": 0.8, "R5": 1.0, "R6": 0.8333333333333334, "R7": 0.8, "R8": 0.8}, "R2": {"R0": 1.0, "R1": 1.0, "R2": 1.0, "R3": 1.0, "R4": 1.0, "R5": 1.0, "R6": 0.8333333333333334, "R7": 0.8, "R8": 0.8}, "R3": {"R0": 0.8333333333333334, "R1": 0.8333333333333334, "R2": 1.0, "R3": 1.0, "R4": 1.0, "R5": 1.0, "R6": 0.8333333333333334, "R7": 0.8, "R8": 0.8}, "R4": {"R0": 1.0, "R1": 0.8, "R2": 1.0, "R3": 1.0, "R4": 1.0, "R5": 0.8, "R6": 0.8, "R7": 0.8, "R8": 0.6}, "R5": {"R0": 0.8, "R1": 1.0, "R2": 1.0, "R3": 1.0, "R4": 0.8, "R5": 1.0, "R6": 1.0, "R7": 0.8, "R8": 0.8}, "R6": {"R0": 0.6666666666666666, "R1": 0.8333333333333334, "R2": 0.8333333333333334, "R3": 0.8333333333333334, "R4": 0.8, "R5": 1.0, "R6": 1.0, "R7": 1.0, "R8": 1.0}, "R7": {"R0": 0.8, "R1": 0.8, "R2": 0.8, "R3": 0.8, "R4": 0.8, "R5": 0.8, "R6": 1.0, "R7": 1.0, "R8": 0.8}, "R8": {"R0": 0.6, "R1": 0.8, "R2": 0.8, "R3": 0.8, "R4": 0.6, "R5": 0.8, "R6": 1.0, "R7": 0.8, "R8": 1.0}}, "cancer": {"R0": {"R0": 1.0, "R1": 0.5, "R2": 0.5, "R3": 0.0, "R4": 1.0, "R5": 1.0}, "R1": {"R0": 0.5, "R1": 1.0, "R2": 0.5, "R3": 1.0, "R4": 0.0, "R5": 0.5}, "R2": {"R0": 0.5, "R1": 0.5, "R2": 1.0, "R3": 0.0, "R4": 0.0, "R5": 0.5}, "R3": {"R0": 0.0, "R1": 1.0, "R2": 0.0, "R3": 1.0, "R4": 0.0, "R5": 0.0}, "R4": {"R0": 1.0, "R1": 0.0, "R2": 0.0, "R3": 0.0, "R4": 1.0, "R5": 1.0}, "R5": {"R0": 1.0, "R1": 0.5, "R2": 0.5, "R3": 0.0, "R4": 1.0, "R5": 1.0}}, "carcinoma": {"R0": {"R0": 1.0, "R1": 0.0, "R2": 0.0, "R3": 0.0, "R4": 0.0}, "R1": {"R0": 0.0, "R1": 1.0, "R2": 1.0, "R3": 1.0, "R4": 1.0}, "R2": {"R0": 0.0, "R1": 1.0, "R2": 1.0, "R3": 1.0, "R4": 0.5}, "R3": {"R0": 0.0, "R1": 1.0, "R2": 1.0, "R3": 1.0, "R4": 0.5}, "R4": {"R0": 0.0, "R1": 1.0, "R2": 0.5, "R3": 0.5, "R4": 1.0}}, "gbsg2": {"R0": {"R0": 1.0, "R1": 1.0, "R2": 1.0, "R3": 1.0, "R4": 1.0, "R5": 1.0, "R6": 1.0}, "R1": {"R0": 1.0, "R1": 1.0, "R2": 0.5, "R3": 0.5, "R4": 0.5, "R5": 0.5, "R6": 0.5}, "R2": {"R0": 1.0, "R1": 0.5, "R2": 1.0, "R3": 0.5, "R4": 0.5, "R5": 0.5, "R6": 0.5}, "R3": {"R0": 1.0, "R1": 0.5, "R2": 0.5, "R3": 1.0, "R4": 0.5, "R5": 0.5, "R6": 0.5}, "R4": {"R0": 1.0, "R1": 0.5, "R2": 0.5, "R3": 0.5, "R4": 1.0, "R5": 0.5, "R6": 0.5}, "R5": {"R0": 1.0, "R1": 0.5, "R2": 0.5, "R3": 0.5, "R4": 0.5, "R5": 1.0, "R6": 0.5}, "R6": {"R0": 1.0, "R1": 0.5, "R2": 0.5, "R3": 0.5, "R4": 0.5, "R5": 0.5, "R6": 1.0}}, "lung": {"R0": {"R0": 1.0, "R1": 0.0, "R2": 0.0, "R3": 0.0, "R4": 0.0, "R5": 0.0}, "R1": {"R0": 0.0, "R1": 1.0, "R2": 0.0, "R3": 0.0, "R4": 0.0, "R5": 0.0}, "R2": {"R0": 0.0, "R1": 0.0, "R2": 1.0, "R3": 0.0, "R4": 0.0, "R5": 0.0}, "R3": {"R0": 0.0, "R1": 0.0, "R2": 0.0, "R3": 1.0, "R4": 0.0, "R5": 0.0}, "R4": {"R0": 0.0, "R1": 0.0, "R2": 0.0, "R3": 0.0, "R4": 1.0, "R5": 0.0}, "R5": {"R0": 0.0, "R1": 0.0, "R2": 0.0, "R3": 0.0, "R4": 0.0, "R5": 1.0}}, "melanoma": {"R0": {"R0": 1.0, "R1": 0.0, "R2": 1.0}, "R1": {"R0": 0.0, "R1": 1.0, "R2": 0.0}, "R2": {"R0": 1.0, "R1": 0.0, "R2": 1.0}}, "mgus2": {"R0": {"R0": 1.0, "R1": 0.0, "R2": 0.0, "R3": 0.0, "R4": 0.0, "R5": 0.0, "R6": 0.0}, "R1": {"R0": 0.0, "R1": 1.0, "R2": 0.0, "R3": 0.0, "R4": 0.0, "R5": 0.0, "R6": 0.0}, "R2": {"R0": 0.0, "R1": 0.0, "R2": 1.0, "R3": 1.0, "R4": 0.0, "R5": 0.0, "R6": 0.0}, "R3": {"R0": 0.0, "R1": 0.0, "R2": 1.0, "R3": 1.0, "R4": 0.0, "R5": 0.0, "R6": 0.0}, "R4": {"R0": 0.0, "R1": 0.0, "R2": 0.0, "R3": 0.0, "R4": 1.0, "R5": 0.0, "R6": 0.0}, "R5": {"R0": 0.0, "R1": 0.0, "R2": 0.0, "R3": 0.0, "R4": 0.0, "R5": 1.0, "R6": 0.0}, "R6": {"R0": 0.0, "R1": 0.0, "R2": 0.0, "R3": 0.0, "R4": 0.0, "R5": 0.0, "R6": 1.0}}, "mgus": {"R0": {"R0": 1.0, "R1": 1.0, "R2": 0.5, "R3": 1.0, "R4": 1.0, "R5": 0.75, "R6": 1.0}, "R1": {"R0": 1.0, "R1": 1.0, "R2": 1.0, "R3": 1.0, "R4": 1.0, "R5": 1.0, "R6": 1.0}, "R2": {"R0": 0.5, "R1": 1.0, "R2": 1.0, "R3": 1.0, "R4": 0.5, "R5": 1.0, "R6": 0.5}, "R3": {"R0": 1.0, "R1": 1.0, "R2": 1.0, "R3": 1.0, "R4": 1.0, "R5": 1.0, "R6": 1.0}, "R4": {"R0": 1.0, "R1": 1.0, "R2": 0.5, "R3": 1.0, "R4": 1.0, "R5": 1.0, "R6": 1.0}, "R5": {"R0": 0.75, "R1": 1.0, "R2": 1.0, "R3": 1.0, "R4": 1.0, "R5": 1.0, "R6": 1.0}, "R6": {"R0": 1.0, "R1": 1.0, "R2": 0.5, "R3": 1.0, "R4": 1.0, "R5": 1.0, "R6": 1.0}}, "pbc": {"R0": {"R0": 1.0, "R1": 0.0, "R2": 0.0, "R3": 0.0, "R4": 0.0, "R5": 0.0, "R6": 0.0, "R7": 0.0}, "R1": {"R0": 0.0, "R1": 1.0, "R2": 1.0, "R3": 0.5, "R4": 0.5, "R5": 0.0, "R6": 0.0, "R7": 0.5}, "R2": {"R0": 0.0, "R1": 1.0, "R2": 1.0, "R3": 1.0, "R4": 0.0, "R5": 0.0, "R6": 0.0, "R7": 0.0}, "R3": {"R0": 0.0, "R1": 0.5, "R2": 1.0, "R3": 1.0, "R4": 0.0, "R5": 0.0, "R6": 0.0, "R7": 0.0}, "R4": {"R0": 0.0, "R1": 0.5, "R2": 0.0, "R3": 0.0, "R4": 1.0, "R5": 1.0, "R6": 0.0, "R7": 0.5}, "R5": {"R0": 0.0, "R1": 0.0, "R2": 0.0, "R3": 0.0, "R4": 1.0, "R5": 1.0, "R6": 0.0, "R7": 0.0}, "R6": {"R0": 0.0, "R1": 0.0, "R2": 0.0, "R3": 0.0, "R4": 0.0, "R5": 0.0, "R6": 1.0, "R7": 1.0}, "R7": {"R0": 0.0, "R1": 0.5, "R2": 0.0, "R3": 0.0, "R4": 0.5, "R5": 0.0, "R6": 1.0, "R7": 1.0}}, "ptc": {"R0": {"R0": 1.0, "R1": 0.5, "R2": 1.0, "R3": 0.5}, "R1": {"R0": 0.5, "R1": 1.0, "R2": 1.0, "R3": 0.5}, "R2": {"R0": 1.0, "R1": 1.0, "R2": 1.0, "R3": 1.0}, "R3": {"R0": 0.5, "R1": 0.5, "R2": 1.0, "R3": 1.0}}, "uis": {"R0": {"R0": 1.0, "R1": 1.0, "R2": 1.0, "R3": 1.0, "R4": 1.0, "R5": 1.0, "R6": 1.0, "R7": 0.6666666666666666}, "R1": {"R0": 1.0, "R1": 1.0, "R2": 1.0, "R3": 0.6666666666666666, "R4": 1.0, "R5": 0.6666666666666666, "R6": 1.0, "R7": 0.6666666666666666}, "R2": {"R0": 1.0, "R1": 1.0, "R2": 1.0, "R3": 1.0, "R4": 1.0, "R5": 0.5, "R6": 0.5, "R7": 1.0}, "R3": {"R0": 1.0, "R1": 0.6666666666666666, "R2": 1.0, "R3": 1.0, "R4": 1.0, "R5": 0.6666666666666666, "R6": 0.5, "R7": 0.6666666666666666}, "R4": {"R0": 1.0, "R1": 1.0, "R2": 1.0, "R3": 1.0, "R4": 1.0, "R5": 1.0, "R6": 1.0, "R7": 1.0}, "R5": {"R0": 1.0, "R1": 0.6666666666666666, "R2": 0.5, "R3": 0.6666666666666666, "R4": 1.0, "R5": 1.0, "R6": 1.0, "R7": 0.3333333333333333}, "R6": {"R0": 1.0, "R1": 1.0, "R2": 0.5, "R3": 0.5, "R4": 1.0, "R5": 1.0, "R6": 1.0, "R7": 0.5}, "R7": {"R0": 0.6666666666666666, "R1": 0.6666666666666666, "R2": 1.0, "R3": 0.6666666666666666, "R4": 1.0, "R5": 0.3333333333333333, "R6": 0.5, "R7": 1.0}}, "veteran": {"R0": {"R0": 1.0, "R1": 1.0, "R2": 1.0, "R3": 1.0, "R4": 1.0, "R5": 0.0}, "R1": {"R0": 1.0, "R1": 1.0, "R2": 0.5, "R3": 0.5, "R4": 0.5, "R5": 0.0}, "R2": {"R0": 1.0, "R1": 0.5, "R2": 1.0, "R3": 0.5, "R4": 1.0, "R5": 0.0}, "R3": {"R0": 1.0, "R1": 0.5, "R2": 0.5, "R3": 1.0, "R4": 1.0, "R5": 0.0}, "R4": {"R0": 1.0, "R1": 0.5, "R2": 1.0, "R3": 1.0, "R4": 1.0, "R5": 0.0}, "R5": {"R0": 0.0, "R1": 0.0, "R2": 0.0, "R3": 0.0, "R4": 0.0, "R5": 1.0}}, "whas500": {"R0": {"R0": 1.0, "R1": 0.0, "R2": 1.0, "R3": 0.0, "R4": 0.5}, "R1": {"R0": 0.0, "R1": 1.0, "R2": 0.0, "R3": 0.0, "R4": 0.0}, "R2": {"R0": 1.0, "R1": 0.0, "R2": 1.0, "R3": 0.0, "R4": 1.0}, "R3": {"R0": 0.0, "R1": 0.0, "R2": 0.0, "R3": 1.0, "R4": 0.0}, "R4": {"R0": 0.5, "R1": 0.0, "R2": 1.0, "R3": 0.0, "R4": 1.0}}}