{"actg320": {"R0": {"pval_logrank": 8.606448886894214e-13, "pval_ttest": 0.020588651516318873}, "R1": {"pval_logrank": 8.606448886894214e-13, "pval_ttest": 0.020588651516318873}, "R2": {"pval_logrank": 8.606448886894214e-13, "pval_ttest": 0.020588651516318873}}, "breast-cancer": {"R0": {"pval_logrank": 4.669598041573408e-13, "pval_ttest": 6.768558392474893e-06}, "R1": {"pval_logrank": 4.669598041573408e-13, "pval_ttest": 6.768558392474893e-06}, "R2": {"pval_logrank": 4.669598041573408e-13, "pval_ttest": 6.768558392474893e-06}, "R3": {"pval_logrank": 4.888311977424564e-13, "pval_ttest": 1.6162135093973587e-05}, "R4": {"pval_logrank": 4.888311977424564e-13, "pval_ttest": 1.6162135093973587e-05}, "R5": {"pval_logrank": 4.888311977424564e-13, "pval_ttest": 1.6162135093973587e-05}, "R6": {"pval_logrank": 2.1644908088092052e-11, "pval_ttest": 6.911534257922935e-05}, "R7": {"pval_logrank": 2.1644908088092052e-11, "pval_ttest": 6.911534257922935e-05}, "R8": {"pval_logrank": 2.1644908088092052e-11, "pval_ttest": 6.911534257922935e-05}}, "cancer": {"R0": {"pval_logrank": 9.769962616701378e-15, "pval_ttest": 0.00027596314405882856}, "R1": {"pval_logrank": 6.601290313257291e-05, "pval_ttest": 0.010823474732531231}, "R2": {"pval_logrank": 0.00019063176734268605, "pval_ttest": 0.017372853991747584}, "R3": {"pval_logrank": 0.000272318134849292, "pval_ttest": 0.008757887670220904}, "R4": {"pval_logrank": 0.0006683644783060938, "pval_ttest": 0.007753362439986252}, "R5": {"pval_logrank": 0.0008102036913559818, "pval_ttest": 0.015272583866938584}}, "carcinoma": {"R0": {"pval_logrank": 1.2634948642897825e-10, "pval_ttest": 1.690921467083439e-07}, "R1": {"pval_logrank": 4.3335584121173554e-08, "pval_ttest": 1.573194835330648e-05}, "R2": {"pval_logrank": 4.667074300357399e-07, "pval_ttest": 0.00020735916799402394}, "R3": {"pval_logrank": 6.439189662699185e-06, "pval_ttest": 0.0019936574808090395}, "R4": {"pval_logrank": 1.2866351900342465e-05, "pval_ttest": 0.0007032576825654485}}, "gbsg2": {"R0": {"pval_logrank": 4.440892098500626e-16, "pval_ttest": 8.458552082628316e-10}, "R1": {"pval_logrank": 7.771561172376096e-16, "pval_ttest": 2.2278237381726282e-08}, "R2": {"pval_logrank": 1.4432899320127035e-15, "pval_ttest": 1.4853408106821675e-07}, "R3": {"pval_logrank": 1.5220047444586271e-12, "pval_ttest": 4.849281742511881e-07}, "R4": {"pval_logrank": 1.9239831949846575e-11, "pval_ttest": 1.2619633551166049e-05}, "R5": {"pval_logrank": 3.0681235330121126e-11, "pval_ttest": 4.4656658251890085e-07}, "R6": {"pval_logrank": 1.3356221684190928e-09, "pval_ttest": 3.183470123118324e-05}}, "lung": {"R0": {"pval_logrank": 0.0, "pval_ttest": 6.337404431999142e-07}, "R1": {"pval_logrank": 0.0, "pval_ttest": 1.4901141973523995e-23}, "R2": {"pval_logrank": 0.0, "pval_ttest": 4.008075730986592e-23}, "R3": {"pval_logrank": 0.0, "pval_ttest": 1.0223968017503827e-08}, "R4": {"pval_logrank": 0.0, "pval_ttest": 4.0865562611784054e-13}, "R5": {"pval_logrank": 0.0, "pval_ttest": 1.5399148342416247e-15}}, "melanoma": {"R0": {"pval_logrank": 9.271953316236647e-09, "pval_ttest": 1.4866195805318397e-05}, "R1": {"pval_logrank": 5.4128797222219305e-08, "pval_ttest": 0.0001249249337693589}, "R2": {"pval_logrank": 5.4128797222219305e-08, "pval_ttest": 0.0001249249337693589}}, "mgus2": {"R0": {"pval_logrank": 0.0, "pval_ttest": 2.0688072963878723e-26}, "R1": {"pval_logrank": 0.0, "pval_ttest": 2.0273113879705868e-24}, "R2": {"pval_logrank": 0.0, "pval_ttest": 3.5848092714369415e-23}, "R3": {"pval_logrank": 0.0, "pval_ttest": 1.1957279134497137e-120}, "R4": {"pval_logrank": 0.0, "pval_ttest": 1.4753852270335352e-32}, "R5": {"pval_logrank": 0.0, "pval_ttest": 1.7748475708973112e-271}, "R6": {"pval_logrank": 0.0, "pval_ttest": 3.6967516673315e-12}}, "mgus": {"R0": {"pval_logrank": 1.2301271112846734e-13, "pval_ttest": 0.00015378445863131114}, "R1": {"pval_logrank": 1.2301271112846734e-13, "pval_ttest": 0.00015378445863131114}, "R2": {"pval_logrank": 2.672972954087527e-12, "pval_ttest": 3.4097123585875207e-08}, "R3": {"pval_logrank": 4.516054197267749e-12, "pval_ttest": 4.329816408459115e-08}, "R4": {"pval_logrank": 2.3279156380340282e-11, "pval_ttest": 4.697288707383618e-05}, "R5": {"pval_logrank": 2.3279156380340282e-11, "pval_ttest": 4.697288707383618e-05}, "R6": {"pval_logrank": 3.9176661914552824e-11, "pval_ttest": 4.915321147104225e-06}}, "pbc": {"R0": {"pval_logrank": 0.0, "pval_ttest": 2.0746206947620464e-08}, "R1": {"pval_logrank": 0.0, "pval_ttest": 2.0746206947620464e-08}, "R2": {"pval_logrank": 0.0, "pval_ttest": 2.0746206947620464e-08}, "R3": {"pval_logrank": 0.0, "pval_ttest": 5.587627449680448e-08}, "R4": {"pval_logrank": 0.0, "pval_ttest": 2.281600196267264e-08}, "R5": {"pval_logrank": 0.0, "pval_ttest": 5.261699635414465e-08}, "R6": {"pval_logrank": 0.0, "pval_ttest": 1.4639205471381028e-11}, "R7": {"pval_logrank": 0.0, "pval_ttest": 8.369987382718475e-11}}, "ptc": {"R0": {"pval_logrank": 0.0, "pval_ttest": 0.38473655580247457}, "R1": {"pval_logrank": 0.0, "pval_ttest": 0.3999974390207408}, "R2": {"pval_logrank": 0.0, "pval_ttest": 0.529475997647257}, "R3": {"pval_logrank": 0.0, "pval_ttest": 0.6752811403737438}}, "uis": {"R0": {"pval_logrank": 0.0, "pval_ttest": 9.117222555877486e-09}, "R1": {"pval_logrank": 0.0, "pval_ttest": 1.9199578880269976e-11}, "R2": {"pval_logrank": 0.0, "pval_ttest": 2.6513845182460006e-12}, "R3": {"pval_logrank": 0.0, "pval_ttest": 2.1155429704337397e-09}, "R4": {"pval_logrank": 0.0, "pval_ttest": 9.619156787973727e-14}, "R5": {"pval_logrank": 0.0, "pval_ttest": 5.732444752011549e-09}, "R6": {"pval_logrank": 0.0, "pval_ttest": 2.309497340550113e-13}, "R7": {"pval_logrank": 0.0, "pval_ttest": 1.539368247134695e-07}}, "veteran": {"R0": {"pval_logrank": 8.124312333990247e-11, "pval_ttest": 0.0021925877375696427}, "R1": {"pval_logrank": 1.6268603530988912e-07, "pval_ttest": 0.019955431522846807}, "R2": {"pval_logrank": 7.632769672971662e-07, "pval_ttest": 0.014799400144574057}, "R3": {"pval_logrank": 1.05919344350891e-06, "pval_ttest": 0.03254190937428475}, "R4": {"pval_logrank": 1.5173818818436935e-05, "pval_ttest": 0.06728433708336529}, "R5": {"pval_logrank": 2.7615912728484737e-05, "pval_ttest": 0.0640869331734938}}, "whas500": {"R0": {"pval_logrank": 0.0, "pval_ttest": 2.0598472724374703e-10}, "R1": {"pval_logrank": 0.0, "pval_ttest": 2.0846579430791437e-08}, "R2": {"pval_logrank": 0.0, "pval_ttest": 4.207816889609757e-10}, "R3": {"pval_logrank": 0.0, "pval_ttest": 4.207816889609757e-10}, "R4": {"pval_logrank": 0.0, "pval_ttest": 2.280523553339235e-10}}}