id,sg,baseline,fitness,pvalue,mean_sg,mean_pop,mean_cpm,size_sg,size_pop,size_cpm
R0,"(age={'[74.00,87.00]'})",complement,1.000000,0.000000,2673.717949,5390.130682,6163.416058,39,176,137
R1,"(age={'[66.00,74.00)'})",complement,0.993573,0.006427,4311.789474,5390.130682,5687.065217,38,176,138
R2,"(age={'[34.00,53.00)'})",complement,1.000000,0.000000,8671.933333,5390.130682,4715.787671,30,176,146
R3,"(alb={'[2.00,3.00)'})",complement,0.996842,0.003158,3882.860465,5390.130682,5877.443609,43,176,133
R4,"(age={'[53.00,59.00)'}) & (mspike={'[1.00,1.00)'})",complement,0.965869,0.034131,7705.739130,5390.130682,5042.032680,23,176,153
R5,"(alb={'[3.00,3.00]'})",complement,0.997559,0.002441,5906.641221,5390.130682,3886.511111,131,176,45
