id,sg,baseline,fitness,pvalue,mean_sg,mean_pop,mean_cpm,size_sg,size_pop,size_cpm
R0,"(cd4={'[0.00,17.00)'}) & (txgrp={'1'}) & (strat2={'0'})",complement,1.000000,0.000000,211.601770,230.183319,232.206166,113,1151,1038
R1,(strat2={'1'}),complement,1.000000,0.000000,232.185393,230.183319,226.936219,712,1151,439
R2,(karnof={'100'}),complement,0.999488,0.000512,229.888889,230.183319,230.337748,396,1151,755
R3,(strat2={'0'}) & (hemophil={'0'}) & (ivdrug={'1'}),complement,1.000000,0.000000,222.798319,230.183319,233.503778,357,1151,794
