id,sg,baseline,fitness,pvalue,mean_sg,mean_pop,mean_cpm,size_sg,size_pop,size_cpm
R0,"(pnodes={'[4.00,8.00]'})",complement,1.000000,0.000000,834.720280,1124.489796,1200.801105,143,686,543
R1,"(progrec={'[0.00,3.00)'})",complement,1.000000,0.000000,877.813953,1124.489796,1181.619390,129,686,557
R2,"(pnodes={'[1.00,2.00)'})",complement,0.999997,0.000003,1325.571429,1124.489796,1048.022133,189,686,497
R3,"(age={'[45.00,50.00)'})",complement,0.999784,0.000216,1251.131387,1124.489796,1092.887067,137,686,549
R4,"(pnodes={'[2.00,4.00)'})",complement,0.990195,0.009805,1033.976048,1124.489796,1153.614644,167,686,519
R5,"(tsize={'[3.00,20.00)'})",complement,0.999801,0.000199,1311.481481,1124.489796,1078.675136,135,686,551
R6,(horTh={'no'}),complement,0.996573,0.003427,1059.729545,1124.489796,1240.321138,440,686,246
