id,sg,baseline,fitness,pvalue,mean_sg,mean_pop,mean_cpm,size_sg,size_pop,size_cpm
R0,"(pat-karno={'[30.00,70.00)'})",complement,0.999728,0.000272,220.000000,310.047619,329.623188,30,168,138
R1,(ph-ecog={'2.0'}),complement,0.999332,0.000668,232.512821,310.047619,333.488372,39,168,129
R2,(sex={'1'}),complement,0.986898,0.013102,291.509615,310.047619,340.171875,104,168,64
R3,(ph-ecog={'0.0'}),complement,0.971549,0.028451,340.489362,310.047619,298.223140,47,168,121
R4,(sex={'2'}),complement,0.986898,0.013102,340.171875,310.047619,291.509615,64,168,104
