id,sg,baseline,fitness,pvalue,mean_sg,mean_pop,mean_cpm,size_sg,size_pop,size_cpm
R0,"(size={'[1.00,2.00)'})",complement,0.999530,0.000470,4526.034483,3935.316327,3687.043478,58,196,138
R1,"(size={'[2.00,2.00]'})",complement,0.999574,0.000426,3661.294574,3935.316327,4462.910448,129,196,67
