id,sg,baseline,fitness,pvalue,mean_sg,mean_pop,mean_cpm,size_sg,size_pop,size_cpm
R0,"(X203306_s_at={'[9.00,10.00]'})",complement,0.994025,0.005975,4219.224490,3935.316327,3651.408163,98,196,98
R1,"(X202240_at={'[6.00,7.00)'})",complement,0.993422,0.006578,4778.021739,3935.316327,3676.886667,46,196,150
R2,"(size={'[1.00,2.00)'})",complement,0.999530,0.000470,4526.034483,3935.316327,3687.043478,58,196,138
R3,"(X214806_at={'[7.00,8.00]'}) & (X220886_at={'[6.00,7.00]'})",complement,0.996742,0.003258,2853.400000,3935.316327,3993.483871,10,196,186
R4,"(X202687_s_at={'[9.00,10.00)'}) & (X214915_at={'[5.00,6.00)'})",complement,0.987836,0.012164,2926.363636,3935.316327,3995.308108,11,196,185
R5,"(X204015_s_at={'[7.00,8.00)'})",complement,0.999423,0.000577,2907.148148,3935.316327,4099.579882,27,196,169
R6,"(X201068_s_at={'[11.00,11.00)'}) & (X219588_s_at={'[8.00,8.00]'})",complement,0.998166,0.001834,3547.377049,3935.316327,4110.607407,61,196,135
R7,"(X202240_at={'[7.00,7.00)'}) & (X218430_s_at={'[6.00,6.00]'})",complement,0.990352,0.009648,3558.775862,3935.316327,4093.572464,58,196,138
R8,"(X211762_s_at={'[10.00,11.00]'}) & (size={'[2.00,2.00]'}) & (X221816_s_at={'[10.00,10.00)'})",complement,0.999997,0.000003,2943.000000,3935.316327,4205.948052,42,196,154
