id,sg,baseline,fitness,pvalue,mean_sg,mean_pop,mean_cpm,size_sg,size_pop,size_cpm
R0,(edema={'1.0'}),complement,1.000000,0.000000,590.705882,1979.166667,2070.301158,17,276,259
R1,"(sb={'[2.00,4.00]'})",complement,1.000000,0.000000,1170.919355,1979.166667,2213.331776,62,276,214
R2,"(ptb={'[10.00,10.00]'}) & (uc={'[152.00,588.00]'}) & (hist-stage={'4'})",complement,1.000000,0.000000,800.450000,1979.166667,2071.253906,20,276,256
R3,"(ptb={'[10.00,10.00]'})",complement,1.000000,0.000000,1802.724490,1979.166667,2076.308989,98,276,178
R4,"(age={'[21483.00,28650.00]'}) & (ptb={'[10.00,10.00]'})",complement,1.000000,0.000000,1322.517241,1979.166667,2056.263158,29,276,247
R5,(hp={'yes'}),complement,1.000000,0.000000,1697.619718,1979.166667,2277.522388,142,276,134
R6,"(sb={'[0.00,0.00)'})",complement,1.000000,0.000000,2546.272727,1979.166667,1713.712766,88,276,188
R7,(edema={'0.0'}),complement,1.000000,0.000000,2123.636752,1979.166667,1174.261905,234,276,42
