id,sg,baseline,fitness,pvalue,mean_sg,mean_pop,mean_cpm,size_sg,size_pop,size_cpm
R0,"(sex={'1'}) & (ph-karno={'[70.00,80.00)'})",complement,0.999809,0.000191,196.294118,310.047619,322.854305,17,168,151
R1,"(age={'[71.00,82.00]'})",complement,0.972346,0.027654,256.166667,310.047619,324.742424,36,168,132
R2,(sex={'1'}),complement,0.986898,0.013102,291.509615,310.047619,340.171875,104,168,64
R3,"(pat-karno={'[30.00,70.00)'}) & (sex={'1'})",complement,0.999934,0.000066,195.684211,310.047619,324.630872,19,168,149
R4,(sex={'2'}),complement,0.986898,0.013102,340.171875,310.047619,291.509615,64,168,104
