id,sg,baseline,fitness,pvalue,mean_sg,mean_pop,mean_cpm,size_sg,size_pop,size_cpm
R0,(ascites={'yes'}),complement,1.000000,0.000000,633.789474,1979.166667,2078.630350,19,276,257
R1,"(sb={'[2.00,4.00]'})",complement,1.000000,0.000000,1170.919355,1979.166667,2213.331776,62,276,214
R2,"(hp={'yes'}) & (uc={'[152.00,588.00]'})",complement,1.000000,0.000000,1100.153846,1979.166667,2123.814346,39,276,237
R3,"(ptb={'[10.00,10.00]'})",complement,1.000000,0.000000,1802.724490,1979.166667,2076.308989,98,276,178
R4,"(sb={'[1.00,2.00)'}) & (age={'[21483.00,28650.00]'})",complement,1.000000,0.000000,1082.642857,1979.166667,2027.072519,14,276,262
R5,(edema={'0.0'}),complement,1.000000,0.000000,2123.636752,1979.166667,1174.261905,234,276,42
