id,sg,baseline,fitness,pvalue,mean_sg,mean_pop,mean_cpm,size_sg,size_pop,size_cpm
R0,"(pnodes={'[4.00,8.00]'})",complement,1.000000,0.000000,834.720280,1124.489796,1200.801105,143,686,543
R1,"(progrec={'[0.00,3.00)'})",complement,1.000000,0.000000,877.813953,1124.489796,1181.619390,129,686,557
R2,"(tsize={'[3.00,20.00)'})",complement,0.999801,0.000199,1311.481481,1124.489796,1078.675136,135,686,551
R3,"(pnodes={'[1.00,1.00)', '[1.00,2.00)'})",complement,1.000000,0.000000,1274.896277,1124.489796,942.061290,376,686,310
R4,(horTh={'yes'}),complement,0.996573,0.003427,1240.321138,1124.489796,1059.729545,246,686,440
R5,"(menostat={'Pre'}) & (pnodes={'[2.00,4.00)'}) & (horTh={'no'})",complement,0.999995,0.000005,790.235294,1124.489796,1151.335433,51,686,635
