id,sg,baseline,fitness,pvalue,mean_sg,mean_pop,mean_cpm,size_sg,size_pop,size_cpm
R0,(stage-2={'1.0'}),complement,1.000000,0.000000,1415.917582,1145.351831,961.951583,364,901,537
R1,(stage-1={'3.0'}),complement,1.000000,0.000000,835.796339,1145.351831,1436.894397,437,901,464
R2,(stage-4={'0.0'}),complement,1.000000,0.000000,1240.874302,1145.351831,775.654054,716,901,185
