id,sg,baseline,fitness,pvalue,mean_sg,mean_pop,mean_cpm,size_sg,size_pop,size_cpm
R0,(ulceration={'1'}),complement,1.000000,0.000000,1817.811111,2152.800000,2414.965217,90,205,115
R1,"(op-year={'[1972.00,1977.00]'})",complement,0.986650,0.013350,1651.256757,2152.800000,2436.114504,74,205,131
R2,"(tumor-th={'[0.00,1.00)'}) & (sex={'woman'})",complement,0.995535,0.004465,2422.439024,2152.800000,2085.390244,41,205,164
R3,"(tumor-th={'[1.00,2.00)'})",complement,0.985400,0.014600,2172.803922,2152.800000,2146.175325,51,205,154
R4,(sex={'man'}),complement,0.989016,0.010984,1945.708861,2152.800000,2282.642857,79,205,126
