id,sg,baseline,fitness,pvalue,mean_sg,mean_pop,mean_cpm,size_sg,size_pop,size_cpm
R0,(ulceration={'1'}),complement,1.000000,0.000000,1817.811111,2152.800000,2414.965217,90,205,115
R1,"(tumor-th={'[0.00,0.00)'})",complement,0.999030,0.000970,2380.250000,2152.800000,2067.315436,56,205,149
R2,(sex={'woman'}),complement,0.989016,0.010984,2282.642857,2152.800000,1945.708861,126,205,79
R3,(ulceration={'0'}),complement,1.000000,0.000000,2414.965217,2152.800000,1817.811111,115,205,90
