id,sg,baseline,fitness,pvalue,mean_sg,mean_pop,mean_cpm,size_sg,size_pop,size_cpm
R0,"(sb={'[2.00,4.00]'})",complement,1.000000,0.000000,1170.919355,1979.166667,2213.331776,62,276,214
R1,"(uc={'[152.00,588.00]'})",complement,1.000000,0.000000,1370.087719,1979.166667,2137.694064,57,276,219
R2,(hp={'yes'}),complement,1.000000,0.000000,1697.619718,1979.166667,2277.522388,142,276,134
R3,(spiders={'yes'}),complement,1.000000,0.000000,1526.237500,1979.166667,2164.035714,80,276,196
R4,"(ptb={'[10.00,10.00]'})",complement,1.000000,0.000000,1802.724490,1979.166667,2076.308989,98,276,178
R5,"(ptb={'[9.00,9.00)'})",complement,0.985610,0.014390,1884.500000,1979.166667,2006.593458,62,276,214
R6,(edema={'0.0'}),complement,1.000000,0.000000,2123.636752,1979.166667,1174.261905,234,276,42
