id,sg,baseline,fitness,pvalue,mean_sg,mean_pop,mean_cpm,size_sg,size_pop,size_cpm
R0,(condition={'2.0'}),complement,1.000000,0.000000,322.279070,561.259067,629.766667,43,193,150
R1,"(n-staging={'3'}) & (age={'[50.00,58.00)'}) & (t-staging={'4'})",complement,0.998554,0.001446,281.727273,561.259067,578.153846,11,193,182
R2,(condition={'1.0'}),complement,1.000000,0.000000,653.105634,561.259067,305.529412,142,193,51
