id,sg,baseline,fitness,pvalue,mean_sg,mean_pop,mean_cpm,size_sg,size_pop,size_cpm
R0,(chf={'1'}),complement,1.000000,0.000000,593.593548,882.436000,1012.205797,155,500,345
R1,"(hr={'[106.00,186.00]'})",complement,1.000000,0.000000,618.862745,882.436000,949.984925,102,500,398
R2,"(age={'[30.00,56.00)'})",complement,1.000000,0.000000,1139.851064,882.436000,822.837438,94,500,406
R3,"(bmi={'[13.00,22.00)'})",complement,1.000000,0.000000,603.815217,882.436000,945.262255,92,500,408
R4,(chf={'0'}),complement,1.000000,0.000000,1012.205797,882.436000,593.593548,345,500,155
