id,sg,baseline,fitness,pvalue,mean_sg,mean_pop,mean_cpm,size_sg,size_pop,size_cpm
R0,"(X204015_s_at={'[7.00,8.00)'})",complement,0.999423,0.000577,2907.148148,3935.316327,4099.579882,27,196,169
R1,"(size={'[1.00,2.00)'})",complement,0.999530,0.000470,4526.034483,3935.316327,3687.043478,58,196,138
R2,"(X202418_at={'[10.00,10.00)'})",complement,0.992535,0.007465,4179.876923,3935.316327,3453.606061,130,196,66
R3,(er={'positive'}),complement,0.988382,0.011618,4186.742424,3935.316327,3416.750000,132,196,64
R4,"(X201288_at={'[12.00,12.00]'}) & (X208180_s_at={'[7.00,8.00]'}) & (X219724_s_at={'[6.00,6.00]'})",complement,0.997457,0.002543,3187.000000,3935.316327,4070.554217,30,196,166
R5,"(X211762_s_at={'[10.00,11.00]'}) & (size={'[2.00,2.00]'})",complement,0.999982,0.000018,3321.437500,3935.316327,4358.681034,80,196,116
