id,sg,baseline,fitness,pvalue,mean_sg,mean_pop,mean_cpm,size_sg,size_pop,size_cpm
R0,(chf={'1'}),complement,1.000000,0.000000,593.593548,882.436000,1012.205797,155,500,345
R1,"(hr={'[106.00,186.00]'})",complement,1.000000,0.000000,618.862745,882.436000,949.984925,102,500,398
R2,(sho={'0'}),complement,0.999999,0.000001,901.112971,882.436000,476.636364,478,500,22
