id,sg,baseline,fitness,pvalue,mean_sg,mean_pop,mean_cpm,size_sg,size_pop,size_cpm
R0,"(pnodes={'[4.00,8.00]'})",complement,1.000000,0.000000,834.720280,1124.489796,1200.801105,143,686,543
R1,"(pnodes={'[1.00,2.00)'})",complement,0.999997,0.000003,1325.571429,1124.489796,1048.022133,189,686,497
R2,"(tsize={'[3.00,20.00)'})",complement,0.999801,0.000199,1311.481481,1124.489796,1078.675136,135,686,551
R3,"(progrec={'[0.00,3.00)', '[3.00,20.00)'})",complement,1.000000,0.000000,932.557621,1124.489796,1248.302158,269,686,417
R4,(horTh={'yes'}),complement,0.996573,0.003427,1240.321138,1124.489796,1059.729545,246,686,440
R5,"(menostat={'Pre'}) & (pnodes={'[2.00,4.00)'}) & (horTh={'no'})",complement,0.999995,0.000005,790.235294,1124.489796,1151.335433,51,686,635
R6,(horTh={'no'}),complement,0.996573,0.003427,1059.729545,1124.489796,1240.321138,440,686,246
