id,sg,baseline,fitness,pvalue,mean_sg,mean_pop,mean_cpm,size_sg,size_pop,size_cpm
R0,"(size={'[1.00,2.00)'})",complement,0.999530,0.000470,4526.034483,3935.316327,3687.043478,58,196,138
R1,"(X202240_at={'[6.00,7.00)'})",complement,0.993422,0.006578,4778.021739,3935.316327,3676.886667,46,196,150
R2,"(X219588_s_at={'[7.00,8.00)'}) & (X204740_at={'[8.00,8.00]'})",complement,0.994188,0.005812,4600.358974,3935.316327,3770.114650,39,196,157
R3,"(X200965_s_at={'[10.00,11.00]'})",complement,0.975947,0.024053,4251.767857,3935.316327,3808.735714,56,196,140
R4,"(X202239_at={'[9.00,10.00)'}) & (X204015_s_at={'[7.00,8.00)'})",complement,1.000000,0.000000,1516.900000,3935.316327,4065.338710,10,196,186
R5,"(X203306_s_at={'[9.00,9.00)'})",complement,0.992239,0.007761,3570.411765,3935.316327,4214.747748,85,196,111
R6,"(X216103_at={'[3.00,5.00)'}) & (X204014_at={'[7.00,9.00)'})",complement,0.984757,0.015243,3242.750000,3935.316327,3996.877778,16,196,180
R7,"(X217471_at={'[6.00,6.00)'}) & (X217019_at={'[7.00,7.00]'}) & (X205034_at={'[8.00,8.00]'})",complement,0.981677,0.018323,3066.083333,3935.316327,4056.604651,24,196,172
R8,"(size={'[2.00,2.00]'}) & (X211762_s_at={'[10.00,11.00]'})",complement,0.999982,0.000018,3321.437500,3935.316327,4358.681034,80,196,116
