id,sg,baseline,fitness,pvalue,mean_sg,mean_pop,mean_cpm,size_sg,size_pop,size_cpm
R0,(chf={'1'}),complement,1.000000,0.000000,593.593548,882.436000,1012.205797,155,500,345
R1,"(bmi={'[13.00,22.00)'}) & (mitype={'0'})",complement,1.000000,0.000000,548.309859,882.436000,937.734266,71,500,429
R2,(mitype={'1'}),complement,0.999942,0.000058,1079.281046,882.436000,795.642651,153,500,347
R3,"(diasbp={'[6.00,60.00)'})",complement,0.999976,0.000024,696.522727,882.436000,922.145631,88,500,412
R4,"(hr={'[106.00,186.00]'})",complement,1.000000,0.000000,618.862745,882.436000,949.984925,102,500,398
R5,"(age={'[30.00,56.00)'})",complement,1.000000,0.000000,1139.851064,882.436000,822.837438,94,500,406
R6,"(bmi={'[30.00,44.00]'})",complement,0.999882,0.000118,1039.741379,882.436000,834.916667,116,500,384
R7,(mitype={'0'}),complement,0.999942,0.000058,795.642651,882.436000,1079.281046,347,500,153
