id,sg,baseline,fitness,pvalue,mean_sg,mean_pop,mean_cpm,size_sg,size_pop,size_cpm
R0,(condition={'2.0'}),complement,1.000000,0.000000,322.279070,561.259067,629.766667,43,193,150
R1,(t-staging={'4'}),complement,0.997980,0.002020,425.742424,561.259067,631.685039,66,193,127
R2,(n-staging={'3'}),complement,0.996718,0.003282,463.842697,561.259067,644.625000,89,193,104
R3,(grade={'2.0'}) & (treatment={'test'}),complement,0.956361,0.043639,460.620690,561.259067,604.496296,58,193,135
R4,(condition={'1.0'}),complement,1.000000,0.000000,653.105634,561.259067,305.529412,142,193,51
