id,sg,baseline,fitness,pvalue,mean_sg,mean_pop,mean_cpm,size_sg,size_pop,size_cpm
R0,(ascites={'yes'}),complement,1.000000,0.000000,633.789474,1979.166667,2078.630350,19,276,257
R1,"(hist-stage={'4'}) & (albumin={'[1.00,3.00)'})",complement,1.000000,0.000000,826.687500,1979.166667,2050.088462,16,276,260
R2,"(sb={'[2.00,4.00]'})",complement,1.000000,0.000000,1170.919355,1979.166667,2213.331776,62,276,214
R3,(ascites={'no'}),complement,1.000000,0.000000,2078.630350,1979.166667,633.789474,257,276,19
