id,sg,baseline,fitness,pvalue,mean_sg,mean_pop,mean_cpm,size_sg,size_pop,size_cpm
R0,"(age={'[83.00,104.00]'})",complement,1.000000,0.000000,559.716814,882.436000,976.666667,113,500,387
R1,(chf={'1'}),complement,1.000000,0.000000,593.593548,882.436000,1012.205797,155,500,345
R2,"(hr={'[106.00,186.00]'})",complement,1.000000,0.000000,618.862745,882.436000,949.984925,102,500,398
R3,"(sho={'0'}) & (age={'[30.00,56.00)'})",complement,1.000000,0.000000,1149.608696,882.436000,822.191176,92,500,408
R4,(sho={'0'}),complement,0.999999,0.000001,901.112971,882.436000,476.636364,478,500,22
