id,sg,baseline,fitness,pvalue,mean_sg,mean_pop,mean_cpm,size_sg,size_pop,size_cpm
R0,"(op-year={'[1972.00,1977.00]'})",complement,0.986650,0.013350,1651.256757,2152.800000,2436.114504,74,205,131
R1,(ulceration={'1'}),complement,1.000000,0.000000,1817.811111,2152.800000,2414.965217,90,205,115
R2,"(tumor-th={'[0.00,1.00)'})",complement,0.993491,0.006509,2332.188679,2152.800000,2090.250000,53,205,152
R3,(ulceration={'0'}),complement,1.000000,0.000000,2414.965217,2152.800000,1817.811111,115,205,90
