id,sg,baseline,fitness,pvalue,mean_sg,mean_pop,mean_cpm,size_sg,size_pop,size_cpm
R0,"(pnodes={'[4.00,8.00]'})",complement,1.000000,0.000000,834.720280,1124.489796,1200.801105,143,686,543
R1,"(pnodes={'[1.00,1.00)', '[1.00,2.00)'})",complement,1.000000,0.000000,1274.896277,1124.489796,942.061290,376,686,310
R2,"(age={'[56.00,63.00)'}) & (horTh={'no'}) & (menostat={'Post'})",complement,0.998507,0.001493,922.180556,1124.489796,1148.213355,72,686,614
R3,(tgrade={'III'}),complement,0.997066,0.002934,955.422360,1124.489796,1176.337143,161,686,525
R4,(horTh={'no'}),complement,0.996573,0.003427,1059.729545,1124.489796,1240.321138,440,686,246
R5,"(horTh={'no'}) & (menostat={'Pre'}) & (pnodes={'[2.00,4.00)'})",complement,0.999995,0.000005,790.235294,1124.489796,1151.335433,51,686,635
R6,(horTh={'yes'}),complement,0.996573,0.003427,1240.321138,1124.489796,1059.729545,246,686,440
