id,sg,baseline,fitness,pvalue,mean_sg,mean_pop,mean_cpm,size_sg,size_pop,size_cpm
R0,"(X204015_s_at={'[7.00,8.00)'})",complement,0.999423,0.000577,2907.148148,3935.316327,4099.579882,27,196,169
R1,"(size={'[1.00,2.00)'})",complement,0.999530,0.000470,4526.034483,3935.316327,3687.043478,58,196,138
R2,"(X202687_s_at={'[9.00,10.00)'}) & (X201068_s_at={'[11.00,11.00)'})",complement,0.996525,0.003475,3392.275862,3935.316327,4029.616766,29,196,167
R3,"(X200965_s_at={'[10.00,11.00]'}) & (X201091_s_at={'[9.00,10.00]'})",complement,0.979000,0.021000,4339.272727,3935.316327,3853.533742,33,196,163
R4,"(X208180_s_at={'[7.00,8.00]'})",complement,0.996162,0.003838,3540.764706,3935.316327,4144.921875,68,196,128
R5,"(X211762_s_at={'[10.00,11.00]'})",complement,0.998969,0.001031,3611.990291,3935.316327,4293.408602,103,196,93
R6,"(size={'[2.00,2.00]'})",complement,0.999574,0.000426,3661.294574,3935.316327,4462.910448,129,196,67
