id,sg,baseline,fitness,pvalue,mean_sg,mean_pop,mean_cpm,size_sg,size_pop,size_cpm
R0,"(er={'positive'}) & (X219588_s_at={'[7.00,8.00)'})",complement,0.998709,0.001291,4747.075000,3935.316327,3727.173077,40,196,156
R1,"(X202240_at={'[6.00,7.00)'})",complement,0.993422,0.006578,4778.021739,3935.316327,3676.886667,46,196,150
R2,"(X200726_at={'[11.00,11.00]'}) & (X210593_at={'[5.00,6.00)'})",complement,0.999986,0.000014,2641.666667,3935.316327,4042.524862,15,196,181
R3,"(size={'[1.00,2.00)'})",complement,0.999530,0.000470,4526.034483,3935.316327,3687.043478,58,196,138
R4,"(X204015_s_at={'[7.00,8.00)'})",complement,0.999423,0.000577,2907.148148,3935.316327,4099.579882,27,196,169
R5,"(X201663_s_at={'[9.00,9.00)'}) & (X205034_at={'[8.00,8.00]'})",complement,0.999417,0.000583,2734.187500,3935.316327,4169.682927,32,196,164
R6,"(X211762_s_at={'[10.00,11.00]'})",complement,0.998969,0.001031,3611.990291,3935.316327,4293.408602,103,196,93
R7,"(X203306_s_at={'[9.00,9.00)'})",complement,0.992239,0.007761,3570.411765,3935.316327,4214.747748,85,196,111
R8,"(X219588_s_at={'[8.00,8.00]'}) & (X212567_s_at={'[8.00,8.00]'}) & (X217815_at={'[10.00,10.00]'})",complement,0.990019,0.009981,3736.848739,3935.316327,4242.038961,119,196,77
