id,sg,baseline,fitness,pvalue,mean_sg,mean_pop,mean_cpm,size_sg,size_pop,size_cpm
R0,"(X202240_at={'[6.00,7.00)'})",complement,0.993422,0.006578,4778.021739,3935.316327,3676.886667,46,196,150
R1,"(X221928_at={'[6.00,7.00]'})",complement,0.991543,0.008457,4168.409091,3935.316327,3637.174419,110,196,86
R2,"(X201288_at={'[11.00,12.00)'}) & (X217771_at={'[9.00,10.00)'})",complement,0.995578,0.004422,2675.900000,3935.316327,4003.026882,10,196,186
R3,"(X202418_at={'[10.00,10.00)'})",complement,0.992535,0.007465,4179.876923,3935.316327,3453.606061,130,196,66
R4,"(X204740_at={'[7.00,8.00)'}) & (X221928_at={'[6.00,6.00)'})",complement,0.997451,0.002549,2834.615385,3935.316327,4013.508197,13,196,183
R5,"(size={'[2.00,2.00]'})",complement,0.999574,0.000426,3661.294574,3935.316327,4462.910448,129,196,67
