id,sg,baseline,fitness,pvalue,mean_sg,mean_pop,mean_cpm,size_sg,size_pop,size_cpm
R0,(PATH_N_STAGE={'N1b'}),complement,0.999304,0.000696,12.951220,24.102410,25.673540,41,332,291
R1,(TUMOR_STATUS={'WITH TUMOR'}),complement,1.000000,0.000000,20.520000,24.102410,24.394137,25,332,307
R2,(SEX={'Male'}),complement,0.965256,0.034744,20.208791,24.102410,25.572614,91,332,241
R3,(TUMOR_STATUS={'TUMOR FREE'}),complement,1.000000,0.000000,25.065292,24.102410,17.268293,291,332,41
