id,sg,baseline,fitness,pvalue,mean_sg,mean_pop,mean_cpm,size_sg,size_pop,size_cpm
R0,(stage-4={'1.0'}),complement,1.000000,0.000000,775.654054,1145.351831,1240.874302,185,901,716
R1,(op={'0'}),complement,1.000000,0.000000,800.710106,1145.351831,1392.180952,376,901,525
R2,(stage-1={'3.0'}),complement,1.000000,0.000000,835.796339,1145.351831,1436.894397,437,901,464
R3,(stage-3={'1.0'}) & (stage-2={'2.0'}),complement,0.999979,0.000021,816.571429,1145.351831,1176.075243,77,901,824
R4,(op={'1'}),complement,1.000000,0.000000,1392.180952,1145.351831,800.710106,525,901,376
