id,sg,baseline,fitness,pvalue,mean_sg,mean_pop,mean_cpm,size_sg,size_pop,size_cpm
R0,"(los={'[34.80,76.00)'})",complement,1.000000,0.000000,165.884956,241.565217,260.075758,113,575,462
R1,"(los={'[3.00,34.80)'})",complement,1.000000,0.000000,120.043478,241.565217,271.945652,115,575,460
R2,"(ivhx={'3'}) & (ndrugtx={'[7.00,40.00]'})",complement,0.999568,0.000432,175.376623,241.565217,251.799197,77,575,498
R3,"(los={'[173.00,400.00]'})",complement,1.000000,0.000000,398.862069,241.565217,201.812636,116,575,459
R4,"(race={'0'}) & (treatment={'0'}) & (ndrugtx={'[4.00,7.00)'})",complement,0.999998,0.000002,146.527273,241.565217,251.617308,55,575,520
R5,(race={'1'}),complement,0.993589,0.006411,280.668966,241.565217,228.379070,145,575,430
R6,(treatment={'0'}) & (site={'0'}) & (race={'0'}),complement,0.999997,0.000003,182.006711,241.565217,262.396714,149,575,426
R7,(hercoc={'4'}) & (race={'0'}) & (site={'1'}),complement,0.992815,0.007185,302.936508,241.565217,234.013672,63,575,512
R8,(treatment={'1'}),complement,0.989383,0.010617,265.321678,241.565217,218.055363,286,575,289
