id,sg,baseline,fitness,pvalue,mean_sg,mean_pop,mean_cpm,size_sg,size_pop,size_cpm
R0,"(size={'[1.00,2.00)'}) & (er={'positive'})",complement,0.999685,0.000315,4756.727273,3935.316327,3697.539474,44,196,152
R1,"(X204015_s_at={'[7.00,8.00)'})",complement,0.999423,0.000577,2907.148148,3935.316327,4099.579882,27,196,169
R2,"(X203306_s_at={'[9.00,10.00]'})",complement,0.994025,0.005975,4219.224490,3935.316327,3651.408163,98,196,98
R3,"(X200965_s_at={'[10.00,11.00]'})",complement,0.975947,0.024053,4251.767857,3935.316327,3808.735714,56,196,140
R4,"(X211762_s_at={'[10.00,11.00]'})",complement,0.998969,0.001031,3611.990291,3935.316327,4293.408602,103,196,93
R5,"(X221928_at={'[6.00,7.00]'}) & (X203391_at={'[10.00,10.00]'})",complement,0.998457,0.001543,4267.079545,3935.316327,3664.990741,88,196,108
R6,"(X211762_s_at={'[10.00,10.00)'})",complement,0.971119,0.028881,4241.392405,3935.316327,3728.649573,79,196,117
