id,sg,baseline,fitness,pvalue,mean_sg,mean_pop,mean_cpm,size_sg,size_pop,size_cpm
R0,(chf={'1'}),complement,1.000000,0.000000,593.593548,882.436000,1012.205797,155,500,345
R1,"(hr={'[106.00,186.00]'})",complement,1.000000,0.000000,618.862745,882.436000,949.984925,102,500,398
R2,"(age={'[56.00,67.00)'})",complement,1.000000,0.000000,1024.380000,882.436000,846.950000,100,500,400
R3,(chf={'0'}),complement,1.000000,0.000000,1012.205797,882.436000,593.593548,345,500,155
