id,sg,baseline,fitness,pvalue,mean_sg,mean_pop,mean_cpm,size_sg,size_pop,size_cpm
R0,"(X202418_at={'[10.00,10.00)'})",complement,0.992535,0.007465,4179.876923,3935.316327,3453.606061,130,196,66
R1,"(X210593_at={'[6.00,6.00]'}) & (X211382_s_at={'[7.00,8.00)'})",complement,0.997680,0.002320,2770.666667,3935.316327,4011.271739,12,196,184
R2,"(X201663_s_at={'[9.00,9.00)'}) & (X205034_at={'[8.00,8.00]'})",complement,0.999417,0.000583,2734.187500,3935.316327,4169.682927,32,196,164
R3,"(X218430_s_at={'[3.00,6.00)'}) & (X202687_s_at={'[9.00,10.00)'})",complement,0.997661,0.002339,3052.000000,3935.316327,3992.923913,12,196,184
R4,"(X211762_s_at={'[10.00,11.00]'})",complement,0.998969,0.001031,3611.990291,3935.316327,4293.408602,103,196,93
R5,"(X203391_at={'[10.00,10.00]'}) & (X201288_at={'[12.00,12.00]'})",complement,0.971453,0.028547,4184.141509,3935.316327,3642.255556,106,196,90
