id,sg,baseline,fitness,pvalue,mean_sg,mean_pop,mean_cpm,size_sg,size_pop,size_cpm
R0,(stage-3={'2.0'}),complement,1.000000,0.000000,864.432432,1145.351831,1282.793388,296,901,605
R1,(op={'1'}),complement,1.000000,0.000000,1392.180952,1145.351831,800.710106,525,901,376
R2,(stage-4={'1.0'}),complement,1.000000,0.000000,775.654054,1145.351831,1240.874302,185,901,716
R3,(op={'0'}),complement,1.000000,0.000000,800.710106,1145.351831,1392.180952,376,901,525
