id,sg,baseline,fitness,pvalue,mean_sg,mean_pop,mean_cpm,size_sg,size_pop,size_cpm
R0,"(age={'[83.00,104.00]'})",complement,1.000000,0.000000,559.716814,882.436000,976.666667,113,500,387
R1,(chf={'1'}),complement,1.000000,0.000000,593.593548,882.436000,1012.205797,155,500,345
R2,(afb={'0'}) & (mitype={'1'}),complement,0.999996,0.000004,1102.684615,882.436000,805.051351,130,500,370
R3,"(hr={'[106.00,186.00]'})",complement,1.000000,0.000000,618.862745,882.436000,949.984925,102,500,398
R4,"(diasbp={'[6.00,60.00)'})",complement,0.999976,0.000024,696.522727,882.436000,922.145631,88,500,412
R5,(miord={'1'}),complement,0.998023,0.001977,814.087719,882.436000,917.960486,171,500,329
R6,(chf={'0'}),complement,1.000000,0.000000,1012.205797,882.436000,593.593548,345,500,155
