id,sg,baseline,fitness,pvalue,mean_sg,mean_pop,mean_cpm,size_sg,size_pop,size_cpm
R0,"(ptime={'[27.00,64.00)'})",complement,1.000000,0.000000,49.392453,94.779522,105.988816,265,1338,1073
R1,"(ptime={'[1.00,27.00)'})",complement,1.000000,0.000000,11.796226,94.779522,115.273998,265,1338,1073
R2,"(ptime={'[64.00,98.00)'})",complement,0.968266,0.031734,82.090909,94.779522,97.898510,264,1338,1074
R3,"(age={'[75.00,81.00)'})",complement,1.000000,0.000000,71.977941,94.779522,100.597561,272,1338,1066
R4,"(ptime={'[151.00,424.00]'})",complement,1.000000,0.000000,205.171004,94.779522,67.000935,269,1338,1069
R5,"(pstat={'0'}) & (ptime={'[98.00,151.00)'})",complement,1.000000,0.000000,120.968379,94.779522,88.672811,253,1338,1085
