id,sg,baseline,fitness,pvalue,mean_sg,mean_pop,mean_cpm,size_sg,size_pop,size_cpm
R0,"(ptime={'[98.00,151.00)'})",complement,1.000000,0.000000,122.680000,94.779522,87.561618,275,1338,1063
R1,"(ptime={'[151.00,424.00]'})",complement,1.000000,0.000000,205.171004,94.779522,67.000935,269,1338,1069
R2,"(ptime={'[1.00,27.00)'})",complement,1.000000,0.000000,11.796226,94.779522,115.273998,265,1338,1073
R3,"(ptime={'[27.00,64.00)'})",complement,1.000000,0.000000,49.392453,94.779522,105.988816,265,1338,1073
R4,"(creat={'[0.00,1.00]'})",complement,0.999110,0.000890,90.590576,94.779522,105.224543,955,1338,383
R5,"(creat={'[0.00,0.00)'})",complement,0.999110,0.000890,105.224543,94.779522,90.590576,383,1338,955
