id,sg,baseline,fitness,pvalue,mean_sg,mean_pop,mean_cpm,size_sg,size_pop,size_cpm
R0,(ulceration={'1'}),complement,1.000000,0.000000,1817.811111,2152.800000,2414.965217,90,205,115
R1,"(tumor-th={'[0.00,1.00)', '[0.00,0.00)'})",complement,1.000000,0.000000,2356.880734,2152.800000,1921.083333,109,205,96
R2,(ulceration={'0'}),complement,1.000000,0.000000,2414.965217,2152.800000,1817.811111,115,205,90
