id,sg,baseline,fitness,pvalue,mean_sg,mean_pop,mean_cpm,size_sg,size_pop,size_cpm
R0,"(age={'[83.00,104.00]'})",complement,1.000000,0.000000,559.716814,882.436000,976.666667,113,500,387
R1,(chf={'1'}),complement,1.000000,0.000000,593.593548,882.436000,1012.205797,155,500,345
R2,"(age={'[30.00,56.00)'})",complement,1.000000,0.000000,1139.851064,882.436000,822.837438,94,500,406
R3,(mitype={'1'}),complement,0.999942,0.000058,1079.281046,882.436000,795.642651,153,500,347
R4,"(hr={'[106.00,186.00]'})",complement,1.000000,0.000000,618.862745,882.436000,949.984925,102,500,398
R5,"(afb={'0'}) & (bmi={'[30.00,44.00]'})",complement,0.999894,0.000106,1040.057143,882.436000,840.536709,105,500,395
R6,(afb={'0'}),complement,0.999038,0.000962,905.395735,882.436000,758.217949,422,500,78
