id,sg,baseline,fitness,pvalue,mean_sg,mean_pop,mean_cpm,size_sg,size_pop,size_cpm
R0,"(sex={'1'}) & (pat-karno={'[30.00,70.00)'})",complement,0.999934,0.000066,195.684211,310.047619,324.630872,19,168,149
R1,"(sex={'1'}) & (age={'[71.00,82.00]'}) & (ph-ecog={'2.0'})",complement,1.000000,0.000000,80.700000,310.047619,324.563291,10,168,158
R2,(ph-ecog={'2.0'}),complement,0.999332,0.000668,232.512821,310.047619,333.488372,39,168,129
R3,(sex={'1'}),complement,0.986898,0.013102,291.509615,310.047619,340.171875,104,168,64
R4,(ph-ecog={'0.0'}),complement,0.971549,0.028451,340.489362,310.047619,298.223140,47,168,121
R5,(sex={'2'}),complement,0.986898,0.013102,340.171875,310.047619,291.509615,64,168,104
