id,sg,baseline,fitness,pvalue,mean_sg,mean_pop,mean_cpm,size_sg,size_pop,size_cpm
R0,"(size={'[1.00,2.00)'})",complement,0.999530,0.000470,4526.034483,3935.316327,3687.043478,58,196,138
R1,"(X203306_s_at={'[9.00,10.00]'})",complement,0.994025,0.005975,4219.224490,3935.316327,3651.408163,98,196,98
R2,"(X202240_at={'[6.00,7.00)'})",complement,0.993422,0.006578,4778.021739,3935.316327,3676.886667,46,196,150
R3,"(X200965_s_at={'[10.00,11.00]'})",complement,0.975947,0.024053,4251.767857,3935.316327,3808.735714,56,196,140
R4,"(X208180_s_at={'[7.00,8.00]'})",complement,0.996162,0.003838,3540.764706,3935.316327,4144.921875,68,196,128
R5,"(X201288_at={'[11.00,12.00)'}) & (X221344_at={'[6.00,6.00)'}) & (X205034_at={'[8.00,8.00]'})",complement,0.999419,0.000581,2838.250000,3935.316327,4059.982955,20,196,176
R6,"(X202418_at={'[10.00,10.00)'})",complement,0.992535,0.007465,4179.876923,3935.316327,3453.606061,130,196,66
