id,sg,baseline,fitness,pvalue,mean_sg,mean_pop,mean_cpm,size_sg,size_pop,size_cpm
R0,"(size={'[1.00,2.00)'})",complement,0.999530,0.000470,4526.034483,3935.316327,3687.043478,58,196,138
R1,"(X202240_at={'[6.00,7.00)'})",complement,0.993422,0.006578,4778.021739,3935.316327,3676.886667,46,196,150
R2,"(X202418_at={'[10.00,10.00)'})",complement,0.992535,0.007465,4179.876923,3935.316327,3453.606061,130,196,66
R3,"(X216103_at={'[0.00,3.00)'})",complement,0.965528,0.034472,3333.153846,3935.316327,4027.411765,26,196,170
R4,"(X210314_x_at={'[9.00,9.00]'}) & (er={'negative'})",complement,0.999660,0.000340,2718.473684,3935.316327,4065.937853,19,196,177
R5,"(X217102_at={'[6.00,6.00]'}) & (X215633_x_at={'[8.00,8.00]'}) & (X217019_at={'[7.00,7.00]'}) & (X204888_s_at={'[6.00,6.00]'})",complement,0.996186,0.003814,2818.583333,3935.316327,4008.146739,12,196,184
R6,"(X203306_s_at={'[9.00,9.00)'}) & (X221634_at={'[7.00,7.00)'}) & (X217404_s_at={'[7.00,13.00]'})",complement,0.999982,0.000018,2307.142857,3935.316327,4060.560440,14,196,182
R7,"(X201068_s_at={'[11.00,12.00]'}) & (er={'positive'})",complement,0.996220,0.003780,4521.551020,3935.316327,3739.904762,49,196,147
R8,"(size={'[2.00,2.00]'})",complement,0.999574,0.000426,3661.294574,3935.316327,4462.910448,129,196,67
