id,sg,baseline,fitness,pvalue,mean_sg,mean_pop,mean_cpm,size_sg,size_pop,size_cpm
R0,(ascites={'yes'}),complement,1.000000,0.000000,633.789474,1979.166667,2078.630350,19,276,257
R1,"(sb={'[2.00,4.00]'})",complement,1.000000,0.000000,1170.919355,1979.166667,2213.331776,62,276,214
R2,"(uc={'[152.00,588.00]'})",complement,1.000000,0.000000,1370.087719,1979.166667,2137.694064,57,276,219
R3,"(sb={'[0.00,0.00)'})",complement,1.000000,0.000000,2546.272727,1979.166667,1713.712766,88,276,188
R4,"(age={'[21483.00,28650.00]'})",complement,0.999999,0.000001,1524.285714,1979.166667,2094.954545,56,276,220
R5,"(ptb={'[10.00,10.00]'})",complement,1.000000,0.000000,1802.724490,1979.166667,2076.308989,98,276,178
R6,(hist-stage={'4'}),complement,1.000000,0.000000,1456.585106,1979.166667,2249.071429,94,276,182
R7,(ascites={'no'}),complement,1.000000,0.000000,2078.630350,1979.166667,633.789474,257,276,19
