id,sg,baseline,fitness,pvalue,mean_sg,mean_pop,mean_cpm,size_sg,size_pop,size_cpm
R0,"(txgrp={'1'}) & (cd4={'[0.00,17.00)'})",complement,1.000000,0.000000,211.747826,230.183319,232.229730,115,1151,1036
R1,(txgrp={'1'}),complement,0.998857,0.001143,223.861111,230.183319,236.516522,576,1151,575
R2,(strat2={'1'}),complement,1.000000,0.000000,232.185393,230.183319,226.936219,712,1151,439
R3,(strat2={'0'}),complement,1.000000,0.000000,226.936219,230.183319,232.185393,439,1151,712
