id,sg,baseline,fitness,pvalue,mean_sg,mean_pop,mean_cpm,size_sg,size_pop,size_cpm
R0,"(pnodes={'[4.00,8.00]'})",complement,1.000000,0.000000,834.720280,1124.489796,1200.801105,143,686,543
R1,"(tsize={'[3.00,20.00)'})",complement,0.999801,0.000199,1311.481481,1124.489796,1078.675136,135,686,551
R2,"(progrec={'[0.00,3.00)', '[3.00,20.00)'})",complement,1.000000,0.000000,932.557621,1124.489796,1248.302158,269,686,417
R3,"(horTh={'no'}) & (menostat={'Pre'}) & (pnodes={'[2.00,4.00)'})",complement,0.999995,0.000005,790.235294,1124.489796,1151.335433,51,686,635
R4,(tgrade={'I'}),complement,0.999942,0.000058,1331.790123,1124.489796,1096.735537,81,686,605
R5,"(progrec={'[167.00,2380.00]'})",complement,0.999952,0.000048,1298.640288,1124.489796,1080.235832,139,686,547
R6,"(pnodes={'[1.00,1.00)', '[1.00,2.00)'})",complement,1.000000,0.000000,1274.896277,1124.489796,942.061290,376,686,310
