id,sg,baseline,fitness,pvalue,mean_sg,mean_pop,mean_cpm,size_sg,size_pop,size_cpm
R0,"(size={'[1.00,2.00)'})",complement,0.999530,0.000470,4526.034483,3935.316327,3687.043478,58,196,138
R1,"(X211762_s_at={'[10.00,10.00)'}) & (X217404_s_at={'[3.00,5.00)'})",complement,0.997026,0.002974,4520.062500,3935.316327,3821.219512,32,196,164
R2,"(X202240_at={'[6.00,7.00)'})",complement,0.993422,0.006578,4778.021739,3935.316327,3676.886667,46,196,150
R3,"(X221928_at={'[6.00,7.00]'})",complement,0.991543,0.008457,4168.409091,3935.316327,3637.174419,110,196,86
R4,"(X217771_at={'[9.00,10.00)'}) & (X201663_s_at={'[9.00,9.00)'})",complement,0.997790,0.002210,2627.272727,3935.316327,4013.091892,11,196,185
R5,"(X217767_at={'[11.00,12.00)'}) & (X204740_at={'[7.00,8.00)'})",complement,0.998885,0.001115,3010.545455,3935.316327,3990.302703,11,196,185
R6,"(X203306_s_at={'[9.00,9.00)'})",complement,0.992239,0.007761,3570.411765,3935.316327,4214.747748,85,196,111
R7,"(X211762_s_at={'[10.00,11.00]'}) & (X217815_at={'[10.00,10.00]'}) & (X221816_s_at={'[10.00,10.00)'}) & (size={'[2.00,2.00]'})",complement,0.999998,0.000002,2850.153846,3935.316327,4204.878981,39,196,157
R8,"(size={'[2.00,2.00]'})",complement,0.999574,0.000426,3661.294574,3935.316327,4462.910448,129,196,67
