id,sg,baseline,fitness,pvalue,mean_sg,mean_pop,mean_cpm,size_sg,size_pop,size_cpm
R0,(stage-4={'1.0'}),complement,1.000000,0.000000,775.654054,1145.351831,1240.874302,185,901,716
R1,(stage-2={'3.0'}),complement,1.000000,0.000000,778.600000,1145.351831,1230.642955,170,901,731
R2,(cell-type={'3.0'}),complement,1.000000,0.000000,797.635135,1145.351831,1213.694555,148,901,753
R3,(op={'0'}),complement,1.000000,0.000000,800.710106,1145.351831,1392.180952,376,901,525
R4,(stage-1={'3.0'}),complement,1.000000,0.000000,835.796339,1145.351831,1436.894397,437,901,464
R5,(stage-2={'2.0'}) & (stage-3={'1.0'}),complement,0.999979,0.000021,816.571429,1145.351831,1176.075243,77,901,824
R6,(detec={'0'}),complement,0.999999,0.000001,1545.307692,1145.351831,1107.445930,78,901,823
R7,(op={'1'}),complement,1.000000,0.000000,1392.180952,1145.351831,800.710106,525,901,376
