id,sg,baseline,fitness,pvalue,mean_sg,mean_pop,mean_cpm,size_sg,size_pop,size_cpm
R0,(ascites={'yes'}),complement,1.000000,0.000000,633.789474,1979.166667,2078.630350,19,276,257
R1,"(sb={'[2.00,4.00]'})",complement,1.000000,0.000000,1170.919355,1979.166667,2213.331776,62,276,214
R2,(spiders={'yes'}),complement,1.000000,0.000000,1526.237500,1979.166667,2164.035714,80,276,196
R3,"(ptb={'[10.00,10.00]'})",complement,1.000000,0.000000,1802.724490,1979.166667,2076.308989,98,276,178
R4,"(age={'[21483.00,28650.00]'})",complement,0.999999,0.000001,1524.285714,1979.166667,2094.954545,56,276,220
R5,"(sb={'[1.00,2.00)'}) & (age={'[21483.00,28650.00]'})",complement,1.000000,0.000000,1082.642857,1979.166667,2027.072519,14,276,262
R6,"(uc={'[4.00,39.00)'})",complement,0.999969,0.000031,2591.527273,1979.166667,1826.769231,55,276,221
R7,"(sb={'[1.00,2.00)'})",complement,0.999891,0.000109,1585.785714,1979.166667,2079.300000,56,276,220
R8,(edema={'0.0'}),complement,1.000000,0.000000,2123.636752,1979.166667,1174.261905,234,276,42
