id,sg,baseline,fitness,pvalue,mean_sg,mean_pop,mean_cpm,size_sg,size_pop,size_cpm
R0,"(los={'[3.00,34.80)'})",complement,1.000000,0.000000,120.043478,241.565217,271.945652,115,575,460
R1,"(los={'[173.00,400.00]'})",complement,1.000000,0.000000,398.862069,241.565217,201.812636,116,575,459
R2,"(los={'[34.80,76.00)'})",complement,1.000000,0.000000,165.884956,241.565217,260.075758,113,575,462
R3,"(race={'0'}) & (ndrugtx={'[4.00,7.00)'}) & (treatment={'0'})",complement,0.999998,0.000002,146.527273,241.565217,251.617308,55,575,520
R4,(race={'0'}),complement,0.993589,0.006411,228.379070,241.565217,280.668966,430,575,145
R5,"(ndrugtx={'[7.00,40.00]'}) & (race={'0'})",complement,0.999525,0.000475,183.606061,241.565217,253.619748,99,575,476
R6,(treatment={'0'}) & (site={'0'}),complement,0.996694,0.003306,209.131313,241.565217,258.599469,198,575,377
R7,(race={'1'}),complement,0.993589,0.006411,280.668966,241.565217,228.379070,145,575,430
