id,sg,baseline,fitness,pvalue,mean_sg,mean_pop,mean_cpm,size_sg,size_pop,size_cpm
R0,"(pnodes={'[4.00,8.00]'})",complement,1.000000,0.000000,834.720280,1124.489796,1200.801105,143,686,543
R1,"(progrec={'[0.00,3.00)'})",complement,1.000000,0.000000,877.813953,1124.489796,1181.619390,129,686,557
R2,"(progrec={'[167.00,2380.00]'})",complement,0.999952,0.000048,1298.640288,1124.489796,1080.235832,139,686,547
R3,(tgrade={'III'}),complement,0.997066,0.002934,955.422360,1124.489796,1176.337143,161,686,525
R4,"(pnodes={'[1.00,1.00)', '[1.00,2.00)'})",complement,1.000000,0.000000,1274.896277,1124.489796,942.061290,376,686,310
R5,(horTh={'no'}),complement,0.996573,0.003427,1059.729545,1124.489796,1240.321138,440,686,246
