id,sg,baseline,fitness,pvalue,mean_sg,mean_pop,mean_cpm,size_sg,size_pop,size_cpm
R0,(edema={'1.0'}),complement,1.000000,0.000000,590.705882,1979.166667,2070.301158,17,276,259
R1,"(sb={'[2.00,4.00]'})",complement,1.000000,0.000000,1170.919355,1979.166667,2213.331776,62,276,214
R2,"(ptb={'[10.00,10.00]'}) & (spiders={'yes'})",complement,1.000000,0.000000,1283.204545,1979.166667,2111.159483,44,276,232
R3,(ascites={'no'}),complement,1.000000,0.000000,2078.630350,1979.166667,633.789474,257,276,19
