id,sg,baseline,fitness,pvalue,mean_sg,mean_pop,mean_cpm,size_sg,size_pop,size_cpm
R0,"(los={'[3.00,34.80)'})",complement,1.000000,0.000000,120.043478,241.565217,271.945652,115,575,460
R1,"(los={'[34.80,76.00)'})",complement,1.000000,0.000000,165.884956,241.565217,260.075758,113,575,462
R2,"(los={'[173.00,400.00]'})",complement,1.000000,0.000000,398.862069,241.565217,201.812636,116,575,459
R3,"(ivhx={'3'}) & (ndrugtx={'[7.00,40.00]'})",complement,0.999568,0.000432,175.376623,241.565217,251.799197,77,575,498
R4,"(beck={'[19.40,25.00)'}) & (hercoc={'4'})",complement,0.997104,0.002896,154.393939,241.565217,246.872694,33,575,542
R5,(ivhx={'1'}),complement,0.998991,0.001009,277.031390,241.565217,219.096591,223,575,352
R6,"(race={'0'}) & (ndrugtx={'[4.00,7.00)'}) & (treatment={'0'})",complement,0.999998,0.000002,146.527273,241.565217,251.617308,55,575,520
R7,"(ndrugtx={'[2.00,4.00)'}) & (treatment={'1'})",complement,0.994726,0.005274,310.000000,241.565217,231.142285,76,575,499
R8,(race={'0'}) & (site={'0'}) & (treatment={'0'}),complement,0.999997,0.000003,182.006711,241.565217,262.396714,149,575,426
