id,sg,baseline,fitness,pvalue,mean_sg,mean_pop,mean_cpm,size_sg,size_pop,size_cpm
R0,"(X202240_at={'[6.00,7.00)'})",complement,0.993422,0.006578,4778.021739,3935.316327,3676.886667,46,196,150
R1,"(X204015_s_at={'[7.00,8.00)'}) & (X204888_s_at={'[6.00,6.00]'})",complement,0.999838,0.000162,2580.611111,3935.316327,4072.308989,18,196,178
R2,"(X203306_s_at={'[9.00,10.00]'})",complement,0.994025,0.005975,4219.224490,3935.316327,3651.408163,98,196,98
R3,"(X221928_at={'[6.00,7.00]'})",complement,0.991543,0.008457,4168.409091,3935.316327,3637.174419,110,196,86
R4,"(X201663_s_at={'[9.00,9.00)'}) & (X204631_at={'[5.00,5.00)'})",complement,0.998430,0.001570,3318.441176,3935.316327,4064.783951,34,196,162
R5,"(X219588_s_at={'[8.00,8.00]'})",complement,0.967173,0.032827,3777.368794,3935.316327,4340.236364,141,196,55
