id,sg,baseline,fitness,pvalue,mean_sg,mean_pop,mean_cpm,size_sg,size_pop,size_cpm
R0,"(X221816_s_at={'[10.00,10.00)'})",complement,0.969715,0.030285,3818.570000,3935.316327,4056.927083,100,196,96
R1,"(X202240_at={'[6.00,7.00)'})",complement,0.993422,0.006578,4778.021739,3935.316327,3676.886667,46,196,150
R2,"(X204015_s_at={'[7.00,8.00)'})",complement,0.999423,0.000577,2907.148148,3935.316327,4099.579882,27,196,169
R3,"(X202418_at={'[10.00,10.00]'})",complement,0.980572,0.019428,3494.517241,3935.316327,4120.579710,58,196,138
R4,(er={'negative'}),complement,0.988382,0.011618,3416.750000,3935.316327,4186.742424,64,196,132
R5,"(X205034_at={'[8.00,8.00]'}) & (X212014_x_at={'[9.00,10.00)'})",complement,0.992525,0.007475,2902.411765,3935.316327,4033.413408,17,196,179
R6,"(X204631_at={'[5.00,5.00)'}) & (X216693_x_at={'[9.00,9.00]'}) & (X220886_at={'[6.00,6.00)'})",complement,0.999832,0.000168,2892.045455,3935.316327,4067.224138,22,196,174
R7,"(X203306_s_at={'[9.00,10.00]'})",complement,0.994025,0.005975,4219.224490,3935.316327,3651.408163,98,196,98
