id,sg,baseline,fitness,pvalue,mean_sg,mean_pop,mean_cpm,size_sg,size_pop,size_cpm
R0,(condition={'2.0'}),complement,1.000000,0.000000,322.279070,561.259067,629.766667,43,193,150
R1,(t-staging={'4'}),complement,0.997980,0.002020,425.742424,561.259067,631.685039,66,193,127
R2,(n-staging={'3'}) & (sex={'male'}),complement,0.997965,0.002035,436.541667,561.259067,635.471074,72,193,121
R3,(grade={'2.0'}) & (treatment={'test'}) & (sex={'female'}),complement,0.964887,0.035113,313.083333,561.259067,577.712707,12,193,181
R4,(grade={'3.0'}),complement,0.956985,0.043015,666.685714,561.259067,537.905063,35,193,158
R5,(n-staging={'2'}),complement,0.976067,0.023933,710.810811,561.259067,525.788462,37,193,156
R6,(site={'1'}) & (treatment={'test'}),complement,0.979133,0.020867,427.257143,561.259067,590.943038,35,193,158
R7,(condition={'1.0'}),complement,1.000000,0.000000,653.105634,561.259067,305.529412,142,193,51
