id,sg,baseline,fitness,pvalue,mean_sg,mean_pop,mean_cpm,size_sg,size_pop,size_cpm
R0,(edema={'1.0'}),complement,1.000000,0.000000,590.705882,1979.166667,2070.301158,17,276,259
R1,"(sb={'[2.00,4.00]'})",complement,1.000000,0.000000,1170.919355,1979.166667,2213.331776,62,276,214
R2,"(ptb={'[10.00,10.00]'}) & (uc={'[152.00,588.00]'}) & (hist-stage={'4'})",complement,1.000000,0.000000,800.450000,1979.166667,2071.253906,20,276,256
R3,"(sb={'[1.00,2.00)'}) & (age={'[21483.00,28650.00]'})",complement,1.000000,0.000000,1082.642857,1979.166667,2027.072519,14,276,262
R4,(hp={'yes'}),complement,1.000000,0.000000,1697.619718,1979.166667,2277.522388,142,276,134
R5,"(sb={'[1.00,2.00)'})",complement,0.999891,0.000109,1585.785714,1979.166667,2079.300000,56,276,220
R6,"(ptb={'[10.00,10.00]'})",complement,1.000000,0.000000,1802.724490,1979.166667,2076.308989,98,276,178
R7,"(ptb={'[9.00,10.00)'})",complement,0.999810,0.000190,2178.827586,1979.166667,1834.412500,116,276,160
R8,(ascites={'no'}) & (sex={'female'}) & (spiders={'no'}),complement,1.000000,0.000000,2266.138365,1979.166667,1589.179487,159,276,117
