id,sg,baseline,fitness,pvalue,mean_sg,mean_pop,mean_cpm,size_sg,size_pop,size_cpm
R0,"(los={'[3.00,34.80)'})",complement,1.000000,0.000000,120.043478,241.565217,271.945652,115,575,460
R1,"(los={'[173.00,400.00]'})",complement,1.000000,0.000000,398.862069,241.565217,201.812636,116,575,459
R2,"(los={'[34.80,76.00)'})",complement,1.000000,0.000000,165.884956,241.565217,260.075758,113,575,462
R3,(ivhx={'3'}),complement,0.999497,0.000503,208.378601,241.565217,265.855422,243,575,332
R4,(race={'0'}) & (site={'0'}),complement,0.999884,0.000116,212.627586,241.565217,271.010526,290,575,285
R5,(race={'1'}),complement,0.993589,0.006411,280.668966,241.565217,228.379070,145,575,430
