id,sg,baseline,fitness,pvalue,mean_sg,mean_pop,mean_cpm,size_sg,size_pop,size_cpm
R0,(chf={'1'}),complement,1.000000,0.000000,593.593548,882.436000,1012.205797,155,500,345
R1,"(age={'[30.00,56.00)'})",complement,1.000000,0.000000,1139.851064,882.436000,822.837438,94,500,406
R2,(mitype={'1'}),complement,0.999942,0.000058,1079.281046,882.436000,795.642651,153,500,347
R3,"(bmi={'[13.00,22.00)'})",complement,1.000000,0.000000,603.815217,882.436000,945.262255,92,500,408
R4,"(age={'[83.00,104.00]'})",complement,1.000000,0.000000,559.716814,882.436000,976.666667,113,500,387
R5,"(sysbp={'[150.00,170.00)'})",complement,0.999428,0.000572,966.811881,882.436000,861.077694,101,500,399
R6,(chf={'0'}),complement,1.000000,0.000000,1012.205797,882.436000,593.593548,345,500,155
