id,sg,baseline,fitness,pvalue,mean_sg,mean_pop,mean_cpm,size_sg,size_pop,size_cpm
R0,(strat2={'0'}),complement,1.000000,0.000000,226.936219,230.183319,232.185393,439,1151,712
R1,(karnof={'80'}) & (ivdrug={'1'}),complement,1.000000,0.000000,212.820690,230.183319,232.685885,145,1151,1006
R2,"(cd4={'[98.00,148.00)'}) & (hemophil={'0'})",complement,0.999063,0.000937,236.837838,230.183319,228.593111,222,1151,929
R3,(strat2={'1'}),complement,1.000000,0.000000,232.185393,230.183319,226.936219,712,1151,439
