id,sg,baseline,fitness,pvalue,mean_sg,mean_pop,mean_cpm,size_sg,size_pop,size_cpm
R0,"(tumor-th={'[2.00,4.00]'})",complement,0.999996,0.000004,1635.800000,2152.800000,2298.206250,45,205,160
R1,"(tumor-th={'[0.00,1.00)'})",complement,0.993491,0.006509,2332.188679,2152.800000,2090.250000,53,205,152
R2,(ulceration={'1'}),complement,1.000000,0.000000,1817.811111,2152.800000,2414.965217,90,205,115
R3,(ulceration={'0'}),complement,1.000000,0.000000,2414.965217,2152.800000,1817.811111,115,205,90
