id,sg,baseline,fitness,pvalue,mean_sg,mean_pop,mean_cpm,size_sg,size_pop,size_cpm
R0,"(X208180_s_at={'[7.00,8.00]'})",complement,0.996162,0.003838,3540.764706,3935.316327,4144.921875,68,196,128
R1,"(X203391_at={'[10.00,10.00]'}) & (X221928_at={'[6.00,7.00]'})",complement,0.998457,0.001543,4267.079545,3935.316327,3664.990741,88,196,108
R2,"(X203306_s_at={'[9.00,10.00]'})",complement,0.994025,0.005975,4219.224490,3935.316327,3651.408163,98,196,98
R3,"(X217767_at={'[12.00,12.00]'}) & (X201288_at={'[12.00,12.00]'})",complement,0.981733,0.018267,4334.032258,3935.316327,3575.310680,93,196,103
R4,"(X221816_s_at={'[10.00,10.00)'}) & (size={'[2.00,2.00]'}) & (X210028_s_at={'[9.00,9.00]'}) & (X219588_s_at={'[8.00,8.00]'})",complement,0.999999,0.000001,2633.903226,3935.316327,4179.824242,31,196,165
