id,sg,baseline,fitness,pvalue,mean_sg,mean_pop,mean_cpm,size_sg,size_pop,size_cpm
R0,"(los={'[3.00,34.80)'})",complement,1.000000,0.000000,120.043478,241.565217,271.945652,115,575,460
R1,"(los={'[173.00,400.00]'})",complement,1.000000,0.000000,398.862069,241.565217,201.812636,116,575,459
R2,"(los={'[34.80,76.00)'})",complement,1.000000,0.000000,165.884956,241.565217,260.075758,113,575,462
R3,"(race={'0'}) & (ndrugtx={'[7.00,40.00]'})",complement,0.999525,0.000475,183.606061,241.565217,253.619748,99,575,476
R4,(ivhx={'3'}) & (treatment={'0'}),complement,0.999873,0.000127,187.265152,241.565217,257.744921,132,575,443
R5,(race={'0'}),complement,0.993589,0.006411,228.379070,241.565217,280.668966,430,575,145
R6,(site={'0'}) & (race={'1'}),complement,0.999282,0.000718,302.790909,241.565217,227.081720,110,575,465
