id,sg,baseline,fitness,pvalue,mean_sg,mean_pop,mean_cpm,size_sg,size_pop,size_cpm
R0,"(age={'[71.00,82.00]'}) & (sex={'1'}) & (ph-ecog={'2.0'})",complement,1.000000,0.000000,80.700000,310.047619,324.563291,10,168,158
R1,"(pat-karno={'[30.00,70.00)'})",complement,0.999728,0.000272,220.000000,310.047619,329.623188,30,168,138
R2,(sex={'1'}),complement,0.986898,0.013102,291.509615,310.047619,340.171875,104,168,64
R3,(sex={'2'}),complement,0.986898,0.013102,340.171875,310.047619,291.509615,64,168,104
