id,sg,baseline,fitness,pvalue,mean_sg,mean_pop,mean_cpm,size_sg,size_pop,size_cpm
R0,"(X202240_at={'[6.00,7.00)'})",complement,0.993422,0.006578,4778.021739,3935.316327,3676.886667,46,196,150
R1,"(X201663_s_at={'[8.00,9.00)'})",complement,0.975134,0.024866,4647.212766,3935.316327,3710.758389,47,196,149
R2,"(X204015_s_at={'[7.00,8.00)'})",complement,0.999423,0.000577,2907.148148,3935.316327,4099.579882,27,196,169
R3,(er={'positive'}),complement,0.988382,0.011618,4186.742424,3935.316327,3416.750000,132,196,64
R4,"(size={'[1.00,2.00)'})",complement,0.999530,0.000470,4526.034483,3935.316327,3687.043478,58,196,138
R5,"(X217102_at={'[6.00,6.00)'}) & (X202418_at={'[10.00,10.00)'})",complement,0.996783,0.003217,4465.983051,3935.316327,3706.781022,59,196,137
R6,"(X201288_at={'[12.00,12.00]'}) & (X209862_s_at={'[8.00,8.00]'})",complement,0.992470,0.007530,4259.891089,3935.316327,3590.242105,101,196,95
R7,"(X221816_s_at={'[10.00,10.00)'}) & (X212567_s_at={'[8.00,8.00]'}) & (size={'[2.00,2.00]'})",complement,0.999995,0.000005,3146.236364,3935.316327,4243.113475,55,196,141
