id,sg,baseline,fitness,pvalue,mean_sg,mean_pop,mean_cpm,size_sg,size_pop,size_cpm
R0,"(age={'[74.00,87.00]'})",complement,1.000000,0.000000,2673.717949,5390.130682,6163.416058,39,176,137
R1,"(age={'[34.00,53.00)'})",complement,1.000000,0.000000,8671.933333,5390.130682,4715.787671,30,176,146
R2,"(alb={'[2.00,3.00)'}) & (sex={'male'})",complement,0.999975,0.000025,3073.740741,5390.130682,5809.879195,27,176,149
R3,"(hgb={'[11.00,12.00)'}) & (creat={'[0.00,0.00]'})",complement,0.999339,0.000661,2861.923077,5390.130682,5591.766871,13,176,163
R4,"(age={'[66.00,74.00)'})",complement,0.993573,0.006427,4311.789474,5390.130682,5687.065217,38,176,138
R5,"(age={'[53.00,59.00)'}) & (mspike={'[1.00,1.00)'})",complement,0.965869,0.034131,7705.739130,5390.130682,5042.032680,23,176,153
R6,"(hgb={'[12.00,13.00)'}) & (dxyr={'[70.00,73.00]'}) & (mspike={'[1.00,1.00)'})",complement,0.990842,0.009158,3287.818182,5390.130682,5530.284848,11,176,165
R7,"(alb={'[3.00,3.00]'})",complement,0.997559,0.002441,5906.641221,5390.130682,3886.511111,131,176,45
