id,sg,baseline,fitness,pvalue,mean_sg,mean_pop,mean_cpm,size_sg,size_pop,size_cpm
R0,(strat2={'1'}),complement,1.000000,0.000000,232.185393,230.183319,226.936219,712,1151,439
R1,"(cd4={'[0.00,17.00)'})",complement,1.000000,0.000000,224.205240,230.183319,231.668113,229,1151,922
R2,(strat2={'0'}),complement,1.000000,0.000000,226.936219,230.183319,232.185393,439,1151,712
