id,sg,baseline,fitness,pvalue,mean_sg,mean_pop,mean_cpm,size_sg,size_pop,size_cpm
R0,(ascites={'yes'}),complement,1.000000,0.000000,633.789474,1979.166667,2078.630350,19,276,257
R1,"(sb={'[2.00,4.00]'})",complement,1.000000,0.000000,1170.919355,1979.166667,2213.331776,62,276,214
R2,(spiders={'yes'}),complement,1.000000,0.000000,1526.237500,1979.166667,2164.035714,80,276,196
R3,(hp={'yes'}),complement,1.000000,0.000000,1697.619718,1979.166667,2277.522388,142,276,134
R4,"(ptb={'[10.00,10.00]'})",complement,1.000000,0.000000,1802.724490,1979.166667,2076.308989,98,276,178
R5,"(uc={'[4.00,39.00)'})",complement,0.999969,0.000031,2591.527273,1979.166667,1826.769231,55,276,221
R6,(ascites={'no'}),complement,1.000000,0.000000,2078.630350,1979.166667,633.789474,257,276,19
