id,sg,baseline,fitness,pvalue,mean_sg,mean_pop,mean_cpm,size_sg,size_pop,size_cpm
R0,(condition={'2.0'}),complement,1.000000,0.000000,322.279070,561.259067,629.766667,43,193,150
R1,(t-staging={'4'}),complement,0.997980,0.002020,425.742424,561.259067,631.685039,66,193,127
R2,(n-staging={'3'}) & (sex={'male'}),complement,0.997965,0.002035,436.541667,561.259067,635.471074,72,193,121
R3,(grade={'3.0'}),complement,0.956985,0.043015,666.685714,561.259067,537.905063,35,193,158
R4,(condition={'1.0'}),complement,1.000000,0.000000,653.105634,561.259067,305.529412,142,193,51
