id,sg,baseline,fitness,pvalue,mean_sg,mean_pop,mean_cpm,size_sg,size_pop,size_cpm
R0,(ascites={'yes'}),complement,1.000000,0.000000,633.789474,1979.166667,2078.630350,19,276,257
R1,"(sb={'[2.00,4.00]'})",complement,1.000000,0.000000,1170.919355,1979.166667,2213.331776,62,276,214
R2,"(sb={'[1.00,2.00)'})",complement,0.999891,0.000109,1585.785714,1979.166667,2079.300000,56,276,220
R3,"(ptb={'[10.00,10.00]'}) & (spiders={'yes'})",complement,1.000000,0.000000,1283.204545,1979.166667,2111.159483,44,276,232
R4,(hist-stage={'4'}),complement,1.000000,0.000000,1456.585106,1979.166667,2249.071429,94,276,182
R5,"(ptb={'[10.00,10.00]'})",complement,1.000000,0.000000,1802.724490,1979.166667,2076.308989,98,276,178
R6,(edema={'0.0'}),complement,1.000000,0.000000,2123.636752,1979.166667,1174.261905,234,276,42
