id,sg,baseline,fitness,pvalue,mean_sg,mean_pop,mean_cpm,size_sg,size_pop,size_cpm
R0,(op={'0'}),complement,1.000000,0.000000,800.710106,1145.351831,1392.180952,376,901,525
R1,(stage-3={'2.0'}),complement,1.000000,0.000000,864.432432,1145.351831,1282.793388,296,901,605
R2,(stage-4={'0.0'}),complement,1.000000,0.000000,1240.874302,1145.351831,775.654054,716,901,185
