id,sg,baseline,fitness,pvalue,mean_sg,mean_pop,mean_cpm,size_sg,size_pop,size_cpm
R0,"(sb={'[2.00,4.00]'})",complement,1.000000,0.000000,1170.919355,1979.166667,2213.331776,62,276,214
R1,"(uc={'[152.00,588.00]'}) & (hp={'yes'})",complement,1.000000,0.000000,1100.153846,1979.166667,2123.814346,39,276,237
R2,"(ptb={'[10.00,10.00]'})",complement,1.000000,0.000000,1802.724490,1979.166667,2076.308989,98,276,178
R3,(hist-stage={'4'}),complement,1.000000,0.000000,1456.585106,1979.166667,2249.071429,94,276,182
R4,"(albumin={'[3.00,3.00]'})",complement,1.000000,0.000000,2070.565737,1979.166667,1061.520000,251,276,25
