id,sg,baseline,fitness,pvalue,mean_sg,mean_pop,mean_cpm,size_sg,size_pop,size_cpm
R0,"(X203306_s_at={'[9.00,10.00]'})",complement,0.994025,0.005975,4219.224490,3935.316327,3651.408163,98,196,98
R1,"(size={'[1.00,2.00)'})",complement,0.999530,0.000470,4526.034483,3935.316327,3687.043478,58,196,138
R2,"(X202240_at={'[6.00,7.00)'}) & (X209862_s_at={'[8.00,8.00]'})",complement,0.993898,0.006102,4871.540541,3935.316327,3717.452830,37,196,159
R3,(er={'negative'}),complement,0.988382,0.011618,3416.750000,3935.316327,4186.742424,64,196,132
R4,"(X202239_at={'[10.00,10.00]'}) & (X211762_s_at={'[10.00,10.00)'})",complement,0.994170,0.005830,4512.019608,3935.316327,3732.475862,51,196,145
R5,"(X202239_at={'[9.00,10.00)'}) & (X202240_at={'[7.00,7.00)'}) & (X211382_s_at={'[8.00,8.00)'}) & (X209524_at={'[9.00,9.00)'})",complement,0.999996,0.000004,1645.909091,3935.316327,4071.443243,11,196,185
R6,"(X211762_s_at={'[10.00,11.00]'})",complement,0.998969,0.001031,3611.990291,3935.316327,4293.408602,103,196,93
