id,sg,baseline,fitness,pvalue,mean_sg,mean_pop,mean_cpm,size_sg,size_pop,size_cpm
R0,(edema={'1.0'}),complement,1.000000,0.000000,590.705882,1979.166667,2070.301158,17,276,259
R1,"(sb={'[2.00,4.00]'})",complement,1.000000,0.000000,1170.919355,1979.166667,2213.331776,62,276,214
R2,"(uc={'[152.00,588.00]'})",complement,1.000000,0.000000,1370.087719,1979.166667,2137.694064,57,276,219
R3,"(age={'[21483.00,28650.00]'})",complement,0.999999,0.000001,1524.285714,1979.166667,2094.954545,56,276,220
R4,"(ptb={'[10.00,10.00]'}) & (spiders={'yes'})",complement,1.000000,0.000000,1283.204545,1979.166667,2111.159483,44,276,232
R5,"(ptb={'[10.00,10.00]'})",complement,1.000000,0.000000,1802.724490,1979.166667,2076.308989,98,276,178
R6,"(hist-stage={'4'}) & (ptb={'[10.00,10.00]'})",complement,1.000000,0.000000,1291.181818,1979.166667,2150.384615,55,276,221
R7,"(sb={'[1.00,2.00)'})",complement,0.999891,0.000109,1585.785714,1979.166667,2079.300000,56,276,220
R8,"(albumin={'[3.00,3.00]'})",complement,1.000000,0.000000,2070.565737,1979.166667,1061.520000,251,276,25
