id,sg,baseline,fitness,pvalue,mean_sg,mean_pop,mean_cpm,size_sg,size_pop,size_cpm
R0,(edema={'1.0'}),complement,1.000000,0.000000,590.705882,1979.166667,2070.301158,17,276,259
R1,"(sb={'[2.00,4.00]'})",complement,1.000000,0.000000,1170.919355,1979.166667,2213.331776,62,276,214
R2,"(sb={'[0.00,0.00)'})",complement,1.000000,0.000000,2546.272727,1979.166667,1713.712766,88,276,188
R3,"(age={'[21483.00,28650.00]'})",complement,0.999999,0.000001,1524.285714,1979.166667,2094.954545,56,276,220
R4,(edema={'0.0'}),complement,1.000000,0.000000,2123.636752,1979.166667,1174.261905,234,276,42
