id,sg,baseline,fitness,pvalue,mean_sg,mean_pop,mean_cpm,size_sg,size_pop,size_cpm
R0,"(X203306_s_at={'[9.00,10.00]'})",complement,0.994025,0.005975,4219.224490,3935.316327,3651.408163,98,196,98
R1,"(X221816_s_at={'[10.00,10.00)'})",complement,0.969715,0.030285,3818.570000,3935.316327,4056.927083,100,196,96
R2,"(X208180_s_at={'[7.00,8.00]'})",complement,0.996162,0.003838,3540.764706,3935.316327,4144.921875,68,196,128
R3,"(size={'[2.00,2.00]'})",complement,0.999574,0.000426,3661.294574,3935.316327,4462.910448,129,196,67
