id,sg,baseline,fitness,pvalue,mean_sg,mean_pop,mean_cpm,size_sg,size_pop,size_cpm
R0,"(los={'[3.00,34.80)'})",complement,1.000000,0.000000,120.043478,241.565217,271.945652,115,575,460
R1,"(los={'[173.00,400.00]'})",complement,1.000000,0.000000,398.862069,241.565217,201.812636,116,575,459
R2,"(los={'[34.80,76.00)'})",complement,1.000000,0.000000,165.884956,241.565217,260.075758,113,575,462
R3,"(ndrugtx={'[4.00,7.00)'}) & (treatment={'0'}) & (race={'0'})",complement,0.999998,0.000002,146.527273,241.565217,251.617308,55,575,520
R4,"(hercoc={'4'}) & (beck={'[19.40,25.00)'})",complement,0.997104,0.002896,154.393939,241.565217,246.872694,33,575,542
R5,(race={'0'}) & (treatment={'0'}),complement,0.999848,0.000152,201.623894,241.565217,267.429799,226,575,349
R6,(ivhx={'3'}),complement,0.999497,0.000503,208.378601,241.565217,265.855422,243,575,332
R7,(ivhx={'1'}),complement,0.998991,0.001009,277.031390,241.565217,219.096591,223,575,352
