id,sg,baseline,fitness,pvalue,mean_sg,mean_pop,mean_cpm,size_sg,size_pop,size_cpm
R0,(chf={'1'}),complement,1.000000,0.000000,593.593548,882.436000,1012.205797,155,500,345
R1,(chf={'0'}),complement,1.000000,0.000000,1012.205797,882.436000,593.593548,345,500,155
