id,sg,baseline,fitness,pvalue,mean_sg,mean_pop,mean_cpm,size_sg,size_pop,size_cpm
R0,"(pnodes={'[4.00,8.00]'})",complement,1.000000,0.000000,834.720280,1124.489796,1200.801105,143,686,543
R1,"(tsize={'[3.00,20.00)'})",complement,0.999801,0.000199,1311.481481,1124.489796,1078.675136,135,686,551
R2,"(progrec={'[0.00,3.00)', '[3.00,20.00)'})",complement,1.000000,0.000000,932.557621,1124.489796,1248.302158,269,686,417
R3,"(horTh={'no'}) & (pnodes={'[2.00,4.00)'})",complement,0.999259,0.000741,918.669903,1124.489796,1160.852487,103,686,583
R4,"(pnodes={'[1.00,1.00)', '[1.00,2.00)'})",complement,1.000000,0.000000,1274.896277,1124.489796,942.061290,376,686,310
