{"actg320": {"R0": {"pval_logrank": 6.842415523067302e-11, "pval_ttest": 0.33604348076749746}, "R1": {"pval_logrank": 2.6134649999676185e-13, "pval_ttest": 0.0004991436795411708}, "R2": {"pval_logrank": 6.599198965062669e-11, "pval_ttest": 0.0024167947956902553}, "R3": {"pval_logrank": 8.606448886894214e-13, "pval_ttest": 0.020588651516318873}, "R4": {"pval_logrank": 8.08775268978934e-12, "pval_ttest": 0.005679475206522395}, "R5": {"pval_logrank": 2.1465051958102777e-12, "pval_ttest": 0.018812240477459816}, "R6": {"pval_logrank": 1.4085688171405764e-09, "pval_ttest": 0.2609337533940937}, "R7": {"pval_logrank": 6.842415523067302e-11, "pval_ttest": 0.33604348076749746}}, "breast-cancer": {"R0": {"pval_logrank": 3.5267344600242723e-12, "pval_ttest": 0.0005432345336502109}, "R1": {"pval_logrank": 7.545659652663517e-10, "pval_ttest": 0.0014438543453394452}, "R2": {"pval_logrank": 3.1128104360789166e-07, "pval_ttest": 0.0010590259725311495}, "R3": {"pval_logrank": 1.6806436553551407e-07, "pval_ttest": 0.0005167962497332751}, "R4": {"pval_logrank": 1.3209349392084846e-08, "pval_ttest": 0.0002182566643993308}, "R5": {"pval_logrank": 0.17954141020467884, "pval_ttest": 0.10495441770610253}, "R6": {"pval_logrank": 6.852596534656641e-08, "pval_ttest": 0.0006156624518910632}, "R7": {"pval_logrank": 0.0, "pval_ttest": 5.159752092069874e-08}, "R8": {"pval_logrank": 0.00923129941609424, "pval_ttest": 0.048702654917709094}, "R9": {"pval_logrank": 0.06968654720096046, "pval_ttest": 0.10092442890494772}, "R10": {"pval_logrank": 0.015578819781569608, "pval_ttest": 0.47291360793765524}, "R11": {"pval_logrank": 0.0038429699366800962, "pval_ttest": 0.0418468819531522}, "R12": {"pval_logrank": 0.0007708655812791454, "pval_ttest": 0.004076899060581824}, "R13": {"pval_logrank": 0.00018017401065906213, "pval_ttest": 0.002447752020952113}, "R14": {"pval_logrank": 0.00017323739037400365, "pval_ttest": 0.0037988483349940495}, "R15": {"pval_logrank": 0.46481274246464954, "pval_ttest": 0.2668361715942331}}, "cancer": {"R0": {"pval_logrank": 9.769962616701378e-15, "pval_ttest": 0.00027596314405882856}, "R1": {"pval_logrank": 0.00019063176734268605, "pval_ttest": 0.017372853991747584}, "R2": {"pval_logrank": 6.601290313257291e-05, "pval_ttest": 0.010823474732531231}, "R3": {"pval_logrank": 0.000272318134849292, "pval_ttest": 0.008757887670220904}, "R4": {"pval_logrank": 0.0006683644783060938, "pval_ttest": 0.007753362439986252}, "R5": {"pval_logrank": 0.003237963713918157, "pval_ttest": 0.04477426883236607}, "R6": {"pval_logrank": 0.013101877954020513, "pval_ttest": 0.1429222896140198}, "R7": {"pval_logrank": 0.012364560214165321, "pval_ttest": 0.8310500599964371}, "R8": {"pval_logrank": 0.0069381117588179775, "pval_ttest": 0.67062742141945}, "R9": {"pval_logrank": 0.00916460720346457, "pval_ttest": 0.24914753715200177}, "R10": {"pval_logrank": 0.013101877954020513, "pval_ttest": 0.1429222896140198}}, "carcinoma": {"R0": {"pval_logrank": 1.2634948642897825e-10, "pval_ttest": 1.690921467083439e-07}, "R1": {"pval_logrank": 4.3335584121173554e-08, "pval_ttest": 1.573194835330648e-05}, "R2": {"pval_logrank": 3.997307950487361e-05, "pval_ttest": 0.02453905590867472}}, "gbsg2": {"R0": {"pval_logrank": 4.440892098500626e-16, "pval_ttest": 8.458552082628316e-10}, "R1": {"pval_logrank": 1.512433844830241e-09, "pval_ttest": 0.0010694808886296029}, "R2": {"pval_logrank": 4.780382323321675e-08, "pval_ttest": 1.0944233172341951e-06}, "R3": {"pval_logrank": 2.907627771331356e-06, "pval_ttest": 3.4857394144010064e-07}, "R4": {"pval_logrank": 0.0004574581584478876, "pval_ttest": 0.0011616266411736825}, "R5": {"pval_logrank": 1.0737726327092467e-05, "pval_ttest": 0.0003385734323682099}, "R6": {"pval_logrank": 2.5528666556806634e-05, "pval_ttest": 4.272462455788327e-05}, "R7": {"pval_logrank": 0.00019907079212522216, "pval_ttest": 0.0001524330630377842}, "R8": {"pval_logrank": 4.794284237386037e-05, "pval_ttest": 0.0003306361126044969}, "R9": {"pval_logrank": 5.82539642227653e-05, "pval_ttest": 0.001947273924631997}, "R10": {"pval_logrank": 0.00010489025974702582, "pval_ttest": 0.013249352284159526}, "R11": {"pval_logrank": 5.160985369401239e-06, "pval_ttest": 0.00010583493704268637}, "R12": {"pval_logrank": 0.00021647278232650446, "pval_ttest": 0.009845395916507764}, "R13": {"pval_logrank": 0.0007487551844308493, "pval_ttest": 0.003441531673874644}, "R14": {"pval_logrank": 0.0022993366105570345, "pval_ttest": 0.0007491209905722403}, "R15": {"pval_logrank": 0.0027391402887528837, "pval_ttest": 0.0013113586224971878}, "R16": {"pval_logrank": 0.0029341020583247834, "pval_ttest": 0.00012751144931239208}, "R17": {"pval_logrank": 0.009805180455095597, "pval_ttest": 0.03633572709148113}}, "lung": {"R0": {"pval_logrank": 0.0, "pval_ttest": 1.4901141973523995e-23}, "R1": {"pval_logrank": 0.0, "pval_ttest": 1.1129723859174991e-09}, "R2": {"pval_logrank": 0.0, "pval_ttest": 1.5399148342416247e-15}, "R3": {"pval_logrank": 0.0, "pval_ttest": 4.0865562611784054e-13}, "R4": {"pval_logrank": 2.1089561506704158e-05, "pval_ttest": 0.0012192324027869344}, "R5": {"pval_logrank": 0.0, "pval_ttest": 8.015218494057642e-22}, "R6": {"pval_logrank": 0.0, "pval_ttest": 4.008075730986592e-23}}, "melanoma": {"R0": {"pval_logrank": 5.4128797222219305e-08, "pval_ttest": 0.0001249249337693589}, "R1": {"pval_logrank": 9.271953316236647e-09, "pval_ttest": 1.4866195805318397e-05}, "R2": {"pval_logrank": 5.4128797222219305e-08, "pval_ttest": 0.0001249249337693589}}, "mgus2": {"R0": {"pval_logrank": 0.0, "pval_ttest": 1.1957279134497137e-120}, "R1": {"pval_logrank": 0.0, "pval_ttest": 1.7748475708973112e-271}, "R2": {"pval_logrank": 0.0, "pval_ttest": 2.0273113879705868e-24}, "R3": {"pval_logrank": 0.0, "pval_ttest": 1.4753852270335352e-32}, "R4": {"pval_logrank": 0.0, "pval_ttest": 2.0688072963878723e-26}, "R5": {"pval_logrank": 0.0, "pval_ttest": 2.9668497481363036e-13}, "R6": {"pval_logrank": 0.0, "pval_ttest": 3.6967516673315e-12}, "R7": {"pval_logrank": 1.1102230246251565e-15, "pval_ttest": 3.7348721887595625e-10}, "R8": {"pval_logrank": 4.729550084903167e-14, "pval_ttest": 2.6886090755544286e-09}, "R9": {"pval_logrank": 1.2110594749259462e-09, "pval_ttest": 6.092343816200647e-11}, "R10": {"pval_logrank": 1.8851699090660645e-09, "pval_ttest": 1.8958144790299228e-13}, "R11": {"pval_logrank": 3.022962991039435e-10, "pval_ttest": 3.600612377332089e-07}, "R12": {"pval_logrank": 1.7344502500904468e-09, "pval_ttest": 1.3125253240524546e-08}, "R13": {"pval_logrank": 0.6103163740416293, "pval_ttest": 0.6422859022664764}, "R14": {"pval_logrank": 2.1887745638160538e-07, "pval_ttest": 1.5002803048293604e-09}, "R15": {"pval_logrank": 0.5871844020292296, "pval_ttest": 0.4969554117863757}, "R16": {"pval_logrank": 0.0056829715421068405, "pval_ttest": 0.004957629976081248}, "R17": {"pval_logrank": 0.5551570788284146, "pval_ttest": 0.6883039691467889}, "R18": {"pval_logrank": 0.43828718726870475, "pval_ttest": 0.5692918792554438}}, "mgus": {"R0": {"pval_logrank": 2.672972954087527e-12, "pval_ttest": 3.4097123585875207e-08}, "R1": {"pval_logrank": 1.3167421808457647e-07, "pval_ttest": 1.7458402149265528e-08}, "R2": {"pval_logrank": 0.04611868833799604, "pval_ttest": 0.02460253032475676}, "R3": {"pval_logrank": 0.10299074390865004, "pval_ttest": 0.11430197954057644}, "R4": {"pval_logrank": 0.1554708245059857, "pval_ttest": 0.211283803620434}, "R5": {"pval_logrank": 0.035519238384000396, "pval_ttest": 0.03987548833371704}, "R6": {"pval_logrank": 0.12252618955365613, "pval_ttest": 0.19602935828562684}, "R7": {"pval_logrank": 0.002440800945125443, "pval_ttest": 0.0011967004763889543}, "R8": {"pval_logrank": 1.7761145842953852e-07, "pval_ttest": 4.277756794767984e-05}, "R9": {"pval_logrank": 2.5119594835532055e-05, "pval_ttest": 0.0002736056786122783}, "R10": {"pval_logrank": 0.0031584536687352394, "pval_ttest": 0.0016441942754505362}}, "pbc": {"R0": {"pval_logrank": 2.1864732246967833e-12, "pval_ttest": 3.366804203770169e-07},