quality,subgroup,size_sg,size_dataset,mean_sg,mean_dataset,std_sg,std_dataset,median_sg,median_dataset,max_sg,max_dataset,min_sg,min_dataset,mean_lift,median_lift
0.9999999273376192,hemophil=='0' AND ivdrug=='1' AND strat2=='0' AND txgrp=='1',174.0,1151.0,212.83908045977012,230.18331885317116,97.54443414996678,89.83806417997631,242.5,257.0,348.0,364.0,1.0,1.0,0.9246503244465576,0.943579766536965
0.9999999273376192,hemophil=='0' AND ivdrug=='1' AND strat2=='0' AND tx=='0' AND txgrp=='1',174.0,1151.0,212.83908045977012,230.18331885317116,97.54443414996678,89.83806417997631,242.5,257.0,348.0,364.0,1.0,1.0,0.9246503244465576,0.943579766536965
0.9999999230981739,hemophil=='0' AND ivdrug=='1' AND strat2=='0' AND tx=='0',175.0,1151.0,211.89142857142858,230.18331885317116,98.06531168105286,89.83806417997631,242.0,257.0,348.0,364.0,1.0,1.0,0.9205333802081003,0.9416342412451362
0.999999919466643,sex=='1' AND strat2=='0' AND txgrp=='1',183.0,1151.0,219.15300546448088,230.18331885317116,96.7011540848903,89.83806417997631,251.0,257.0,353.0,364.0,1.0,1.0,0.952080309539171,0.9766536964980544
