quality,subgroup,size_sg,size_dataset,mean_sg,mean_dataset,std_sg,std_dataset,median_sg,median_dataset,max_sg,max_dataset,min_sg,min_dataset,mean_lift,median_lift
0.9999837047831687,condition=='2.0',43.0,193.0,322.27906976744185,561.259067357513,312.05003516366776,419.02760025479944,255.0,446.0,1446.0,1823.0,11.0,11.0,0.5742073286847325,0.5717488789237668
0.9999793781748473,condition=='2.0' AND sex=='male',28.0,193.0,292.7142857142857,561.259067357513,293.51440183001694,419.02760025479944,211.0,446.0,1446.0,1823.0,11.0,11.0,0.5215315043237091,0.4730941704035874
0.9998113568585194,condition=='2.0' AND treatment=='test',24.0,193.0,294.1666666666667,561.259067357513,285.75304994969963,419.02760025479944,260.0,446.0,1377.0,1823.0,11.0,11.0,0.5241192236797971,0.5829596412556054
0.9997976741713123,condition=='2.0' AND grade=='2.0',29.0,193.0,320.2758620689655,561.259067357513,273.2776656091905,419.02760025479944,264.0,446.0,1446.0,1823.0,15.0,11.0,0.5706381966831637,0.5919282511210763
0.9992090512255892,condition=='2.0' AND t-staging=='3',25.0,193.0,339.76,561.259067357513,285.9790593732345,419.02760025479944,276.0,446.0,1446.0,1823.0,38.0,11.0,0.6053532490791429,0.6188340807174888
0.998495483367414,condition=='2.0' AND n-staging=='3',24.0,193.0,354.4583333333333,561.259067357513,386.26372458536093,419.02760025479944,237.0,446.0,1446.0,1823.0,11.0,11.0,0.6315413931790416,0.531390134529148
