quality,subgroup,size_sg,size_dataset,mean_sg,mean_dataset,std_sg,std_dataset,median_sg,median_dataset,max_sg,max_dataset,min_sg,min_dataset,mean_lift,median_lift
1.0,op=='0',376.0,901.0,800.7101063829788,1145.3518312985573,706.7573641729916,934.165354480177,544.5,819.0,3156.0,4478.0,0.0,0.0,0.6990953211950283,0.6648351648351648
1.0,stage-1=='1.0',353.0,901.0,1523.1728045325779,1145.3518312985573,1000.3831198941675,934.165354480177,1441.0,819.0,4478.0,4478.0,0.0,0.0,1.3298732868883278,1.7594627594627594
1.0,stage-4=='1.0',185.0,901.0,775.6540540540541,1145.3518312985573,762.5886279354929,934.165354480177,434.0,819.0,2560.0,4478.0,0.0,0.0,0.6772190281257475,0.5299145299145299
1.0,stage-1=='3.0',437.0,901.0,835.7963386727689,1145.3518312985573,757.5393546568201,934.165354480177,544.0,819.0,4310.0,4478.0,0.0,0.0,0.7297289058552202,0.6642246642246642
