quality,subgroup,size_sg,size_dataset,mean_sg,mean_dataset,std_sg,std_dataset,median_sg,median_dataset,max_sg,max_dataset,min_sg,min_dataset,mean_lift,median_lift
0.9999908117870678,"tumor-th=='[2.00,4.00]' AND ulceration=='1'",38.0,205.0,1454.921052631579,2152.8,1193.4907532016489,1119.3205883535757,974.5,2005.0,4492.0,5565.0,10.0,10.0,0.6758273191339552,0.4860349127182045
0.999903977117946,"sex=='man' AND tumor-th=='[2.00,4.00]' AND ulceration=='1'",26.0,205.0,1429.2307692307693,2152.8,1277.5256826469224,1119.3205883535757,786.0,2005.0,4492.0,5565.0,10.0,10.0,0.6638938913186404,0.39201995012468827
0.999522278230918,"tumor-th=='[2.00,4.00]'",45.0,205.0,1635.8,2152.8,1248.7256900091745,1119.3205883535757,1506.0,2005.0,4668.0,5565.0,10.0,10.0,0.7598476402824228,0.7511221945137158
