quality,subgroup,size_sg,size_dataset,mean_sg,mean_dataset,std_sg,std_dataset,median_sg,median_dataset,max_sg,max_dataset,min_sg,min_dataset,mean_lift,median_lift
0.9999999763536556,"age=='[74.00,87.00]' AND pcdx=='not-prog'",38.0,176.0,2608.7368421052633,5390.130681818182,2008.2369157286423,3637.4486375585852,2380.5,5009.0,7246.0,14325.0,6.0,6.0,0.48398396923936776,0.47524455979237373
0.9999999639374315,"age=='[74.00,87.00]'",39.0,176.0,2673.7179487179487,5390.130681818182,2022.3900553136846,3637.4486375585852,2422.0,5009.0,7246.0,14325.0,6.0,6.0,0.4960395408847599,0.4835296466360551
0.9999998489265487,"age=='[74.00,87.00]' AND creat=='[0.00,0.00]' AND pcdx=='not-prog'",23.0,176.0,2201.3478260869565,5390.130681818182,2052.48306901232,3637.4486375585852,1815.0,5009.0,7246.0,14325.0,6.0,6.0,0.40840342396752516,0.3623477740067878
0.9999998489265487,"age=='[74.00,87.00]' AND creat=='[0.00,0.00]'",23.0,176.0,2201.3478260869565,5390.130681818182,2052.48306901232,3637.4486375585852,1815.0,5009.0,7246.0,14325.0,6.0,6.0,0.40840342396752516,0.3623477740067878
