quality,subgroup,size_sg,size_dataset,mean_sg,mean_dataset,std_sg,std_dataset,median_sg,median_dataset,max_sg,max_dataset,min_sg,min_dataset,mean_lift,median_lift
1.0,"age=='[24.00,61.00)'",252.0,1338.0,136.9047619047619,94.77952167414051,88.24622196791191,71.21628543795214,135.5,83.0,424.0,424.0,1.0,1.0,1.444455083614489,1.6325301204819278
1.0,"age=='[81.00,96.00]'",276.0,1338.0,56.54347826086956,94.77952167414051,42.734878597829976,71.21628543795214,52.0,83.0,179.0,424.0,1.0,1.0,0.5965790633051569,0.6265060240963856
1.0,"ptime=='[1.00,27.00)' AND sex=='M'",154.0,1338.0,10.084415584415584,94.77952167414051,9.194825830925556,71.21628543795214,8.0,83.0,54.0,424.0,1.0,1.0,0.10639867564521588,0.0963855421686747
1.0,"ptime=='[151.00,424.00]'",269.0,1338.0,205.17100371747213,94.77952167414051,45.32075416107515,71.21628543795214,194.0,83.0,424.0,424.0,151.0,1.0,2.164718708149491,2.3373493975903616
1.0,"ptime=='[27.00,64.00)'",265.0,1338.0,49.39245283018868,94.77952167414051,21.79485701024055,71.21628543795214,47.0,83.0,278.0,424.0,27.0,1.0,0.5211300073870793,0.5662650602409639
1.0,"ptime=='[1.00,27.00)'",265.0,1338.0,11.79622641509434,94.77952167414051,12.966574768679472,71.21628543795214,8.0,83.0,99.0,424.0,1.0,1.0,0.12445965338009089,0.0963855421686747
