quality,subgroup,size_sg,size_dataset,mean_sg,mean_dataset,std_sg,std_dataset,median_sg,median_dataset,max_sg,max_dataset,min_sg,min_dataset,mean_lift,median_lift
1.0,"hist-stage=='4' AND sb=='[2.00,4.00]' AND sex=='female'",29.0,276.0,776.8965517241379,1979.1666666666667,621.2797329221625,1110.36328487398,790.0,1788.0,2540.0,4556.0,41.0,41.0,0.39253720508166967,0.441834451901566
1.0,"ptb=='[10.00,10.00]' AND sb=='[2.00,4.00]' AND sex=='female'",32.0,276.0,890.46875,1979.1666666666667,816.6064300037305,1110.36328487398,665.0,1788.0,3574.0,4556.0,41.0,41.0,0.44992105263157894,0.371923937360179
1.0,"ptb=='[10.00,10.00]' AND sb=='[2.00,4.00]'",36.0,276.0,932.1111111111111,1979.1666666666667,786.4928401799477,1110.36328487398,856.0,1788.0,3574.0,4556.0,41.0,41.0,0.4709614035087719,0.47874720357941836
1.0,"hp=='yes' AND ptb=='[10.00,10.00]' AND sb=='[2.00,4.00]' AND sex=='female'",28.0,276.0,856.0714285714286,1979.1666666666667,672.8752234452763,1110.36328487398,665.0,1788.0,2540.0,4556.0,71.0,41.0,0.4325413533834586,0.371923937360179
0.9999999999999999,"hp=='yes' AND ptb=='[10.00,10.00]' AND sb=='[2.00,4.00]'",32.0,276.0,907.21875,1979.1666666666667,654.1542600170372,1110.36328487398,871.5,1788.0,2540.0,4556.0,71.0,41.0,0.4583842105263158,0.4874161073825503
0.9999999999999982,"hp=='yes' AND sb=='[2.00,4.00]' AND sex=='female'",41.0,276.0,1049.2926829268292,1979.1666666666667,790.5309189708519,1110.36328487398,943.0,1788.0,3839.0,4556.0,71.0,41.0,0.5301689345314505,0.5274049217002237
0.9999999999999961,"hist-stage=='4' AND sb=='[2.00,4.00]'",34.0,276.0,859.4117647058823,1979.1666666666667,620.4819814252114,1110.36328487398,863.5,1788.0,2540.0,4556.0,41.0,41.0,0.43422910216718263,0.4829418344519016
