quality,subgroup,size_sg,size_dataset,mean_sg,mean_dataset,std_sg,std_dataset,median_sg,median_dataset,max_sg,max_dataset,min_sg,min_dataset,mean_lift,median_lift
0.9979194329289924,PATH_N_STAGE=='N1b' AND RISK_GROUP=='Intermediate' AND WGS_STATUS=='No',34.0,332.0,13.676470588235293,24.102409638554217,6.095903099793837,29.520082916524153,14.0,14.0,27.0,157.0,1.0,0.0,0.5674316714938912,1.0
0.9977690661135793,PATH_N_STAGE=='N1b' AND RISK_GROUP=='Intermediate',36.0,332.0,13.222222222222221,24.102409638554217,6.223214206640198,29.520082916524153,13.5,14.0,27.0,157.0,1.0,0.0,0.5485850759532339,0.9642857142857143
0.9970124564847535,HISTOLOGICAL_TYPE=='Classical' AND MRNA_CLUSTER=='5.0' AND RISK_GROUP=='Intermediate',38.0,332.0,34.23684210526316,24.102409638554217,46.66929240073815,29.520082916524153,14.0,14.0,157.0,157.0,0.0,0.0,1.4204738289111931,1.0
0.9956237955531315,HISTOLOGICAL_TYPE=='Classical' AND MRNA_CLUSTER=='5.0' AND WGS_STATUS=='No',40.0,332.0,32.325,24.102409638554217,45.216914700142915,29.520082916524153,15.5,14.0,157.0,157.0,0.0,0.0,1.3411522119470134,1.1071428571428572
0.9951040585198643,PATH_N_STAGE=='N1b' AND WGS_STATUS=='No',39.0,332.0,13.333333333333334,24.102409638554217,6.497862896539309,29.520082916524153,14.0,14.0,27.0,157.0,0.0,0.0,0.5531950345746897,1.0
0.9948205681709416,PATH_N_STAGE=='N1b',41.0,332.0,12.951219512195122,24.102409638554217,6.566549450321814,29.520082916524153,13.0,14.0,27.0,157.0,0.0,0.0,0.5373412744374881,0.9285714285714286
