quality,subgroup,size_sg,size_dataset,mean_sg,mean_dataset,std_sg,std_dataset,median_sg,median_dataset,max_sg,max_dataset,min_sg,min_dataset,mean_lift,median_lift
1.0,"los=='[3.00,34.80)' AND race=='0'",89.0,575.0,101.69662921348315,241.56521739130434,161.51581162340773,199.99466646952635,33.0,170.0,659.0,1172.0,4.0,4.0,0.42099036571456305,0.19411764705882353
0.9999999999999901,"los=='[3.00,34.80)'",115.0,575.0,120.04347826086956,241.56521739130434,172.73887764128625,199.99466646952635,38.0,170.0,659.0,1172.0,4.0,4.0,0.49694024478041754,0.2235294117647059
0.9999999999998359,"los=='[3.00,34.80)' AND race=='0' AND site=='0'",64.0,575.0,106.015625,241.56521739130434,163.37165185814635,199.99466646952635,31.5,170.0,659.0,1172.0,4.0,4.0,0.4388695779337653,0.18529411764705883
0.9999999999963207,"los=='[3.00,34.80)' AND treatment=='0'",60.0,575.0,106.81666666666666,241.56521739130434,164.44102201768945,199.99466646952635,31.5,170.0,659.0,1172.0,6.0,4.0,0.442185625149988,0.18529411764705883
0.9999999999320068,"los=='[3.00,34.80)' AND site=='0'",84.0,575.0,124.70238095238095,241.56521739130434,173.10874505171216,199.99466646952635,39.0,170.0,659.0,1172.0,4.0,4.0,0.5162265590181356,0.22941176470588234
0.9999999995721995,"los=='[173.00,400.00]'",116.0,575.0,398.86206896551727,241.56521739130434,150.2467451338151,199.99466646952635,398.5,170.0,708.0,1172.0,175.0,4.0,1.6511568729674042,2.3441176470588236
0.9999999880713503,"los=='[173.00,400.00]' AND treatment=='1'",85.0,575.0,412.09411764705885,241.56521739130434,149.95980822555416,199.99466646952635,436.0,170.0,708.0,1172.0,175.0,4.0,1.7059331724050313,2.5647058823529414
