quality,subgroup,size_sg,size_dataset,mean_sg,mean_dataset,std_sg,std_dataset,median_sg,median_dataset,max_sg,max_dataset,min_sg,min_dataset,mean_lift,median_lift
0.9999999176689749,"karno=='[10.00,40.00)'",22.0,137.0,28.318181818181817,121.62773722627738,29.651592573566095,157.2396936986393,19.5,80.0,144.0,999.0,1.0,1.0,0.23282667641426566,0.24375
0.9999826202143406,"karno=='[10.00,40.00)' AND pt=='no'",16.0,137.0,31.75,121.62773722627738,32.761448380680605,157.2396936986393,20.5,80.0,144.0,999.0,3.0,1.0,0.2610424293344536,0.25625
0.9966578605624803,cell-type=='small' AND treat=='test',18.0,137.0,47.166666666666664,121.62773722627738,35.96024038975392,157.2396936986393,27.0,80.0,103.0,999.0,2.0,1.0,0.3877953149692932,0.3375
0.9957323073720175,cell-type=='small' AND pt=='no' AND treat=='test',14.0,137.0,48.07142857142857,121.62773722627738,35.20848981569702,157.2396936986393,27.0,80.0,99.0,999.0,7.0,1.0,0.3952340943579016,0.3375
