id,sg,baseline,fitness,pvalue,mean_sg,mean_pop,mean_cpm,size_sg,size_pop,size_cpm
R0,(karnof=100),complement,0.999488,0.000512,229.888889,230.183319,230.337748,396,1151,755
R1,(strat2=1),complement,1.000000,0.000000,232.185393,230.183319,226.936219,712,1151,439
R2,"(cd4=[0.00,17.00)) & (txgrp=1)",complement,1.000000,0.000000,211.747826,230.183319,232.229730,115,1151,1036
R3,(strat2=0) & (tx=0),complement,1.000000,0.000000,216.577273,230.183319,233.398496,220,1151,931
R4,(strat2=0) & (ivdrug=1) & (hemophil=0),complement,1.000000,0.000000,222.798319,230.183319,233.503778,357,1151,794
R5,(strat2=0) & (txgrp=1),complement,1.000000,0.000000,217.351598,230.183319,233.198498,219,1151,932
R6,(tx=1),complement,0.998835,0.001165,236.846690,230.183319,223.554593,574,1151,577
