id,sg,baseline,fitness,pvalue,mean_sg,mean_pop,mean_cpm,size_sg,size_pop,size_cpm
R0,(strat2=1),complement,1.000000,0.000000,232.185393,230.183319,226.936219,712,1151,439
R1,(tx=0) & (strat2=0),complement,1.000000,0.000000,216.577273,230.183319,233.398496,220,1151,931
R2,(ivdrug=1) & (strat2=0),complement,1.000000,0.000000,222.827957,230.183319,233.695764,372,1151,779
R3,(tx=0),complement,0.998835,0.001165,223.554593,230.183319,236.846690,577,1151,574
R4,"(cd4=[0.00,17.00))",complement,1.000000,0.000000,224.205240,230.183319,231.668113,229,1151,922
R5,(strat2=0),complement,1.000000,0.000000,226.936219,230.183319,232.185393,439,1151,712
