id,sg,baseline,fitness,pvalue,mean_sg,mean_pop,mean_cpm,size_sg,size_pop,size_cpm
R0,(strat2=0) & (txgrp=1),complement,1.000000,0.000000,217.351598,230.183319,233.198498,219,1151,932
R1,(tx=1),complement,0.998835,0.001165,236.846690,230.183319,223.554593,574,1151,577
R2,(strat2=0) & (tx=0),complement,1.000000,0.000000,216.577273,230.183319,233.398496,220,1151,931
R3,(strat2=0),complement,1.000000,0.000000,226.936219,230.183319,232.185393,439,1151,712
R4,(strat2=1),complement,1.000000,0.000000,232.185393,230.183319,226.936219,712,1151,439
