id,sg,baseline,fitness,pvalue,mean_sg,mean_pop,mean_cpm,size_sg,size_pop,size_cpm
R0,(TUMOR_STATUS=WITH TUMOR),complement,1.000000,0.000000,20.520000,24.102410,24.394137,25,332,307
R1,(MRNA_CLUSTER=5.0),complement,0.998006,0.001994,26.323944,24.102410,23.498084,71,332,261
R2,(PATH_N_STAGE=N1b),complement,0.999304,0.000696,12.951220,24.102410,25.673540,41,332,291
R3,(RISK_GROUP=Low),complement,0.983971,0.016029,20.724409,24.102410,26.195122,127,332,205
R4,(TUMOR_STATUS=TUMOR FREE),complement,1.000000,0.000000,25.065292,24.102410,17.268293,291,332,41
R5,(MRNA_CLUSTER=5.0) & (MIRNA_CLUSTER=6.0) & (DISEASE_STAGE=Stage I),complement,0.999941,0.000059,25.166667,24.102410,24.019481,24,332,308
R6,(PATH_N_STAGE=N1b) & (HISTOLOGICAL_TYPE=Classical),complement,0.999987,0.000013,12.483871,24.102410,25.299003,31,332,301
R7,(WGS_STATUS=No) & (PATH_N_STAGE=N1b),complement,0.999374,0.000626,13.333333,24.102410,25.535836,39,332,293
