id,sg,baseline,fitness,pvalue,mean_sg,mean_pop,mean_cpm,size_sg,size_pop,size_cpm
R0,(condition=2.0),complement,1.000000,0.000000,322.279070,561.259067,629.766667,43,193,150
R1,"(age=[58.00,64.00)) & (t-staging=4)",complement,0.998621,0.001379,304.066667,561.259067,582.932584,15,193,178
R2,(t-staging=4),complement,0.997980,0.002020,425.742424,561.259067,631.685039,66,193,127
R3,(site=1) & (n-staging=3) & (sex=male),complement,0.999701,0.000299,305.850000,561.259067,590.786127,20,193,173
R4,(condition=1.0),complement,1.000000,0.000000,653.105634,561.259067,305.529412,142,193,51
