id,sg,baseline,fitness,pvalue,mean_sg,mean_pop,mean_cpm,size_sg,size_pop,size_cpm
R0,(TUMOR_STATUS=WITH TUMOR),complement,1.000000,0.000000,20.520000,24.102410,24.394137,25,332,307
R1,(TUMOR_STATUS=TUMOR FREE),complement,1.000000,0.000000,25.065292,24.102410,17.268293,291,332,41
R2,(MRNA_CLUSTER=5.0),complement,0.998006,0.001994,26.323944,24.102410,23.498084,71,332,261
R3,(PATH_N_STAGE=N1b) & (WGS_STATUS=No),complement,0.999374,0.000626,13.333333,24.102410,25.535836,39,332,293
R4,(PATH_N_STAGE=N1b) & (RISK_GROUP=Intermediate),complement,0.999776,0.000224,13.222222,24.102410,25.425676,36,332,296
R5,(PATH_N_STAGE=N1b),complement,0.999304,0.000696,12.951220,24.102410,25.673540,41,332,291
R6,(PATH_N_STAGE=N1b) & (HISTOLOGICAL_TYPE=Classical) & (RISK_GROUP=Intermediate),complement,0.999993,0.000007,13.107143,24.102410,25.115132,28,332,304
