id,sg,baseline,fitness,pvalue,mean_sg,mean_pop,mean_cpm,size_sg,size_pop,size_cpm
R0,"(size=[1.00,2.00))",complement,0.999530,0.000470,4526.034483,3935.316327,3687.043478,58,196,138
R1,"(X211762_s_at=[9.00,10.00))",complement,0.962703,0.037297,4586.928571,3935.316327,3885.192308,14,196,182
R2,"(X202240_at=[6.00,7.00))",complement,0.993422,0.006578,4778.021739,3935.316327,3676.886667,46,196,150
R3,"(X203306_s_at=[9.00,10.00])",complement,0.994025,0.005975,4219.224490,3935.316327,3651.408163,98,196,98
R4,"(X204015_s_at=[7.00,8.00))",complement,0.999423,0.000577,2907.148148,3935.316327,4099.579882,27,196,169
R5,"(X208180_s_at=[7.00,8.00])",complement,0.996162,0.003838,3540.764706,3935.316327,4144.921875,68,196,128
R6,"(X201664_at=[9.00,9.00)) & (er=positive)",complement,0.993228,0.006772,4738.615385,3935.316327,3645.236111,52,196,144
R7,"(size=[2.00,2.00])",complement,0.999574,0.000426,3661.294574,3935.316327,4462.910448,129,196,67
R8,(er=positive),complement,0.988382,0.011618,4186.742424,3935.316327,3416.750000,132,196,64
