id,sg,baseline,fitness,pvalue,mean_sg,mean_pop,mean_cpm,size_sg,size_pop,size_cpm
R0,"(X202240_at=[6.00,7.00))",complement,0.993422,0.006578,4778.021739,3935.316327,3676.886667,46,196,150
R1,"(X203306_s_at=[9.00,10.00])",complement,0.994025,0.005975,4219.224490,3935.316327,3651.408163,98,196,98
R2,"(size=[1.00,2.00))",complement,0.999530,0.000470,4526.034483,3935.316327,3687.043478,58,196,138
R3,"(X204015_s_at=[7.00,8.00))",complement,0.999423,0.000577,2907.148148,3935.316327,4099.579882,27,196,169
R4,"(X221928_at=[6.00,7.00])",complement,0.991543,0.008457,4168.409091,3935.316327,3637.174419,110,196,86
R5,(er=positive),complement,0.988382,0.011618,4186.742424,3935.316327,3416.750000,132,196,64
R6,"(X217404_s_at=[3.00,5.00)) & (X211762_s_at=[10.00,10.00))",complement,0.997026,0.002974,4520.062500,3935.316327,3821.219512,32,196,164
R7,"(size=[2.00,2.00])",complement,0.999574,0.000426,3661.294574,3935.316327,4462.910448,129,196,67
