id,sg,baseline,fitness,pvalue,mean_sg,mean_pop,mean_cpm,size_sg,size_pop,size_cpm
R0,"(los=[173.00,400.00])",complement,1.000000,0.000000,398.862069,241.565217,201.812636,116,575,459
R1,"(los=[3.00,34.80))",complement,1.000000,0.000000,120.043478,241.565217,271.945652,115,575,460
R2,"(los=[34.80,76.00))",complement,1.000000,0.000000,165.884956,241.565217,260.075758,113,575,462
