id,sg,baseline,fitness,pvalue,mean_sg,mean_pop,mean_cpm,size_sg,size_pop,size_cpm
R0,(strat2=1),complement,1.000000,0.000000,232.185393,230.183319,226.936219,712,1151,439
R1,"(cd4=[0.00,17.00))",complement,1.000000,0.000000,224.205240,230.183319,231.668113,229,1151,922
R2,(ivdrug=1) & (strat2=0),complement,1.000000,0.000000,222.827957,230.183319,233.695764,372,1151,779
R3,(ivdrug=1) & (strat2=0) & (hemophil=0),complement,1.000000,0.000000,222.798319,230.183319,233.503778,357,1151,794
R4,"(cd4=[148.00,392.00])",complement,0.999991,0.000009,228.713675,230.183319,230.558342,234,1151,917
R5,"(tx=0) & (cd4=[0.00,17.00))",complement,1.000000,0.000000,211.747826,230.183319,232.229730,115,1151,1036
R6,(strat2=0),complement,1.000000,0.000000,226.936219,230.183319,232.185393,439,1151,712
