id,sg,baseline,fitness,pvalue,mean_sg,mean_pop,mean_cpm,size_sg,size_pop,size_cpm
R0,(TUMOR_STATUS=TUMOR FREE),complement,1.000000,0.000000,25.065292,24.102410,17.268293,291,332,41
R1,(TUMOR_STATUS=WITH TUMOR),complement,1.000000,0.000000,20.520000,24.102410,24.394137,25,332,307
R2,(PATH_N_STAGE=N1b) & (WGS_STATUS=No) & (RISK_GROUP=Intermediate),complement,0.999803,0.000197,13.676471,24.102410,25.291946,34,332,298
R3,(PATH_N_STAGE=N1b),complement,0.999304,0.000696,12.951220,24.102410,25.673540,41,332,291
R4,(RISK_GROUP=Low),complement,0.983971,0.016029,20.724409,24.102410,26.195122,127,332,205
R5,(WGS_STATUS=No) & (PATH_N_STAGE=N1b),complement,0.999374,0.000626,13.333333,24.102410,25.535836,39,332,293
R6,(RISK_GROUP=Intermediate) & (PATH_N_STAGE=N1b),complement,0.999776,0.000224,13.222222,24.102410,25.425676,36,332,296
