id,sg,baseline,fitness,pvalue,mean_sg,mean_pop,mean_cpm,size_sg,size_pop,size_cpm
R0,(edema=1.0),complement,1.000000,0.000000,590.705882,1979.166667,2070.301158,17,276,259
R1,(ascites=yes),complement,1.000000,0.000000,633.789474,1979.166667,2078.630350,19,276,257
R2,"(sb=[2.00,4.00])",complement,1.000000,0.000000,1170.919355,1979.166667,2213.331776,62,276,214
R3,"(uc=[152.00,588.00])",complement,1.000000,0.000000,1370.087719,1979.166667,2137.694064,57,276,219
R4,"(albumin=[1.00,3.00))",complement,1.000000,0.000000,1061.520000,1979.166667,2070.565737,25,276,251
R5,"(albumin=[1.00,3.00)) & (ptb=[10.00,10.00])",complement,1.000000,0.000000,773.533333,1979.166667,2048.455939,15,276,261
R6,"(uc=[152.00,588.00]) & (sgot=[167.00,457.00]) & (sb=[2.00,4.00])",complement,1.000000,0.000000,806.000000,1979.166667,2046.590038,15,276,261
R7,"(uc=[152.00,588.00]) & (hp=yes)",complement,1.000000,0.000000,1100.153846,1979.166667,2123.814346,39,276,237
R8,(ascites=no),complement,1.000000,0.000000,2078.630350,1979.166667,633.789474,257,276,19
