id,sg,baseline,fitness,pvalue,mean_sg,mean_pop,mean_cpm,size_sg,size_pop,size_cpm
R0,(strat2=0),complement,1.000000,0.000000,226.936219,230.183319,232.185393,439,1151,712
R1,(strat2=0) & (txgrp=1),complement,1.000000,0.000000,217.351598,230.183319,233.198498,219,1151,932
R2,(ivdrug=1) & (strat2=0) & (hemophil=0),complement,1.000000,0.000000,222.798319,230.183319,233.503778,357,1151,794
R3,"(cd4=[0.00,17.00)) & (txgrp=1) & (strat2=0)",complement,1.000000,0.000000,211.601770,230.183319,232.206166,113,1151,1038
R4,(strat2=1),complement,1.000000,0.000000,232.185393,230.183319,226.936219,712,1151,439
