id,sg,baseline,fitness,pvalue,mean_sg,mean_pop,mean_cpm,size_sg,size_pop,size_cpm
R0,(strat2=0) & (tx=0),complement,1.000000,0.000000,216.577273,230.183319,233.398496,220,1151,931
R1,"(cd4=[0.00,17.00))",complement,1.000000,0.000000,224.205240,230.183319,231.668113,229,1151,922
R2,(strat2=1),complement,1.000000,0.000000,232.185393,230.183319,226.936219,712,1151,439
R3,(strat2=0) & (txgrp=1),complement,1.000000,0.000000,217.351598,230.183319,233.198498,219,1151,932
R4,"(cd4=[0.00,17.00)) & (strat2=0) & (txgrp=1)",complement,1.000000,0.000000,211.601770,230.183319,232.206166,113,1151,1038
R5,(strat2=0),complement,1.000000,0.000000,226.936219,230.183319,232.185393,439,1151,712
