id,sg,baseline,fitness,pvalue,mean_sg,mean_pop,mean_cpm,size_sg,size_pop,size_cpm
R0,"(pnodes=[4.00,8.00])",complement,1.000000,0.000000,834.720280,1124.489796,1200.801105,143,686,543
R1,"(estrec=[0.00,4.00))",complement,0.999989,0.000011,941.507812,1124.489796,1166.464158,128,686,558
R2,"(progrec=[0.00,3.00))",complement,1.000000,0.000000,877.813953,1124.489796,1181.619390,129,686,557
