id,sg,baseline,fitness,pvalue,mean_sg,mean_pop,mean_cpm,size_sg,size_pop,size_cpm
R0,(edema=1.0),complement,1.000000,0.000000,590.705882,1979.166667,2070.301158,17,276,259
R1,(ascites=yes),complement,1.000000,0.000000,633.789474,1979.166667,2078.630350,19,276,257
R2,"(sb=[2.00,4.00])",complement,1.000000,0.000000,1170.919355,1979.166667,2213.331776,62,276,214
R3,"(hp=yes) & (uc=[152.00,588.00])",complement,1.000000,0.000000,1100.153846,1979.166667,2123.814346,39,276,237
R4,"(uc=[152.00,588.00])",complement,1.000000,0.000000,1370.087719,1979.166667,2137.694064,57,276,219
