id,sg,baseline,fitness,pvalue,mean_sg,mean_pop,mean_cpm,size_sg,size_pop,size_cpm
R0,(condition=2.0),complement,1.000000,0.000000,322.279070,561.259067,629.766667,43,193,150
R1,(condition=1.0),complement,1.000000,0.000000,653.105634,561.259067,305.529412,142,193,51
R2,(site=1) & (n-staging=3) & (sex=male),complement,0.999701,0.000299,305.850000,561.259067,590.786127,20,193,173
