id,sg,baseline,fitness,pvalue,mean_sg,mean_pop,mean_cpm,size_sg,size_pop,size_cpm
R0,(strat2=0) & (tx=0),complement,1.000000,0.000000,216.577273,230.183319,233.398496,220,1151,931
R1,(ivdrug=1) & (strat2=0),complement,1.000000,0.000000,222.827957,230.183319,233.695764,372,1151,779
R2,(txgrp=1) & (strat2=0),complement,1.000000,0.000000,217.351598,230.183319,233.198498,219,1151,932
R3,(karnof=100),complement,0.999488,0.000512,229.888889,230.183319,230.337748,396,1151,755
R4,"(cd4=[0.00,17.00))",complement,1.000000,0.000000,224.205240,230.183319,231.668113,229,1151,922
R5,(strat2=0),complement,1.000000,0.000000,226.936219,230.183319,232.185393,439,1151,712
R6,(strat2=1),complement,1.000000,0.000000,232.185393,230.183319,226.936219,712,1151,439
