id,sg,baseline,fitness,pvalue,mean_sg,mean_pop,mean_cpm,size_sg,size_pop,size_cpm
R0,(TUMOR_STATUS=TUMOR FREE),complement,1.000000,0.000000,25.065292,24.102410,17.268293,291,332,41
R1,(TUMOR_STATUS=WITH TUMOR),complement,1.000000,0.000000,20.520000,24.102410,24.394137,25,332,307
R2,(PATH_N_STAGE=N1b),complement,0.999304,0.000696,12.951220,24.102410,25.673540,41,332,291
R3,(HISTOLOGICAL_TYPE=Classical) & (PATH_N_STAGE=N1b),complement,0.999987,0.000013,12.483871,24.102410,25.299003,31,332,301
R4,(PATH_N_STAGE=N1b) & (RISK_GROUP=Intermediate),complement,0.999776,0.000224,13.222222,24.102410,25.425676,36,332,296
R5,(SEX=Male) & (PATH_T_STAGE=T3) & (PATH_M_STAGE=M0),complement,0.999183,0.000817,13.750000,24.102410,24.909091,24,332,308
R6,(MRNA_CLUSTER=5.0),complement,0.998006,0.001994,26.323944,24.102410,23.498084,71,332,261
R7,(MRNA_CLUSTER=5.0) & (HISTOLOGICAL_TYPE=Classical),complement,0.999684,0.000316,30.571429,24.102410,22.982332,49,332,283
