id,sg,baseline,fitness,pvalue,mean_sg,mean_pop,mean_cpm,size_sg,size_pop,size_cpm
R0,"(age=[74.00,87.00])",complement,1.000000,0.000000,2673.717949,5390.130682,6163.416058,39,176,137
R1,"(alb=[2.00,3.00))",complement,0.996842,0.003158,3882.860465,5390.130682,5877.443609,43,176,133
R2,"(age=[34.00,53.00))",complement,1.000000,0.000000,8671.933333,5390.130682,4715.787671,30,176,146
R3,"(age=[74.00,87.00]) & (creat=[0.00,0.00]) & (alb=[2.00,3.00)) & (sex=male)",complement,1.000000,0.000000,979.222222,5390.130682,5627.844311,9,176,167
R4,"(age=[74.00,87.00]) & (pcdx=not-prog)",complement,1.000000,0.000000,2608.736842,5390.130682,6156.021739,38,176,138
R5,"(hgb=[7.00,11.00))",complement,0.965195,0.034805,3349.000000,5390.130682,5566.524691,14,176,162
