id,sg,baseline,fitness,pvalue,mean_sg,mean_pop,mean_cpm,size_sg,size_pop,size_cpm
R0,"(pnodes=[4.00,8.00])",complement,1.000000,0.000000,834.720280,1124.489796,1200.801105,143,686,543
R1,"(progrec=[0.00,3.00))",complement,1.000000,0.000000,877.813953,1124.489796,1181.619390,129,686,557
R2,(tgrade=I),complement,0.999942,0.000058,1331.790123,1124.489796,1096.735537,81,686,605
