id,sg,baseline,fitness,pvalue,mean_sg,mean_pop,mean_cpm,size_sg,size_pop,size_cpm
R0,"(age=[74.00,87.00])",complement,1.000000,0.000000,2673.717949,5390.130682,6163.416058,39,176,137
R1,"(hgb=[7.00,11.00))",complement,0.965195,0.034805,3349.000000,5390.130682,5566.524691,14,176,162
R2,"(age=[34.00,53.00))",complement,1.000000,0.000000,8671.933333,5390.130682,4715.787671,30,176,146
R3,"(sex=male) & (hgb=[7.00,11.00))",complement,0.999991,0.000009,2130.500000,5390.130682,5586.493976,10,176,166
R4,"(age=[66.00,74.00))",complement,0.993573,0.006427,4311.789474,5390.130682,5687.065217,38,176,138
R5,"(age=[74.00,87.00]) & (pcdx=not-prog)",complement,1.000000,0.000000,2608.736842,5390.130682,6156.021739,38,176,138
