{"actg320": {"R0": {"pval_logrank": 0.04894056091275434, "pval_ttest": 0.002248697767968598}, "R1": {"pval_logrank": 0.04894056091275434, "pval_ttest": 0.002248697767968598}, "R2": {"pval_logrank": 0.04894056091275434, "pval_ttest": 0.002248697767968598}, "R3": {"pval_logrank": 0.04894056091275434, "pval_ttest": 0.002248697767968598}}, "breast-cancer": {"R0": {"pval_logrank": 0.03556376266432448, "pval_ttest": 0.0007344110773013714}, "R1": {"pval_logrank": 0.03556376266432448, "pval_ttest": 0.0007344110773013714}, "R2": {"pval_logrank": 0.01102198109739061, "pval_ttest": 0.00046367735898730875}, "R3": {"pval_logrank": 0.01102198109739061, "pval_ttest": 0.00046367735898730875}, "R4": {"pval_logrank": 0.031842750146724885, "pval_ttest": 0.0006693685154799462}, "R5": {"pval_logrank": 0.0908523340861438, "pval_ttest": 0.001329542200813296}, "R6": {"pval_logrank": 0.023787208296021434, "pval_ttest": 0.00040289245556687553}, "R7": {"pval_logrank": 0.023787208296021434, "pval_ttest": 0.00040289245556687553}, "R8": {"pval_logrank": 0.0908523340861438, "pval_ttest": 0.00187073060239306}, "R9": {"pval_logrank": 0.009572280479443918, "pval_ttest": 0.0006617817061789386}}, "cancer": {"R0": {"pval_logrank": 0.20435669619950636, "pval_ttest": 0.061009738993182634}, "R1": {"pval_logrank": 0.20435669619950636, "pval_ttest": 0.061009738993182634}, "R2": {"pval_logrank": 0.13464725593085258, "pval_ttest": 0.21554202865395175}, "R3": {"pval_logrank": 0.13464725593085258, "pval_ttest": 0.21554202865395175}}, "carcinoma": {"R0": {"pval_logrank": 0.005242070167015056, "pval_ttest": 0.0018981309084441355}, "R1": {"pval_logrank": 0.005242070167015056, "pval_ttest": 0.0018981309084441355}, "R2": {"pval_logrank": 0.009082244969633946, "pval_ttest": 0.005430661140197526}, "R3": {"pval_logrank": 0.009082244969633946, "pval_ttest": 0.005430661140197526}, "R4": {"pval_logrank": 0.03442897124285127, "pval_ttest": 0.004604231195635263}, "R5": {"pval_logrank": 0.03442897124285127, "pval_ttest": 0.004604231195635263}}, "gbsg2": {"R0": {"pval_logrank": 0.000439571597077526, "pval_ttest": 0.0001448978343513837}, "R1": {"pval_logrank": 0.0021721362496253116, "pval_ttest": 0.002173879481568226}, "R2": {"pval_logrank": 0.07510983270008909, "pval_ttest": 0.0029750083397282728}, "R3": {"pval_logrank": 0.07510983270008909, "pval_ttest": 0.0029750083397282728}, "R4": {"pval_logrank": 0.023186117585001775, "pval_ttest": 0.0019809769899355816}, "R5": {"pval_logrank": 0.023186117585001775, "pval_ttest": 0.0019809769899355816}}, "lung": {"R0": {"pval_logrank": 0.0, "pval_ttest": 2.1440957859388948e-14}, "R1": {"pval_logrank": 0.0, "pval_ttest": 2.1440957859388948e-14}, "R2": {"pval_logrank": 0.0, "pval_ttest": 2.1440957859388948e-14}, "R3": {"pval_logrank": 0.0, "pval_ttest": 2.1440957859388948e-14}}, "melanoma": {"R0": {"pval_logrank": 0.07246885685584803, "pval_ttest": 0.005017266747324851}, "R1": {"pval_logrank": 0.07246885685584803, "pval_ttest": 0.005017266747324851}, "R2": {"pval_logrank": 0.36669794641454767, "pval_ttest": 0.0009642340590034453}}, "mgus2": {"R0": {"pval_logrank": 0.0, "pval_ttest": 2.368254163375857e-112}, "R1": {"pval_logrank": 0.0, "pval_ttest": 2.7620215286506777e-102}, "R2": {"pval_logrank": 0.0, "pval_ttest": 2.7620215286506777e-102}, "R3": {"pval_logrank": 0.0, "pval_ttest": 1.6203630204574184e-90}, "R4": {"pval_logrank": 0.0, "pval_ttest": 1.6203630204574184e-90}, "R5": {"pval_logrank": 0.0, "pval_ttest": 2.255998456167321e-80}}, "mgus": {"R0": {"pval_logrank": 4.232369513146317e-05, "pval_ttest": 3.351786632887033e-06}, "R1": {"pval_logrank": 4.232369513146317e-05, "pval_ttest": 3.351786632887033e-06}, "R2": {"pval_logrank": 6.665326188248777e-05, "pval_ttest": 1.0012422241802219e-05}, "R3": {"pval_logrank": 0.0001205573729100573, "pval_ttest": 2.233120909989253e-05}}, "pbc": {"R0": {"pval_logrank": 1.0900534222035851e-05, "pval_ttest": 8.005549390326808e-07}, "R1": {"pval_logrank": 1.0900534222035851e-05, "pval_ttest": 8.005549390326808e-07}, "R2": {"pval_logrank": 1.0900534222035851e-05, "pval_ttest": 8.005549390326808e-07}, "R3": {"pval_logrank": 1.0900534222035851e-05, "pval_ttest": 8.005549390326808e-07}, "R4": {"pval_logrank": 1.0900534222035851e-05, "pval_ttest": 8.005549390326808e-07}, "R5": {"pval_logrank": 1.0900534222035851e-05, "pval_ttest": 8.005549390326808e-07}, "R6": {"pval_logrank": 1.3502199120996039e-05, "pval_ttest": 8.295973559099554e-07}}, "ptc": {"R0": {"pval_logrank": 0.15682825090923547, "pval_ttest": 0.003035415156738711}, "R1": {"pval_logrank": 0.15682825090923547, "pval_ttest": 0.003035415156738711}, "R2": {"pval_logrank": 0.13139186106748713, "pval_ttest": 0.0017832966159204175}, "R3": {"pval_logrank": 0.13139186106748713, "pval_ttest": 0.0017832966159204175}, "R4": {"pval_logrank": 0.13139186106748713, "pval_ttest": 0.0017832966159204175}, "R5": {"pval_logrank": 0.13139186106748713, "pval_ttest": 0.0017832966159204175}}, "uis": {"R0": {"pval_logrank": 4.2780046172197217e-10, "pval_ttest": 4.7281995515915686e-15}, "R1": {"pval_logrank": 1.1928649734649355e-08, "pval_ttest": 1.5412985418721278e-13}, "R2": {"pval_logrank": 1.1928649734649355e-08, "pval_ttest": 1.5412985418721278e-13}, "R3": {"pval_logrank": 2.1932355609433074e-07, "pval_ttest": 1.9592447676755105e-11}, "R4": {"pval_logrank": 2.1932355609433074e-07, "pval_ttest": 1.9592447676755105e-11}, "R5": {"pval_logrank": 3.040400170406521e-06, "pval_ttest": 3.1113644778510193e-10}, "R6": {"pval_logrank": 3.040400170406521e-06, "pval_ttest": 3.1113644778510193e-10}}, "veteran": {"R0": {"pval_logrank": 0.08597505176831355, "pval_ttest": 0.09151274308949207}, "R1": {"pval_logrank": 0.08597505176831355, "pval_ttest": 0.09151274308949207}, "R2": {"pval_logrank": 0.010941769449720251, "pval_ttest": 0.0017419927901019452}, "R3": {"pval_logrank": 0.010941769449720251, "pval_ttest": 0.0017419927901019452}}, "whas500": {"R0": {"pval_logrank": 0.0003704259424047729, "pval_ttest": 6.046416034851845e-06}, "R1": {"pval_logrank": 0.0003704259424047729, "pval_ttest": 6.046416034851845e-06}, "R2": {"pval_logrank": 0.00033398964177722146, "pval_ttest": 1.6541146279713765e-05}, "R3": {"pval_logrank": 0.00033398964177722146, "pval_ttest": 1.6541146279713765e-05}, "R4": {"pval_logrank": 0.00033398964177722146, "pval_ttest": 1.6541146279713765e-05}, "R5": {"pval_logrank": 0.00033398964177722146, "pval_ttest": 1.6541146279713765e-05}}}