{"actg320": {"R0": {"R0": 1.0, "R1": 1.0, "R2": 1.0, "R3": 1.0}, "R1": {"R0": 1.0, "R1": 1.0, "R2": 1.0, "R3": 1.0}, "R2": {"R0": 1.0, "R1": 1.0, "R2": 1.0, "R3": 1.0}, "R3": {"R0": 1.0, "R1": 1.0, "R2": 1.0, "R3": 1.0}}, "breast-cancer": {"R0": {"R0": 1.0, "R1": 1.0, "R2": 0.31731050786291415, "R3": 0.31731050786291415, "R4": 1.0, "R5": 0.548811913052093, "R6": 0.31731050786291415, "R7": 0.31731050786291415, "R8": 0.548811913052093, "R9": 0.31731050786291415}, "R1": {"R0": 1.0, "R1": 1.0, "R2": 0.31731050786291415, "R3": 0.31731050786291415, "R4": 1.0, "R5": 0.548811913052093, "R6": 0.31731050786291415, "R7": 0.31731050786291415, "R8": 0.548811913052093, "R9": 0.31731050786291415}, "R2": {"R0": 0.31731050786291415, "R1": 0.31731050786291415, "R2": 1.0, "R3": 1.0, "R4": 0.33113745926897054, "R5": 0.15169033400214615, "R6": 1.0, "R7": 1.0, "R8": 0.15169033400214615, "R9": 1.0}, "R3": {"R0": 0.31731050786291415, "R1": 0.31731050786291415, "R2": 1.0, "R3": 1.0, "R4": 0.33113745926897054, "R5": 0.15169033400214615, "R6": 1.0, "R7": 1.0, "R8": 0.15169033400214615, "R9": 1.0}, "R4": {"R0": 1.0, "R1": 1.0, "R2": 0.33113745926897054, "R3": 0.33113745926897054, "R4": 1.0, "R5": 0.5421220223343216, "R6": 0.30423105299990016, "R7": 0.30423105299990016, "R8": 0.5421220223343216, "R9": 0.33113745926897054}, "R5": {"R0": 0.548811913052093, "R1": 0.548811913052093, "R2": 0.15169033400214615, "R3": 0.15169033400214615, "R4": 0.5421220223343216, "R5": 1.0, "R6": 0.15686777731503854, "R7": 0.15686777731503854, "R8": 1.0, "R9": 0.15169033400214615}, "R6": {"R0": 0.31731050786291415, "R1": 0.31731050786291415, "R2": 1.0, "R3": 1.0, "R4": 0.30423105299990016, "R5": 0.15686777731503854, "R6": 1.0, "R7": 1.0, "R8": 0.15686777731503843, "R9": 1.0}, "R7": {"R0": 0.31731050786291415, "R1": 0.31731050786291415, "R2": 1.0, "R3": 1.0, "R4": 0.30423105299990016, "R5": 0.15686777731503854, "R6": 1.0, "R7": 1.0, "R8": 0.15686777731503843, "R9": 1.0}, "R8": {"R0": 0.548811913052093, "R1": 0.548811913052093, "R2": 0.15169033400214615, "R3": 0.15169033400214615, "R4": 0.5421220223343216, "R5": 1.0, "R6": 0.15686777731503843, "R7": 0.15686777731503843, "R8": 1.0, "R9": 0.15169033400214615}, "R9": {"R0": 0.31731050786291415, "R1": 0.31731050786291415, "R2": 1.0, "R3": 1.0, "R4": 0.33113745926897054, "R5": 0.15169033400214615, "R6": 1.0, "R7": 1.0, "R8": 0.15169033400214615, "R9": 1.0}}, "cancer": {"R0": {"R0": 1.0, "R1": 1.0, "R2": 0.8622297350901841, "R3": 0.8622297350901841}, "R1": {"R0": 1.0, "R1": 1.0, "R2": 0.8622297350901841, "R3": 0.8622297350901841}, "R2": {"R0": 0.8622297350901841, "R1": 0.8622297350901841, "R2": 1.0, "R3": 1.0}, "R3": {"R0": 0.8622297350901841, "R1": 0.8622297350901841, "R2": 1.0, "R3": 1.0}}, "carcinoma": {"R0": {"R0": 1.0, "R1": 1.0, "R2": 0.34969663767160264, "R3": 0.34969663767160264, "R4": 0.7985113525663352, "R5": 0.7985113525663352}, "R1": {"R0": 1.0, "R1": 1.0, "R2": 0.34969663767160264, "R3": 0.34969663767160264, "R4": 0.7985113525663352, "R5": 0.7985113525663352}, "R2": {"R0": 0.34969663767160264, "R1": 0.34969663767160264, "R2": 1.0, "R3": 1.0, "R4": 0.641103046858049, "R5": 0.641103046858049}, "R3": {"R0": 0.34969663767160264, "R1": 0.34969663767160264, "R2": 1.0, "R3": 1.0, "R4": 0.641103046858049, "R5": 0.641103046858049}, "R4": {"R0": 0.7985113525663352, "R1": 0.7985113525663352, "R2": 0.641103046858049, "R3": 0.641103046858049, "R4": 1.0, "R5": 1.0}, "R5": {"R0": 0.7985113525663352, "R1": 0.7985113525663352, "R2": 0.641103046858049, "R3": 0.641103046858049, "R4": 1.0, "R5": 1.0}}, "gbsg2": {"R0": {"R0": 1.0, "R1": 0.9257038091510152, "R2": 0.1650262887299394, "R3": 0.1650262887299394, "R4": 0.8075874479029388, "R5": 0.8075874479029388}, "R1": {"R0": 0.9257038091510152, "R1": 1.0, "R2": 0.1692954772136408, "R3": 0.1692954772136408, "R4": 0.7561168522465541, "R5": 0.7561168522465541}, "R2": {"R0": 0.1650262887299394, "R1": 0.1692954772136408, "R2": 1.0, "R3": 1.0, "R4": 0.3531251805517214, "R5": 0.3531251805517214}, "R3": {"R0": 0.1650262887299394, "R1": 0.1692954772136408, "R2": 1.0, "R3": 1.0, "R4": 0.3531251805517214, "R5": 0.3531251805517214}, "R4": {"R0": 0.8075874479029388, "R1": 0.7561168522465541, "R2": 0.3531251805517214, "R3": 0.3531251805517214, "R4": 1.0, "R5": 1.0}, "R5": {"R0": 0.8075874479029388, "R1": 0.7561168522465541, "R2": 0.3531251805517214, "R3": 0.3531251805517214, "R4": 1.0, "R5": 1.0}}, "lung": {"R0": {"R0": 1.0, "R1": 1.0, "R2": 1.0, "R3": 1.0}, "R1": {"R0": 1.0, "R1": 1.0, "R2": 1.0, "R3": 1.0}, "R2": {"R0": 1.0, "R1": 1.0, "R2": 1.0, "R3": 1.0}, "R3": {"R0": 1.0, "R1": 1.0, "R2": 1.0, "R3": 1.0}}, "melanoma": {"R0": {"R0": 1.0, "R1": 1.0, "R2": 0.5176944165281342}, "R1": {"R0": 1.0, "R1": 1.0, "R2": 0.5176944165281342}, "R2": {"R0": 0.5176944165281342, "R1": 0.5176944165281342, "R2": 1.0}}, "mgus2": {"R0": {"R0": 1.0, "R1": 0.8756245039789349, "R2": 0.8756245039789349, "R3": 0.940193791131432, "R4": 0.940193791131432, "R5": 0.9954607424801618}, "R1": {"R0": 0.8756245039789349, "R1": 1.0, "R2": 1.0, "R3": 0.8064095351945368, "R4": 0.8064095351945368, "R5": 0.8689720233354217}, "R2": {"R0": 0.8756245039789349, "R1": 1.0, "R2": 1.0, "R3": 0.8064095351945368, "R4": 0.8064095351945368, "R5": 0.8689720233354217}, "R3": {"R0": 0.940193791131432, "R1": 0.8064095351945368, "R2": 0.8064095351945368, "R3": 1.0, "R4": 1.0, "R5": 0.9250481803415596}, "R4": {"R0": 0.940193791131432, "R1": 0.8064095351945368, "R2": 0.8064095351945368, "R3": 1.0, "R4": 1.0, "R5": 0.9250481803415596}, "R5": {"R0": 0.9954607424801618, "R1": 0.8689720233354217, "R2": 0.8689720233354217, "R3": 0.9250481803415596, "R4": 0.9250481803415596, "R5": 1.0}}, "mgus": {"R0": {"R0": 1.0, "R1": 1.0, "R2": 0.4306515544737768, "R3": 0.5989276077472017}, "R1": {"R0": 1.0, "R1": 1.0, "R2": 0.4306515544737768, "R3": 0.5989276077472017}, "R2": {"R0": 0.4306515544737768, "R1": 0.4306515544737768, "R2": 1.0, "R3": 0.8179319144103474}, "R3": {"R0": 0.5989276077472017, "R1": 0.5989276077472017, "R2": 0.8179319144103474, "R3": 1.0}}, "pbc": {"R0": {"R0": 1.0, "R1": 1.0, "R2": 1.0, "R3": 1.0, "R4": 1.0, "R5": 1.0, "R6": 0.9894636829487602}, "R1": {"R0": 1.0, "R1": 1.0, "R2": 1.0, "R3": 1.0, "R4": 1.0, "R5": 1.0, "R6": 0.9894636829487602}, "R2": {"R0": 1.0, "R1": 1.0, "R2": 1.0, "R3": 1.0, "R4": 1.0, "R5": 1.0, "R6": 0.9894636829487602}, "R3": {"R0": 1.0, "R1": 1.0, "R2": 1.0, "R3": 1.0, "R4": 1.0, "R5": 1.0, "R6": 0.9894636829487602}, "R4": {"R0": 1.0, "R1": 1.0, "R2": 1.0, "R3": 1.0, "R4": 1.0, "R5": 1.0, "R6": 0.9894636829487602}, "R5": {"R0": 1.0, "R1": 1.0, "R2": 1.0, "R3": 1.0, "R4": 1.0, "R5": 1.0, "R6": 0.9894636829487602}, "R6": {"R0": 0.9894636829487602, "R1": 0.9894636829487602, "R2": 0.9894636829487602, "R3": 0.9894636829487602, "R4": 0.9894636829487602, "R5": 0.9894636829487602, "R6": 1.0}}, "ptc": {"R0": {"R0": 1.0, "R1": 1.0, "R2": 0.9573715764906132, "R3": 0.9573715764906132, "R4": 0.9573715764906132, "R5": 0.9573715764906132}, "R1": {"R0": 1.0, "R1": 1.0, "R2": 0.9573715764906132, "R3": 0.9573715764906132, "R4": 0.9573715764906132, "R5": 0.9573715764906132}, "R2": {"R0": 0.9573715764906132, "R1": 0.9573715764906132, "R2": 1.0, "R3": 1.0, "R4": 1.0, "R5": 1.0}, "R3": {"R0": 0.9573715764906132, "R1": 0.9573715764906132, "R2": 1.0, "R3": 1.0, "R4": 1.0, "R5": 1.0}, "R4": {"R0": 0.9573715764906132, "R1": 0.9573715764906132, "R2": 1.0, "R3": 1.0, "R4": 1.0, "R5": 1.0}, "R5": {"R0": 0.9573715764906132, "R1": 0.9573715764906132, "R2": 1.0, "R3": 1.0, "R4": 1.0, "R5": 1.0}}, "uis": {"R0": {"R0": 1.0, "R1": 0.6800776891549335, "R2": 0.6800776891549335, "R3": 0.661518300918375, "R4": 0.661518300918375, "R5": 0.9679724761929179, "R6": 0.9679724761929179}, "R1": {"R0": 0.6800776891549335, "R1": 1.0, "R2": 1.0, "R3": 0.4196195936368946, "R4": 0.4196195936368946, "R5": 0.7436612804939754, "R6": 0.7436612804939754}, "R2": {"R0": 0.6800776891549335, "R1": 1.0, "R2": 1.0, "R3": 0.4196195936368946, "R4": 0.4196195936368946, "R5": 0.7436612804939754, "R6": 0.7436612804939754},