{"actg320": {"R0": {"R0": 1.0, "R1": 1.0, "R2": 1.0, "R3": 1.0}, "R1": {"R0": 1.0, "R1": 1.0, "R2": 1.0, "R3": 1.0}, "R2": {"R0": 1.0, "R1": 1.0, "R2": 1.0, "R3": 1.0}, "R3": {"R0": 1.0, "R1": 1.0, "R2": 1.0, "R3": 1.0}}, "breast-cancer": {"R0": {"R0": 1.0, "R1": 1.0, "R2": 0.15, "R3": 0.15, "R4": 0.25, "R5": 0.7, "R6": 0.35, "R7": 0.35, "R8": 0.8, "R9": 0.15}, "R1": {"R0": 1.0, "R1": 1.0, "R2": 0.15, "R3": 0.15, "R4": 0.25, "R5": 0.7, "R6": 0.35, "R7": 0.35, "R8": 0.8, "R9": 0.15}, "R2": {"R0": 0.15, "R1": 0.15, "R2": 1.0, "R3": 1.0, "R4": 0.2, "R5": 0.15, "R6": 0.05, "R7": 0.05, "R8": 0.15, "R9": 1.0}, "R3": {"R0": 0.15, "R1": 0.15, "R2": 1.0, "R3": 1.0, "R4": 0.2, "R5": 0.15, "R6": 0.05, "R7": 0.05, "R8": 0.15, "R9": 1.0}, "R4": {"R0": 0.25, "R1": 0.25, "R2": 0.2, "R3": 0.2, "R4": 1.0, "R5": 0.2, "R6": 0.2, "R7": 0.2, "R8": 0.2, "R9": 0.2}, "R5": {"R0": 0.7, "R1": 0.7, "R2": 0.15, "R3": 0.15, "R4": 0.2, "R5": 1.0, "R6": 0.3, "R7": 0.3, "R8": 0.9, "R9": 0.15}, "R6": {"R0": 0.35, "R1": 0.35, "R2": 0.05, "R3": 0.05, "R4": 0.2, "R5": 0.3, "R6": 1.0, "R7": 1.0, "R8": 0.35, "R9": 0.05}, "R7": {"R0": 0.35, "R1": 0.35, "R2": 0.05, "R3": 0.05, "R4": 0.2, "R5": 0.3, "R6": 1.0, "R7": 1.0, "R8": 0.35, "R9": 0.05}, "R8": {"R0": 0.8, "R1": 0.8, "R2": 0.15, "R3": 0.15, "R4": 0.2, "R5": 0.9, "R6": 0.35, "R7": 0.35, "R8": 1.0, "R9": 0.15}, "R9": {"R0": 0.15, "R1": 0.15, "R2": 1.0, "R3": 1.0, "R4": 0.2, "R5": 0.15, "R6": 0.05, "R7": 0.05, "R8": 0.15, "R9": 1.0}}, "cancer": {"R0": {"R0": 1.0, "R1": 1.0, "R2": 0.1724137931034483, "R3": 0.1724137931034483}, "R1": {"R0": 1.0, "R1": 1.0, "R2": 0.1724137931034483, "R3": 0.1724137931034483}, "R2": {"R0": 0.1724137931034483, "R1": 0.1724137931034483, "R2": 1.0, "R3": 1.0}, "R3": {"R0": 0.1724137931034483, "R1": 0.1724137931034483, "R2": 1.0, "R3": 1.0}}, "carcinoma": {"R0": {"R0": 1.0, "R1": 1.0, "R2": 0.43333333333333335, "R3": 0.43333333333333335, "R4": 0.5454545454545454, "R5": 0.5454545454545454}, "R1": {"R0": 1.0, "R1": 1.0, "R2": 0.43333333333333335, "R3": 0.43333333333333335, "R4": 0.5454545454545454, "R5": 0.5454545454545454}, "R2": {"R0": 0.43333333333333335, "R1": 0.43333333333333335, "R2": 1.0, "R3": 1.0, "R4": 0.0, "R5": 0.0}, "R3": {"R0": 0.43333333333333335, "R1": 0.43333333333333335, "R2": 1.0, "R3": 1.0, "R4": 0.0, "R5": 0.0}, "R4": {"R0": 0.5454545454545454, "R1": 0.5454545454545454, "R2": 0.0, "R3": 0.0, "R4": 1.0, "R5": 1.0}, "R5": {"R0": 0.5454545454545454, "R1": 0.5454545454545454, "R2": 0.0, "R3": 0.0, "R4": 1.0, "R5": 1.0}}, "gbsg2": {"R0": {"R0": 1.0, "R1": 0.25925925925925924, "R2": 0.24539877300613497, "R3": 0.24539877300613497, "R4": 0.28888888888888886, "R5": 0.28888888888888886}, "R1": {"R0": 0.25925925925925924, "R1": 1.0, "R2": 0.25925925925925924, "R3": 0.25925925925925924, "R4": 1.0, "R5": 1.0}, "R2": {"R0": 0.24539877300613497, "R1": 0.25925925925925924, "R2": 1.0, "R3": 1.0, "R4": 0.3888888888888889, "R5": 0.3888888888888889}, "R3": {"R0": 0.24539877300613497, "R1": 0.25925925925925924, "R2": 1.0, "R3": 1.0, "R4": 0.3888888888888889, "R5": 0.3888888888888889}, "R4": {"R0": 0.28888888888888886, "R1": 1.0, "R2": 0.3888888888888889, "R3": 0.3888888888888889, "R4": 1.0, "R5": 1.0}, "R5": {"R0": 0.28888888888888886, "R1": 1.0, "R2": 0.3888888888888889, "R3": 0.3888888888888889, "R4": 1.0, "R5": 1.0}}, "lung": {"R0": {"R0": 1.0, "R1": 1.0, "R2": 1.0, "R3": 1.0}, "R1": {"R0": 1.0, "R1": 1.0, "R2": 1.0, "R3": 1.0}, "R2": {"R0": 1.0, "R1": 1.0, "R2": 1.0, "R3": 1.0}, "R3": {"R0": 1.0, "R1": 1.0, "R2": 1.0, "R3": 1.0}}, "melanoma": {"R0": {"R0": 1.0, "R1": 1.0, "R2": 0.0}, "R1": {"R0": 1.0, "R1": 1.0, "R2": 0.0}, "R2": {"R0": 0.0, "R1": 0.0, "R2": 1.0}}, "mgus2": {"R0": {"R0": 1.0, "R1": 1.0, "R2": 1.0, "R3": 1.0, "R4": 1.0, "R5": 1.0}, "R1": {"R0": 1.0, "R1": 1.0, "R2": 1.0, "R3": 0.9175257731958762, "R4": 0.9175257731958762, "R5": 1.0}, "R2": {"R0": 1.0, "R1": 1.0, "R2": 1.0, "R3": 0.9175257731958762, "R4": 0.9175257731958762, "R5": 1.0}, "R3": {"R0": 1.0, "R1": 0.9175257731958762, "R2": 0.9175257731958762, "R3": 1.0, "R4": 1.0, "R5": 1.0}, "R4": {"R0": 1.0, "R1": 0.9175257731958762, "R2": 0.9175257731958762, "R3": 1.0, "R4": 1.0, "R5": 1.0}, "R5": {"R0": 1.0, "R1": 1.0, "R2": 1.0, "R3": 1.0, "R4": 1.0, "R5": 1.0}}, "mgus": {"R0": {"R0": 1.0, "R1": 1.0, "R2": 1.0, "R3": 0.7}, "R1": {"R0": 1.0, "R1": 1.0, "R2": 1.0, "R3": 0.7}, "R2": {"R0": 1.0, "R1": 1.0, "R2": 1.0, "R3": 1.0}, "R3": {"R0": 0.7, "R1": 0.7, "R2": 1.0, "R3": 1.0}}, "pbc": {"R0": {"R0": 1.0, "R1": 1.0, "R2": 1.0, "R3": 1.0, "R4": 1.0, "R5": 1.0, "R6": 1.0}, "R1": {"R0": 1.0, "R1": 1.0, "R2": 1.0, "R3": 1.0, "R4": 1.0, "R5": 1.0, "R6": 1.0}, "R2": {"R0": 1.0, "R1": 1.0, "R2": 1.0, "R3": 1.0, "R4": 1.0, "R5": 1.0, "R6": 1.0}, "R3": {"R0": 1.0, "R1": 1.0, "R2": 1.0, "R3": 1.0, "R4": 1.0, "R5": 1.0, "R6": 1.0}, "R4": {"R0": 1.0, "R1": 1.0, "R2": 1.0, "R3": 1.0, "R4": 1.0, "R5": 1.0, "R6": 1.0}, "R5": {"R0": 1.0, "R1": 1.0, "R2": 1.0, "R3": 1.0, "R4": 1.0, "R5": 1.0, "R6": 1.0}, "R6": {"R0": 1.0, "R1": 1.0, "R2": 1.0, "R3": 1.0, "R4": 1.0, "R5": 1.0, "R6": 1.0}}, "ptc": {"R0": {"R0": 1.0, "R1": 1.0, "R2": 1.0, "R3": 1.0, "R4": 1.0, "R5": 1.0}, "R1": {"R0": 1.0, "R1": 1.0, "R2": 1.0, "R3": 1.0, "R4": 1.0, "R5": 1.0}, "R2": {"R0": 1.0, "R1": 1.0, "R2": 1.0, "R3": 1.0, "R4": 1.0, "R5": 1.0}, "R3": {"R0": 1.0, "R1": 1.0, "R2": 1.0, "R3": 1.0, "R4": 1.0, "R5": 1.0}, "R4": {"R0": 1.0, "R1": 1.0, "R2": 1.0, "R3": 1.0, "R4": 1.0, "R5": 1.0}, "R5": {"R0": 1.0, "R1": 1.0, "R2": 1.0, "R3": 1.0, "R4": 1.0, "R5": 1.0}}, "uis": {"R0": {"R0": 1.0, "R1": 1.0, "R2": 1.0, "R3": 1.0, "R4": 1.0, "R5": 1.0, "R6": 1.0}, "R1": {"R0": 1.0, "R1": 1.0, "R2": 1.0, "R3": 0.7411764705882353, "R4": 0.7411764705882353, "R5": 1.0, "R6": 1.0}, "R2": {"R0": 1.0, "R1": 1.0, "R2": 1.0, "R3": 0.7411764705882353, "R4": 0.7411764705882353, "R5": 1.0, "R6": 1.0}, "R3": {"R0": 1.0, "R1": 0.7411764705882353, "R2": 0.7411764705882353, "R3": 1.0, "R4": 1.0, "R5": 1.0, "R6": 1.0}, "R4": {"R0": 1.0, "R1": 0.7411764705882353, "R2": 0.7411764705882353, "R3": 1.0, "R4": 1.0, "R5": 1.0, "R6": 1.0}, "R5": {"R0": 1.0, "R1": 1.0, "R2": 1.0, "R3": 1.0, "R4": 1.0, "R5": 1.0, "R6": 1.0}, "R6": {"R0": 1.0, "R1": 1.0, "R2": 1.0, "R3": 1.0, "R4": 1.0, "R5": 1.0, "R6": 1.0}}, "veteran": {"R0": {"R0": 1.0, "R1": 1.0, "R2": 0.0, "R3": 0.0}, "R1": {"R0": 1.0, "R1": 1.0, "R2": 0.0, "R3": 0.0}, "R2": {"R0": 0.0, "R1": 0.0, "R2": 1.0, "R3": 1.0}, "R3": {"R0": 0.0, "R1": 0.0, "R2": 1.0, "R3": 1.0}}, "whas500": {"R0": {"R0": 1.0, "R1": 1.0, "R2": 1.0, "R3": 1.0, "R4": 1.0, "R5": 1.0}, "R1": {"R0": 1.0, "R1": 1.0, "R2": 1.0, "R3": 1.0, "R4": 1.0, "R5": 1.0}, "R2": {"R0": 1.0, "R1": 1.0, "R2": 1.0, "R3": 1.0, "R4": 1.0, "R5": 1.0}, "R3": {"R0": 1.0, "R1": 1.0, "R2": 1.0, "R3": 1.0, "R4": 1.0, "R5": 1.0}, "R4": {"R0": 1.0, "R1": 1.0, "R2": 1.0, "R3": 1.0, "R4": 1.0, "R5": 1.0}, "R5": {"R0": 1.0, "R1": 1.0, "R2": 1.0, "R3": 1.0, "R4": 1.0, "R5": 1.0}}}