id,sg,baseline,fitness,pvalue,mean_sg,mean_pop,mean_cpm,size_sg,size_pop,size_cpm
R0,(PATH_N_STAGE=N1b) & (RISK_GROUP=Intermediate),population,0.997769,0.002231,13.222222,24.102410,25.425676,36,332,296
R1,(PATH_N_STAGE=N1b),population,0.994821,0.005179,12.951220,24.102410,25.673540,41,332,291
R2,(PATH_N_STAGE=N1b) & (WGS_STATUS=No),population,0.995104,0.004896,13.333333,24.102410,25.535836,39,332,293
R3,(PATH_N_STAGE=N0) & (TUMOR_STATUS=TUMOR FREE),population,0.988004,0.011996,25.134752,24.102410,23.340314,141,332,191
R4,(TUMOR_STATUS=TUMOR FREE) & (PATH_N_STAGE=N0) & (SEX=Female),population,0.991020,0.008980,25.944954,24.102410,23.201794,109,332,223
R5,(MRNA_CLUSTER=5.0),population,0.973331,0.026669,26.323944,24.102410,23.498084,71,332,261
R6,(HISTOLOGICAL_TYPE=Classical) & (MRNA_CLUSTER=5.0),population,0.993961,0.006039,30.571429,24.102410,22.982332,49,332,283
R7,(MRNA_CLUSTER=5.0) & (MIRNA_CLUSTER=6.0),population,0.988577,0.011423,27.620690,24.102410,23.357664,58,332,274
