id,sg,baseline,fitness,pvalue,mean_sg,mean_pop,mean_cpm,size_sg,size_pop,size_cpm
R0,"(cd4=[0.00,17.00))",population,0.999994,0.000006,224.205240,230.183319,231.668113,229,1151,922
R1,"(cd4=[98.00,148.00))",population,0.993609,0.006391,236.013100,230.183319,228.735358,229,1151,922
R2,(strat2=1),population,0.999538,0.000462,232.185393,230.183319,226.936219,712,1151,439
R3,(karnof=80),population,0.999845,0.000155,216.697802,230.183319,232.716202,182,1151,969
R4,"(cd4=[148.00,392.00])",population,0.999915,0.000085,228.713675,230.183319,230.558342,234,1151,917
R5,"(age=[45.00,73.00]) & (raceth=1)",population,0.968475,0.031525,241.191781,230.183319,228.584080,146,1151,1005
R6,(ivdrug=1) & (strat2=0),population,0.999981,0.000019,222.827957,230.183319,233.695764,372,1151,779
R7,(strat2=0),population,0.999925,0.000075,226.936219,230.183319,232.185393,439,1151,712
