id,sg,baseline,fitness,pvalue,mean_sg,mean_pop,mean_cpm,size_sg,size_pop,size_cpm
R0,(condition=2.0),population,0.999984,0.000016,322.279070,561.259067,629.766667,43,193,150
R1,(site=1) & (n-staging=3) & (sex=male),population,0.998743,0.001257,305.850000,561.259067,590.786127,20,193,173
R2,(n-staging=3) & (t-staging=4) & (treatment=test),population,0.985087,0.014913,363.909091,561.259067,586.649123,22,193,171
R3,"(n-staging=3) & (age=[50.00,58.00))",population,0.991600,0.008400,367.400000,561.259067,583.670520,20,193,173
R4,(t-staging=4),population,0.971832,0.028168,425.742424,561.259067,631.685039,66,193,127
R5,(n-staging=3) & (grade=2.0),population,0.982185,0.017815,436.551020,561.259067,603.694444,49,193,144
R6,(n-staging=3) & (t-staging=4),population,0.981525,0.018475,396.894737,561.259067,601.554839,38,193,155
