id,sg,baseline,fitness,pvalue,mean_sg,mean_pop,mean_cpm,size_sg,size_pop,size_cpm
R0,(condition=2.0),population,0.999984,0.000016,322.279070,561.259067,629.766667,43,193,150
R1,(t-staging=4),population,0.971832,0.028168,425.742424,561.259067,631.685039,66,193,127
R2,(n-staging=3) & (t-staging=4) & (treatment=test),population,0.985087,0.014913,363.909091,561.259067,586.649123,22,193,171
R3,(site=1) & (sex=male) & (n-staging=3),population,0.998743,0.001257,305.850000,561.259067,590.786127,20,193,173
