id,sg,baseline,fitness,pvalue,mean_sg,mean_pop,mean_cpm,size_sg,size_pop,size_cpm
R0,"(age=[83.00,104.00]) & (chf=1)",population,1.000000,0.000000,291.724138,882.436000,959.950226,58,500,442
R1,"(age=[83.00,104.00])",population,1.000000,0.000000,559.716814,882.436000,976.666667,113,500,387
R2,(chf=1),population,1.000000,0.000000,593.593548,882.436000,1012.205797,155,500,345
R3,"(bmi=[13.00,22.00))",population,1.000000,0.000000,603.815217,882.436000,945.262255,92,500,408
R4,(mitype=0) & (chf=1),population,1.000000,0.000000,484.035398,882.436000,998.764858,113,500,387
R5,"(hr=[66.00,80.00))",population,0.988322,0.011678,1052.784314,882.436000,838.778894,102,500,398
R6,"(mitype=0) & (bmi=[13.00,22.00))",population,1.000000,0.000000,548.309859,882.436000,937.734266,71,500,429
