id,sg,baseline,fitness,pvalue,mean_sg,mean_pop,mean_cpm,size_sg,size_pop,size_cpm
R0,"(los=[34.80,76.00))",population,0.999995,0.000005,165.884956,241.565217,260.075758,113,575,462
R1,"(los=[3.00,34.80)) & (race=0)",population,1.000000,0.000000,101.696629,241.565217,267.179012,89,575,486
R2,"(los=[173.00,400.00])",population,1.000000,0.000000,398.862069,241.565217,201.812636,116,575,459
R3,"(los=[3.00,34.80))",population,1.000000,0.000000,120.043478,241.565217,271.945652,115,575,460
