id,sg,baseline,fitness,pvalue,mean_sg,mean_pop,mean_cpm,size_sg,size_pop,size_cpm
R0,"(age=[83.00,104.00])",population,1.000000,0.000000,559.716814,882.436000,976.666667,113,500,387
R1,"(chf=1) & (age=[83.00,104.00])",population,1.000000,0.000000,291.724138,882.436000,959.950226,58,500,442
R2,(chf=1),population,1.000000,0.000000,593.593548,882.436000,1012.205797,155,500,345
R3,(chf=1) & (mitype=0),population,1.000000,0.000000,484.035398,882.436000,998.764858,113,500,387
R4,"(bmi=[13.00,22.00))",population,1.000000,0.000000,603.815217,882.436000,945.262255,92,500,408
R5,"(age=[76.00,83.00))",population,0.976963,0.023037,722.966667,882.436000,917.441463,90,500,410
