id,sg,baseline,fitness,pvalue,mean_sg,mean_pop,mean_cpm,size_sg,size_pop,size_cpm
R0,"(pnodes=[4.00,8.00])",population,1.000000,0.000000,834.720280,1124.489796,1200.801105,143,686,543
R1,"(progrec=[0.00,3.00))",population,0.999992,0.000008,877.813953,1124.489796,1181.619390,129,686,557
R2,"(progrec=[3.00,20.00))",population,0.993149,0.006851,983.000000,1124.489796,1160.769231,140,686,546
