id,sg,baseline,fitness,pvalue,mean_sg,mean_pop,mean_cpm,size_sg,size_pop,size_cpm
R0,"(sex=1) & (ph-karno=[70.00,80.00))",population,0.999012,0.000988,196.294118,310.047619,322.854305,17,168,151
R1,"(pat-karno=[30.00,70.00))",population,0.997085,0.002915,220.000000,310.047619,329.623188,30,168,138
R2,"(sex=1) & (pat-karno=[30.00,70.00))",population,0.999498,0.000502,195.684211,310.047619,324.630872,19,168,149
R3,"(ph-karno=[70.00,80.00)) & (ph-ecog=2.0)",population,0.993664,0.006336,222.250000,310.047619,321.912162,20,168,148
R4,(ph-ecog=2.0),population,0.992019,0.007981,232.512821,310.047619,333.488372,39,168,129
R5,"(ph-ecog=2.0) & (age=[71.00,82.00])",population,0.995875,0.004125,193.200000,310.047619,325.837838,20,168,148
