id,sg,baseline,fitness,pvalue,mean_sg,mean_pop,mean_cpm,size_sg,size_pop,size_cpm
R0,(ulceration=1),population,0.998865,0.001135,1817.811111,2152.800000,2414.965217,90,205,115
R1,(sex=man) & (ulceration=1),population,0.999417,0.000583,1593.697674,2152.800000,2301.203704,43,205,162
R2,"(tumor-th=[2.00,4.00])",population,0.999522,0.000478,1635.800000,2152.800000,2298.206250,45,205,160
R3,"(tumor-th=[0.00,1.00))",population,0.969997,0.030003,2332.188679,2152.800000,2090.250000,53,205,152
R4,"(op-year=[1972.00,1977.00]) & (sex=woman)",population,0.962750,0.037250,1739.000000,2152.800000,2272.515723,46,205,159
R5,"(ulceration=1) & (tumor-th=[2.00,4.00])",population,0.999991,0.000009,1454.921053,2152.800000,2311.598802,38,205,167
