id,sg,baseline,fitness,pvalue,mean_sg,mean_pop,mean_cpm,size_sg,size_pop,size_cpm
R0,(strat2=0),population,0.999925,0.000075,226.936219,230.183319,232.185393,439,1151,712
R1,"(cd4=[0.00,17.00))",population,0.999994,0.000006,224.205240,230.183319,231.668113,229,1151,922
R2,(tx=1) & (strat2=1),population,0.999561,0.000439,236.540845,230.183319,227.347990,355,1151,796
R3,"(cd4=[0.00,17.00)) & (strat2=0)",population,0.999995,0.000005,224.242291,230.183319,231.642857,227,1151,924
R4,"(hemophil=0) & (cd4=[98.00,148.00))",population,0.995992,0.004008,236.837838,230.183319,228.593111,222,1151,929
R5,(strat2=1),population,0.999538,0.000462,232.185393,230.183319,226.936219,712,1151,439
