id,sg,baseline,fitness,pvalue,mean_sg,mean_pop,mean_cpm,size_sg,size_pop,size_cpm
R0,(strat2=0),population,0.999925,0.000075,226.936219,230.183319,232.185393,439,1151,712
R1,"(cd4=[0.00,17.00))",population,0.999994,0.000006,224.205240,230.183319,231.668113,229,1151,922
R2,"(cd4=[0.00,17.00)) & (strat2=0)",population,0.999995,0.000005,224.242291,230.183319,231.642857,227,1151,924
R3,(strat2=0) & (txgrp=1),population,1.000000,0.000000,217.351598,230.183319,233.198498,219,1151,932
R4,"(ivdrug=1) & (cd4=[0.00,17.00))",population,0.999997,0.000003,220.628141,230.183319,232.180672,199,1151,952
R5,"(cd4=[98.00,148.00))",population,0.993609,0.006391,236.013100,230.183319,228.735358,229,1151,922
R6,(strat2=1),population,0.999538,0.000462,232.185393,230.183319,226.936219,712,1151,439
