id,sg,baseline,fitness,pvalue,mean_sg,mean_pop,mean_cpm,size_sg,size_pop,size_cpm
R0,(PATH_N_STAGE=N1b),population,0.994821,0.005179,12.951220,24.102410,25.673540,41,332,291
R1,(WGS_STATUS=No) & (PATH_N_STAGE=N1b),population,0.995104,0.004896,13.333333,24.102410,25.535836,39,332,293
R2,(MRNA_CLUSTER=5.0) & (WGS_STATUS=No),population,0.978966,0.021034,27.576271,24.102410,23.351648,59,332,273
R3,(MRNA_CLUSTER=5.0),population,0.973331,0.026669,26.323944,24.102410,23.498084,71,332,261
R4,(PATH_N_STAGE=N0) & (TUMOR_STATUS=TUMOR FREE),population,0.988004,0.011996,25.134752,24.102410,23.340314,141,332,191
R5,(PATH_N_STAGE=N1b) & (RISK_GROUP=Intermediate),population,0.997769,0.002231,13.222222,24.102410,25.425676,36,332,296
R6,(MIRNA_CLUSTER=6.0) & (MRNA_CLUSTER=5.0),population,0.988577,0.011423,27.620690,24.102410,23.357664,58,332,274
R7,(PRIMARY_EXOME=Yes) & (MRNA_CLUSTER=5.0) & (ARM_SCNA_CLUSTER=Quiet),population,0.973592,0.026408,27.914894,24.102410,23.473684,47,332,285
