id,sg,baseline,fitness,pvalue,mean_sg,mean_pop,mean_cpm,size_sg,size_pop,size_cpm
R0,"(age=[74.00,87.00])",population,1.000000,0.000000,2673.717949,5390.130682,6163.416058,39,176,137
R1,"(age=[34.00,53.00))",population,0.999933,0.000067,8671.933333,5390.130682,4715.787671,30,176,146
R2,"(alb=[2.00,3.00))",population,0.978394,0.021606,3882.860465,5390.130682,5877.443609,43,176,133
R3,"(pcdx=not-prog) & (age=[74.00,87.00])",population,1.000000,0.000000,2608.736842,5390.130682,6156.021739,38,176,138
R4,"(sex=male) & (alb=[2.00,3.00))",population,0.999666,0.000334,3073.740741,5390.130682,5809.879195,27,176,149
