id,sg,baseline,fitness,pvalue,mean_sg,mean_pop,mean_cpm,size_sg,size_pop,size_cpm
R0,"(chf=1) & (age=[83.00,104.00])",population,1.000000,0.000000,291.724138,882.436000,959.950226,58,500,442
R1,"(age=[83.00,104.00])",population,1.000000,0.000000,559.716814,882.436000,976.666667,113,500,387
R2,(mitype=0) & (chf=1),population,1.000000,0.000000,484.035398,882.436000,998.764858,113,500,387
R3,(chf=1),population,1.000000,0.000000,593.593548,882.436000,1012.205797,155,500,345
R4,(chf=1) & (miord=1),population,1.000000,0.000000,472.196970,882.436000,944.822581,66,500,434
