id,sg,baseline,fitness,pvalue,mean_sg,mean_pop,mean_cpm,size_sg,size_pop,size_cpm
R0,(condition=2.0),population,0.999984,0.000016,322.279070,561.259067,629.766667,43,193,150
R1,(site=1) & (n-staging=3),population,0.975345,0.024655,396.625000,561.259067,584.639053,24,193,169
R2,(n-staging=3) & (t-staging=4) & (treatment=test),population,0.985087,0.014913,363.909091,561.259067,586.649123,22,193,171
R3,"(n-staging=3) & (age=[50.00,58.00))",population,0.991600,0.008400,367.400000,561.259067,583.670520,20,193,173
