id,sg,baseline,fitness,pvalue,mean_sg,mean_pop,mean_cpm,size_sg,size_pop,size_cpm
R0,(condition=2.0),population,0.999984,0.000016,322.279070,561.259067,629.766667,43,193,150
R1,(n-staging=3) & (site=1),population,0.975345,0.024655,396.625000,561.259067,584.639053,24,193,169
R2,(t-staging=4) & (n-staging=3) & (treatment=test),population,0.985087,0.014913,363.909091,561.259067,586.649123,22,193,171
R3,(sex=male) & (t-staging=4),population,0.973631,0.026369,425.622642,561.259067,612.607143,53,193,140
R4,(t-staging=4) & (n-staging=3),population,0.981525,0.018475,396.894737,561.259067,601.554839,38,193,155
