id,sg,baseline,fitness,pvalue,mean_sg,mean_pop,mean_cpm,size_sg,size_pop,size_cpm
R0,"(chf=1) & (age=[83.00,104.00])",population,1.000000,0.000000,291.724138,882.436000,959.950226,58,500,442
R1,(chf=1),population,1.000000,0.000000,593.593548,882.436000,1012.205797,155,500,345
R2,"(age=[83.00,104.00])",population,1.000000,0.000000,559.716814,882.436000,976.666667,113,500,387
R3,"(bmi=[13.00,22.00))",population,1.000000,0.000000,603.815217,882.436000,945.262255,92,500,408
R4,"(age=[30.00,56.00))",population,1.000000,0.000000,1139.851064,882.436000,822.837438,94,500,406
R5,"(mitype=0) & (bmi=[13.00,22.00))",population,1.000000,0.000000,548.309859,882.436000,937.734266,71,500,429
R6,(chf=1) & (miord=1),population,1.000000,0.000000,472.196970,882.436000,944.822581,66,500,434
