id,sg,baseline,fitness,pvalue,mean_sg,mean_pop,mean_cpm,size_sg,size_pop,size_cpm
R0,(stage-1=3.0),population,1.000000,0.000000,835.796339,1145.351831,1436.894397,437,901,464
R1,(stage-4=1.0),population,1.000000,0.000000,775.654054,1145.351831,1240.874302,185,901,716
R2,(op=0),population,1.000000,0.000000,800.710106,1145.351831,1392.180952,376,901,525
R3,(stage-1=1.0),population,1.000000,0.000000,1523.172805,1145.351831,901.974453,353,901,548
