id,sg,baseline,fitness,pvalue,mean_sg,mean_pop,mean_cpm,size_sg,size_pop,size_cpm
R0,"(pnodes=[4.00,8.00])",population,1.000000,0.000000,834.720280,1124.489796,1200.801105,143,686,543
R1,"(progrec=[0.00,3.00))",population,0.999992,0.000008,877.813953,1124.489796,1181.619390,129,686,557
R2,"(estrec=[0.00,4.00))",population,0.999654,0.000346,941.507812,1124.489796,1166.464158,128,686,558
R3,(tgrade=I),population,0.999712,0.000288,1331.790123,1124.489796,1096.735537,81,686,605
