id,sg,baseline,fitness,pvalue,mean_sg,mean_pop,mean_cpm,size_sg,size_pop,size_cpm
R0,"(cd4=[148.00,392.00])",population,0.999915,0.000085,228.713675,230.183319,230.558342,234,1151,917
R1,"(strat2=0) & (cd4=[0.00,17.00))",population,0.999995,0.000005,224.242291,230.183319,231.642857,227,1151,924
R2,(strat2=0),population,0.999925,0.000075,226.936219,230.183319,232.185393,439,1151,712
R3,"(ivdrug=1) & (strat2=0) & (cd4=[0.00,17.00))",population,0.999998,0.000002,220.828283,230.183319,232.126967,198,1151,953
R4,"(cd4=[0.00,17.00))",population,0.999994,0.000006,224.205240,230.183319,231.668113,229,1151,922
R5,(karnof=100),population,0.990468,0.009532,229.888889,230.183319,230.337748,396,1151,755
R6,(strat2=1),population,0.999538,0.000462,232.185393,230.183319,226.936219,712,1151,439
