id,sg,baseline,fitness,pvalue,mean_sg,mean_pop,mean_cpm,size_sg,size_pop,size_cpm
R0,(strat2=0) & (ivdrug=1),population,0.999981,0.000019,222.827957,230.183319,233.695764,372,1151,779
R1,(karnof=100),population,0.990468,0.009532,229.888889,230.183319,230.337748,396,1151,755
R2,"(cd4=[0.00,17.00))",population,0.999994,0.000006,224.205240,230.183319,231.668113,229,1151,922
R3,(hemophil=0) & (strat2=0),population,0.999930,0.000070,227.134752,230.183319,231.954670,423,1151,728
R4,(strat2=1),population,0.999538,0.000462,232.185393,230.183319,226.936219,712,1151,439
