id,sg,baseline,fitness,pvalue,mean_sg,mean_pop,mean_cpm,size_sg,size_pop,size_cpm
R0,"(cd4=[0.00,17.00)) & (strat2=0) & (ivdrug=1)",population,0.999998,0.000002,220.828283,230.183319,232.126967,198,1151,953
R1,(strat2=0),population,0.999925,0.000075,226.936219,230.183319,232.185393,439,1151,712
R2,(strat2=0) & (txgrp=1),population,1.000000,0.000000,217.351598,230.183319,233.198498,219,1151,932
R3,(hemophil=0) & (strat2=0),population,0.999930,0.000070,227.134752,230.183319,231.954670,423,1151,728
R4,"(strat2=0) & (cd4=[0.00,17.00))",population,0.999995,0.000005,224.242291,230.183319,231.642857,227,1151,924
R5,(strat2=1),population,0.999538,0.000462,232.185393,230.183319,226.936219,712,1151,439
