id,sg,baseline,fitness,pvalue,mean_sg,mean_pop,mean_cpm,size_sg,size_pop,size_cpm
R0,"(sb=[2.00,4.00]) & (hist-stage=4)",population,1.000000,0.000000,859.411765,1979.166667,2136.487603,34,276,242
R1,"(sb=[2.00,4.00]) & (ptb=[10.00,10.00])",population,1.000000,0.000000,932.111111,1979.166667,2136.225000,36,276,240
R2,"(sb=[2.00,4.00]) & (hp=yes)",population,1.000000,0.000000,1084.408163,1979.166667,2172.308370,49,276,227
R3,"(sb=[2.00,4.00])",population,1.000000,0.000000,1170.919355,1979.166667,2213.331776,62,276,214
R4,"(uc=[4.00,39.00)) & (hp=no)",population,0.999446,0.000554,2723.125000,1979.166667,1853.072034,40,276,236
R5,"(hist-stage=4) & (age=[21483.00,28650.00])",population,1.000000,0.000000,1158.862069,1979.166667,2075.477733,29,276,247
R6,"(sb=[0.00,0.00))",population,0.999997,0.000003,2546.272727,1979.166667,1713.712766,88,276,188
R7,"(hist-stage=4) & (sb=[2.00,4.00]) & (sex=female)",population,1.000000,0.000000,776.896552,1979.166667,2120.323887,29,276,247
