id,sg,baseline,fitness,pvalue,mean_sg,mean_pop,mean_cpm,size_sg,size_pop,size_cpm
R0,"(age=[83.00,104.00]) & (chf=1)",population,1.000000,0.000000,291.724138,882.436000,959.950226,58,500,442
R1,(chf=1),population,1.000000,0.000000,593.593548,882.436000,1012.205797,155,500,345
R2,"(age=[83.00,104.00])",population,1.000000,0.000000,559.716814,882.436000,976.666667,113,500,387
R3,(chf=1) & (mitype=0),population,1.000000,0.000000,484.035398,882.436000,998.764858,113,500,387
